Symbol,Date,DelivQty,DelivPct,TotalQty,Trades,Close
20MICRONS,2026-09-22,47761,29.16,163799,4687,216.45
21STCENMGM,2026-09-22,1095,44.69,2450,27,39.62
360ONE,2026-09-22,167813,49.51,338935,19929,1073.5
3BBLACKBIO,2026-09-22,3918,59.38,6598,893,1369.3
3MINDIA,2026-09-22,2035,46.6,4367,2377,34220.0
3PLAND,2026-09-22,16291,19.01,85714,846,30.74
5PAISA,2026-09-22,5630,54.8,10273,695,315.3
63MOONS,2026-09-22,349675,20.41,1713258,88274,841.75
A2ZINFRA,2026-09-22,56559,57.74,97954,371,14.73
AAATECH,2026-09-22,11384,9.31,122242,453,93.73
AADHARHFC,2026-09-22,200758,55.5,361745,19004,457.85
AAKASH,2026-09-22,38976,85.33,45676,220,8.96
AAREYDRUGS,2026-09-22,164907,58.51,281824,1412,102.52
AARON,2026-09-22,18991,72.22,26297,674,120.48
AARTIDRUGS,2026-09-22,65611,52.87,124108,5652,425.75
AARTIIND,2026-09-22,214636,44.84,478713,22353,496.0
AARTIPHARM,2026-09-22,378143,26.99,1401079,61760,883.75
AARVI,2026-09-22,3483,77.62,4487,122,138.18
AASTHA,2026-09-22,517834,38.79,1334826,4244,81.62
AAVAS,2026-09-22,86765,67.26,128992,14180,1313.1
ABANSENT,2026-09-22,4506,66.26,6800,104,27.29
ABB,2026-09-22,82785,42.09,196683,28094,7120.5
ABBOTINDIA,2026-09-22,2734,61.66,4434,2290,27225.0
ABCAPITAL,2026-09-22,1517166,63.82,2377189,34220,397.0
ABCOTS,2026-09-22,4342,70.34,6173,161,205.25
ABDL,2026-09-22,320791,40.19,798258,30230,647.9
ABFRL,2026-09-22,1402946,51.12,2744633,13497,49.22
ABGSEC,2026-09-22,49,66.22,74,12,114.15
ABLBL,2026-09-22,188570,58.5,322317,5424,80.74
ABMKNO,2026-09-22,1,50.0,2,2,173.34
ABREL,2026-09-22,100946,55.05,183365,17157,1201.1
ABSL10BANK,2026-09-22,6655,91.77,7252,60,164.29
ABSLAMC,2026-09-22,70524,50.59,139392,15311,1027.0
ABSLBANETF,2026-09-22,374288,95.02,393885,224,57.75
ABSLLIQUID,2026-09-22,7101,77.13,9206,24,1000.0
ABSLMSCIN,2026-09-22,127,99.22,128,12,28.8
ABSLNN50ET,2026-09-22,6217,65.75,9456,181,75.97
ABSLPSE,2026-09-22,22840,32.14,71073,297,10.0
ACC,2026-09-22,36471,45.67,79866,8672,1238.2
ACCELYA,2026-09-22,2955,69.19,4271,450,1118.8
ACE,2026-09-22,118637,50.02,237158,17819,1241.9
ACEINTEG,2026-09-22,5291,62.28,8495,108,17.31
ACGL,2026-09-22,915,83.03,1102,219,1728.5
ACI,2026-09-22,64383,47.18,136463,6797,463.05
ACL,2026-09-22,7431,80.98,9176,184,42.92
ACMESOLAR,2026-09-22,1462676,39.51,3701858,106363,458.65
ACUTAAS,2026-09-22,253764,52.54,482993,54583,3213.7
ADANIENSOL,2026-09-22,1083494,60.48,1791593,34483,1381.7
ADANIENT,2026-09-22,212395,26.76,793747,39827,2997.0
ADANIGREEN,2026-09-22,114074,26.07,437524,17934,1304.0
ADANIPORTS,2026-09-22,354243,40.63,871935,46336,1795.0
ADANIPOWER,2026-09-22,5306191,44.78,11848251,60195,206.96
ADDIND,2026-09-22,1057,94.8,1115,41,76.7
ADFFOODS,2026-09-22,26542,50.32,52750,2826,263.15
ADL,2026-09-22,58,86.57,67,24,69.0
ADOR,2026-09-22,10753,47.53,22625,2632,1594.8
ADROITINFO,2026-09-22,187988,72.98,257593,1088,12.17
ADSL,2026-09-22,30345,51.07,59418,1444,96.44
ADVAIT,2026-09-22,9445,48.24,19580,2931,2005.6
ADVANCE,2026-09-22,59436,64.16,92635,1103,108.14
ADVANIHOTR,2026-09-22,13738,73.63,18657,327,47.78
ADVENTHTL,2026-09-22,63483,65.41,97052,1427,126.76
ADVENZYMES,2026-09-22,117697,48.01,245144,6556,296.6
ADVIKCA,2026-09-22,268788,87.4,307535,300,0.95
AEGISLOG,2026-09-22,719656,32.76,2196787,96089,1424.5
AEGISVOPAK,2026-09-22,1269967,40.59,3129116,64308,301.4
AEPL,2026-09-22,30448,75.11,40538,307,16.35
AEQUS,2026-09-22,1632965,44.51,3668716,56410,242.87
AEROENTER,2026-09-22,160446,50.48,317838,4384,123.6
AEROFLEX,2026-09-22,267722,35.77,748519,22851,516.7
AERONEU,2026-09-22,13965,43.86,31837,229,66.06
AEROPLANE,2026-09-22,352558,42.25,834421,10771,204.8
AETHER,2026-09-22,90774,56.87,159611,15356,1643.5
AFCONS,2026-09-22,370193,32.53,1138018,18995,260.35
AFFLE,2026-09-22,43558,58.56,74378,11569,1592.3
AFFORDABLE,2026-09-22,11297,67.61,16709,503,170.77
AFIL,2026-09-22,342251,84.91,403059,750,8.32
AFSL,2026-09-22,6201,88.26,7026,51,201.0
AGARIND,2026-09-22,13318,57.43,23190,1276,405.8
AGARWALEYE,2026-09-22,214251,70.54,303733,20010,493.05
AGI,2026-09-22,194837,40.86,476790,31716,845.7
AGIIL,2026-09-22,168413,33.87,497300,8079,269.3
AGL,2026-09-22,659761,44.82,1471915,3189,13.94
AGRITECH,2026-09-22,1304,69.88,1866,102,97.38
AGROPHOS,2026-09-22,23136,59.57,38838,370,23.97
AHCL,2026-09-22,15239139,21.76,70018561,121813,28.86
AHLADA,2026-09-22,964,67.37,1431,67,37.28
AHLEAST,2026-09-22,400,84.75,472,30,135.13
AHLUCONT,2026-09-22,17967,62.49,28751,2135,582.4
AIAENG,2026-09-22,9865,54.79,18004,7092,3923.4
AIIL,2026-09-22,41251,46.56,88597,6013,546.9
AIRAN,2026-09-22,78755,67.53,116617,669,17.02
AIROLAM,2026-09-22,3549,76.55,4636,66,87.69
AJANTPHARM,2026-09-22,57628,54.23,106260,14013,3519.3
AJAXENGG,2026-09-22,20982,53.41,39283,5891,564.6
AJMERA,2026-09-22,88702,44.52,199233,2608,119.87
AJOONI,2026-09-22,197462,84.76,232957,431,3.16
AKASH,2026-09-22,2139,58.88,3633,35,24.99
AKCAPIT,2026-09-22,1278,96.31,1327,77,1766.8
AKG,2026-09-22,5401,67.08,8052,146,10.2
AKSHAR,2026-09-22,470443,74.39,632399,239,0.41
AKUMS,2026-09-22,133989,51.03,262560,14426,807.9
ALANKIT,2026-09-22,267257,62.98,424375,1170,7.94
ALBERTDAVD,2026-09-22,1897,72.93,2601,305,848.9
ALEMBICLTD,2026-09-22,259180,36.53,709434,8650,104.79
ALFREDHE,2026-09-22,101,100.0,101,48,2811.0
ALGOQUANT,2026-09-22,317383,26.69,1189233,5128,72.24
ALICON,2026-09-22,29306,64.83,45206,3165,744.5
ALIVUS,2026-09-22,48865,54.34,89919,12266,1374.2
ALKALI,2026-09-22,85002,33.74,251907,3585,103.2
ALKEM,2026-09-22,69420,73.15,94905,14122,5331.5
ALKYLAMINE,2026-09-22,11303,42.15,26813,4830,1863.8
ALLCARGO,2026-09-22,2014528,38.84,5186068,5503,10.93
ALLDIGI,2026-09-22,2441,39.71,6147,913,784.6
ALLTIME,2026-09-22,33688,49.8,67645,1281,203.73
ALMONDZ,2026-09-22,318997,78.25,407680,737,18.65
ALOKINDS,2026-09-22,10557837,36.22,29145200,16506,7.34
ALPA,2026-09-22,7488,65.55,11423,204,61.36
ALPHA,2026-09-22,488341,63.39,770430,2874,53.16
ALPHAETF,2026-09-22,2030501,93.08,2181529,805,26.13
ALPINETEX,2026-09-22,116837,59.31,196992,3532,52.36
ALPL30IETF,2026-09-22,144318,59.2,243771,911,27.03
ALUFLUOR,2026-09-22,3569,79.61,4483,271,543.35
AMAGI,2026-09-22,260264,35.02,743158,35902,581.1
AMAL,2026-09-22,11922,73.08,16314,677,711.9
AMARJOTHI,2026-09-22,101,79.53,127,21,148.91
AMBER,2026-09-22,33598,35.35,95036,13284,7000.0
AMBICAAGAR,2026-09-22,35536,91.61,38792,161,24.83
AMBIKCO,2026-09-22,4368,51.9,8416,1038,1577.7
AMBUJACEM,2026-09-22,633258,54.8,1155681,15725,386.9
AMJLAND,2026-09-22,2498,54.96,4545,147,37.75
AMNPLST,2026-09-22,2944,47.28,6227,234,169.65
AMRUTANJAN,2026-09-22,17924,57.86,30980,2279,500.05
ANANDRATHI,2026-09-22,277767,57.18,485812,40492,2179.0
ANANTRAJ,2026-09-22,728796,43.86,1661656,40385,610.1
ANDHRAPAP,2026-09-22,134162,34.56,388193,4109,71.43
ANDHRSUGAR,2026-09-22,130001,28.94,449168,11748,95.35
ANDREWYU,2026-09-22,20071,63.7,31507,464,26.49
ANGELONE,2026-09-22,845983,38.09,2221167,28397,295.1
ANIKINDS,2026-09-22,2791,81.18,3438,56,42.99
ANNAPURNA,2026-09-22,48169,73.26,65755,987,131.71
ANNU,2026-09-22,362833,32.61,1112623,8168,54.17
ANSALBU,2026-09-22,17301,53.29,32466,1081,90.12
ANTELOPUS,2026-09-22,105475,16.49,639484,29095,1110.4
ANTGRAPHIC,2026-09-22,144861,79.62,181944,164,0.71
ANTHEM,2026-09-22,241578,48.36,499529,30154,891.7
ANUHPHR,2026-09-22,61310,57.73,106195,2023,93.48
ANUP,2026-09-22,15125,50.63,29875,4655,1663.0
ANURAS,2026-09-22,558295,45.83,1218193,46379,1197.9
AONEGOLD,2026-09-22,205427,56.82,361549,1434,14.11
AONELIQUID,2026-09-22,3340,79.9,4180,61,1077.87
AONENIFTY,2026-09-22,93760,79.21,118375,1037,9.67
AONESILVER,2026-09-22,298272,67.68,440688,1155,8.8
AONETMMQ50,2026-09-22,20308,48.83,41593,186,10.16
AONETOTAL,2026-09-22,33923,42.59,79655,862,11.68
APARINDS,2026-09-22,94852,45.81,207076,55177,18233.0
APCL,2026-09-22,1938,66.64,2908,115,94.8
APCOTEXIND,2026-09-22,40121,53.34,75211,4350,609.45
APEX,2026-09-22,37717,44.38,84991,3339,356.9
APLAPOLLO,2026-09-22,380732,63.57,598956,40247,2195.0
APLLTD,2026-09-22,50105,48.16,104047,8899,840.15
APOLLO,2026-09-22,3493532,25.39,13757604,141622,406.75
APOLLOHOSP,2026-09-22,243603,69.5,350507,37263,8835.5
APOLLOPIPE,2026-09-22,32507,39.97,81329,4117,526.1
APOLLOTYRE,2026-09-22,328583,54.67,600980,21144,402.55
APOLSINHOT,2026-09-22,270,71.43,378,84,1223.3
APOORVA,2026-09-22,1601,99.38,1611,21,33.89
APTECHT,2026-09-22,62628,51.93,120592,1655,91.78
APTUS,2026-09-22,2906566,81.48,3567063,29091,242.08
AQYLON,2026-09-22,385366,62.0,621543,1976,19.8
ARCHIDPLY,2026-09-22,34836,78.32,44478,965,107.68
ARCHIES,2026-09-22,5232,80.32,6514,64,12.75
ARCIL,2026-09-22,1445000,43.26,3340524,38706,138.91
ARCL,2026-09-22,8500,89.62,9484,125,262.06
ARDEE,2026-09-22,2566133,22.0,11664894,47549,52.08
ARE&M,2026-09-22,182652,47.08,387946,20631,793.2
ARENTERP,2026-09-22,2793,57.95,4820,117,34.77
ARFIN,2026-09-22,228792,24.57,931091,5798,89.28
ARIHANT,2026-09-22,343,44.37,773,217,923.9
ARIHANTCAP,2026-09-22,1214014,20.01,6068298,43506,90.99
ARIHANTSUP,2026-09-22,2207,85.54,2580,138,234.9
ARIS,2026-09-22,657304,32.73,2008186,18875,140.1
ARKADE,2026-09-22,153184,51.57,297017,4847,128.4
ARMANFIN,2026-09-22,8532,56.57,15081,3168,1974.9
AROGRANITE,2026-09-22,2010,87.2,2305,107,23.09
ARROWGREEN,2026-09-22,60701,40.86,148575,10721,913.05
ARSSBL,2026-09-22,46622,52.15,89398,3086,496.25
ARTEMISMED,2026-09-22,109957,40.05,274562,12276,340.85
ARTNIRMAN,2026-09-22,680,93.28,729,22,40.49
ARVEE,2026-09-22,47793,20.78,229982,5307,236.07
ARVIND,2026-09-22,130863,41.73,313593,13889,533.55
ARVINDFASN,2026-09-22,49341,49.13,100434,8991,419.4
ARVSMART,2026-09-22,36882,51.9,71059,3837,588.2
ARYAMAN,2026-09-22,21,100.0,21,2,633.95
ASAHIINDIA,2026-09-22,35514,49.45,71821,6976,965.15
ASAL,2026-09-22,8849,72.15,12265,547,449.15
ASALCBR,2026-09-22,11605,54.86,21155,2059,651.8
ASHAPURMIN,2026-09-22,161306,36.86,437634,16850,537.35
ASHIANA,2026-09-22,46745,27.5,169995,7979,385.0
ASHIMASYN,2026-09-22,142152,82.49,172316,336,15.68
ASHOKA,2026-09-22,231648,50.96,454581,4590,111.96
ASHOKAMET,2026-09-22,52879,67.38,78479,369,14.3
ASHOKLEY,2026-09-22,4408407,49.2,8959874,52587,160.75
ASIANENE,2026-09-22,62079,43.74,141941,6049,489.6
ASIANHOTNR,2026-09-22,3384,53.95,6272,417,385.1
ASIANPAINT,2026-09-22,205383,49.52,414715,35810,2448.5
ASIANTILES,2026-09-22,412919,37.68,1095832,3949,50.09
ASIANTNE,2026-09-22,2729,82.95,3290,53,9.38
ASKAUTOLTD,2026-09-22,167365,38.39,435952,23422,663.4
ASMS,2026-09-22,158377,84.46,187513,600,6.61
ASPINWALL,2026-09-22,2812,86.28,3259,64,252.35
ASSAMENT,2026-09-22,25,92.59,27,4,788.0
ASTAR,2026-09-22,1081,34.45,3138,345,702.45
ASTEC,2026-09-22,115444,5.49,2103437,83393,794.5
ASTERDM,2026-09-22,332052,56.65,586106,38343,750.7
ASTRAL,2026-09-22,249557,59.48,419577,18027,1381.6
ASTRAMICRO,2026-09-22,93399,51.76,180438,18347,1616.3
ASTRAZEN,2026-09-22,1912,42.14,4537,1709,6711.5
ATALREAL,2026-09-22,1830838,28.19,6493632,5423,13.07
ATAM,2026-09-22,4300,39.38,10919,242,58.27
ATGL,2026-09-22,299748,24.69,1213917,33937,626.25
ATHERENERG,2026-09-22,1217841,35.55,3426121,97135,1543.8
ATL,2026-09-22,55189,54.39,101478,1063,24.35
ATLANTAA,2026-09-22,22927,74.85,30631,419,35.64
ATLANTAELE,2026-09-22,39406,55.01,71639,7878,1664.9
ATLASCYCLE,2026-09-22,19973,75.19,26564,340,93.55
ATUL,2026-09-22,71078,76.49,92926,10523,6176.5
ATULAUTO,2026-09-22,20553,57.67,35641,2207,446.6
AUBANK,2026-09-22,259892,51.31,506494,19666,1036.4
AUGMONT,2026-09-22,350597,31.44,1115175,43838,853.35
AURIONPRO,2026-09-22,73980,60.19,122905,7211,681.9
AUROPHARMA,2026-09-22,521307,59.93,869831,45670,1700.0
AURUM,2026-09-22,75026,70.7,106125,1581,222.04
AURUS,2026-09-22,5190,56.31,9217,142,4.89
AUSOMENT,2026-09-22,4325,68.91,6276,147,147.23
AUSTENG,2026-09-22,49245,63.42,77654,910,162.85
AUTOAXLES,2026-09-22,3543,77.9,4548,541,1664.4
AUTOBEES,2026-09-22,118259,67.55,175061,1990,280.12
AUTOIETF,2026-09-22,153896,53.19,289352,1546,28.19
AUTOIND,2026-09-22,82307,54.32,151528,3018,84.82
AVADHSUGAR,2026-09-22,26942,39.76,67763,4673,732.8
AVALON,2026-09-22,101305,25.61,395562,37254,2468.5
AVANCE,2026-09-22,3639620,52.9,6880158,1616,0.86
AVANTEL,2026-09-22,362196,46.06,786281,10049,146.71
AVANTIFEED,2026-09-22,89687,48.02,186772,12754,753.15
AVL,2026-09-22,30344,46.4,65399,6575,627.1
AVONMORE,2026-09-22,63256,66.05,95776,535,12.87
AVROIND,2026-09-22,569216,74.32,765860,1315,7.24
AVTNPL,2026-09-22,894832,19.68,4546154,55852,98.26
AWFIS,2026-09-22,168048,45.16,372113,10511,266.55
AWHCL,2026-09-22,25565,38.43,66519,2799,364.3
AWL,2026-09-22,563399,48.72,1156490,16705,183.1
AXISBANK,2026-09-22,1412409,52.52,2689110,108682,1242.7
AXISCADES,2026-09-22,91171,49.61,183778,16362,1891.1
AXITA,2026-09-22,371615,41.95,885885,841,7.99
AXTEL,2026-09-22,3855,78.8,4892,287,439.15
AYE,2026-09-22,338792,44.72,757630,16621,183.43
AYMSYNTEX,2026-09-22,49657,53.78,92341,3652,295.4
AZAD,2026-09-22,82374,34.95,235668,23204,2776.2
AZADIND,2026-09-22,20398,35.05,58205,1190,78.44
BAGFILMS,2026-09-22,40387,86.78,46537,122,4.31
BAIDFIN,2026-09-22,50818,65.72,77323,305,10.55
BAJAJ-AUTO,2026-09-22,74823,48.35,154756,36343,11363.0
BAJAJCON,2026-09-22,289138,59.73,484075,15737,513.75
BAJAJELEC,2026-09-22,33692,45.11,74689,2830,323.45
BAJAJFINSV,2026-09-22,199690,49.3,405051,28986,1823.4
BAJAJHCARE,2026-09-22,33094,43.95,75304,8506,336.1
BAJAJHFL,2026-09-22,997049,57.12,1745461,17179,83.12
BAJAJHIND,2026-09-22,3606060,27.23,13242731,19244,20.29
BAJAJHLDNG,2026-09-22,44239,61.85,71522,13509,11185.0
BAJAJINDEF,2026-09-22,59847,48.19,124201,1615,219.02
BAJAJST,2026-09-22,3214,62.69,5127,467,348.05
BAJEL,2026-09-22,59405,54.66,108677,2819,172.47
BAJFINANCE,2026-09-22,2905378,63.41,4581750,91695,1008.8
BALAJEE,2026-09-22,14743,61.09,24134,299,25.19
BALAJITELE,2026-09-22,32152,55.87,57550,1082,93.71
BALAMINES,2026-09-22,28042,33.45,83836,10055,2138.9
BALAXI,2026-09-22,13374,59.48,22486,108,23.12
BALKRISHNA,2026-09-22,1343,71.93,1867,33,16.41
BALKRISIND,2026-09-22,51812,50.27,103064,18710,2216.9
BALMLAWRIE,2026-09-22,36392,20.37,178669,2435,167.43
BALPHARMA,2026-09-22,40518,44.05,91977,1583,108.16
BALRAMCHIN,2026-09-22,354597,27.42,1293003,35520,661.05
BALUFORGE,2026-09-22,255040,45.3,563043,17860,505.25
BANARBEADS,2026-09-22,397,61.27,648,73,111.28
BANARISUG,2026-09-22,412,54.5,756,177,3322.8
BANCOINDIA,2026-09-22,29016,52.61,55149,5482,605.65
BANDHANBNK,2026-09-22,12311295,55.26,22278301,66785,184.7
BANG,2026-09-22,16202,62.58,25889,446,32.46
BANK10ADD,2026-09-22,8731,62.19,14040,111,16.56
BANK10BETF,2026-09-22,175,99.43,176,12,20.5
BANKA,2026-09-22,1719,63.78,2695,52,76.14
BANKADD,2026-09-22,531,54.69,971,42,57.68
BANKBARODA,2026-09-22,2074453,54.78,3787052,30532,234.35
BANKBEES,2026-09-22,351221,73.62,477077,6793,583.52
BANKBETA,2026-09-22,565840,96.85,584220,279,58.21
BANKBETF,2026-09-22,2454,40.72,6026,257,57.2
BANKETF,2026-09-22,20966,74.73,28055,1449,573.85
BANKIETF,2026-09-22,77120,60.97,126483,1152,57.86
BANKINDIA,2026-09-22,1586962,50.99,3112072,24245,137.01
BANKNIFTY1,2026-09-22,97640,66.26,147348,613,58.4
BANKPSU,2026-09-22,2518,59.25,4250,124,83.55
BANSALWIRE,2026-09-22,27077,59.4,45581,1818,315.25
BANSWRAS,2026-09-22,26926,71.32,37753,953,113.33
BASF,2026-09-22,8889,52.4,16963,3688,3572.2
BATAINDIA,2026-09-22,57132,46.75,122211,9063,631.75
BATLIBOI,2026-09-22,10555,68.01,15519,425,82.96
BAYERCROP,2026-09-22,15985,51.01,31340,9689,3765.8
BBETF0432,2026-09-22,568,84.02,676,24,1343.32
BBL,2026-09-22,8063,52.22,15439,3214,2220.4
BBNPNBETF,2026-09-22,436,97.54,447,17,56.52
BBNPPGOLD,2026-09-22,1309,83.64,1565,75,146.6
BBOX,2026-09-22,220690,33.19,664899,32109,810.05
BBTC,2026-09-22,19696,40.43,48718,4648,1460.4
BBTCL,2026-09-22,1600,82.77,1933,128,234.0
BCG,2026-09-22,2686897,51.28,5240142,5302,9.6
BCLIND,2026-09-22,224043,53.38,419750,2132,33.48
BCONCEPTS,2026-09-22,4756,70.24,6771,337,152.58
BCPL,2026-09-22,5007,66.64,7514,337,69.31
BDL,2026-09-22,156848,29.97,523381,18609,1168.0
BEARDSELL,2026-09-22,29024,73.85,39301,352,24.41
BECTORFOOD,2026-09-22,481675,37.5,1284560,26455,217.81
BEDMUTHA,2026-09-22,3507,85.16,4118,87,102.57
BEEKAY,2026-09-22,272,77.94,349,50,420.8
BEL,2026-09-22,5176429,60.98,8488775,88270,397.9
BELLACASA,2026-09-22,16468,77.54,21237,828,279.3
BELRISE,2026-09-22,2223405,46.17,4815462,56204,244.74
BEML,2026-09-22,69274,31.34,221034,17731,2096.8
BENARAS,2026-09-22,49,94.23,52,18,10254.0
BENGALASM,2026-09-22,91,59.87,152,72,6173.5
BEPL,2026-09-22,454602,27.3,1665214,14973,130.23
BERGEPAINT,2026-09-22,247889,54.54,454498,15739,452.6
BESTAGRO,2026-09-22,265580,41.47,640357,1777,18.34
BETA,2026-09-22,7166,35.27,20315,3277,2105.0
BFINVEST,2026-09-22,6791,59.7,11376,745,443.75
BFSI,2026-09-22,96712,53.41,181085,818,26.46
BFUTILITIE,2026-09-22,15956,51.51,30977,1495,527.45
BHAGCHEM,2026-09-22,44228,53.25,83051,1792,243.85
BHAGERIA,2026-09-22,130178,58.85,221218,3658,345.25
BHAGYANGR,2026-09-22,52421,45.56,115065,5152,426.05
BHANDARI,2026-09-22,68976,96.92,71168,185,2.96
BHARATCOAL,2026-09-22,1179903,41.95,2812928,11316,32.24
BHARATFORG,2026-09-22,524736,53.42,982220,48733,2009.0
BHARATRAS,2026-09-22,5679,52.29,10860,1441,1129.4
BHARATSE,2026-09-22,119194,15.97,746137,16023,219.86
BHARATWIRE,2026-09-22,63045,57.41,109806,2348,167.89
BHARTIARTL,2026-09-22,2491873,60.27,4134236,137901,1817.2
BHARTIHEXA,2026-09-22,20002,52.73,37934,8806,1534.3
BHEL,2026-09-22,1671641,35.43,4718245,51355,425.8
BIGBLOC,2026-09-22,28897,82.41,35066,492,40.4
BIKAJI,2026-09-22,176774,82.01,215549,5008,553.65
BIL,2026-09-22,3979,65.33,6091,489,1050.5
BIMETAL,2026-09-22,688,80.85,851,84,661.45
BIOCON,2026-09-22,1546948,54.93,2816261,33946,390.0
BIOFILCHEM,2026-09-22,4740,61.0,7771,361,32.88
BIRLACABLE,2026-09-22,195655,47.47,412134,12103,375.25
BIRLACORPN,2026-09-22,9142,48.33,18917,2419,817.6
BIRLAMONEY,2026-09-22,21755,74.77,29095,1006,118.44
BIRLANU,2026-09-22,3591,71.22,5042,840,1385.6
BLACKBUCK,2026-09-22,689892,33.57,2055001,78250,620.35
BLAL,2026-09-22,4528,59.05,7668,238,164.24
BLBLIMITED,2026-09-22,124016,92.92,133466,265,16.22
BLEL,2026-09-22,448012,27.94,1603310,40842,469.05
BLIL,2026-09-22,34142,74.53,45812,987,67.35
BLKASHYAP,2026-09-22,103128,43.43,237471,1522,51.53
BLS,2026-09-22,281236,48.56,579169,13682,228.71
BLSE,2026-09-22,431883,34.34,1257827,21562,328.1
BLUECLOUDS,2026-09-22,267828,49.04,546154,1755,19.17
BLUECOAST,2026-09-22,641,49.01,1308,40,19.83
BLUEDART,2026-09-22,4018,54.13,7423,1964,4786.6
BLUEJET,2026-09-22,296937,47.79,621304,23423,587.3
BLUESTARCO,2026-09-22,319249,43.17,739436,51830,1525.0
BLUESTONE,2026-09-22,785560,21.31,3686322,114306,930.4
BLUSPRING,2026-09-22,99212,44.54,222765,3057,125.47
BMWVENTLTD,2026-09-22,157917,69.19,228231,1840,51.92
BNAGROCHEM,2026-09-22,352,99.15,355,16,200.85
BNKETFAXIS,2026-09-22,327,41.18,794,34,580.18
BODALCHEM,2026-09-22,1180349,41.32,2856632,22750,192.9
BOHRAIND,2026-09-22,4979,78.22,6365,67,13.26
BOMDYEING,2026-09-22,195187,47.41,411668,3707,109.58
BONLON,2026-09-22,5662,46.86,12082,228,40.07
BORANA,2026-09-22,16452,68.42,24044,462,292.4
BOROLTD,2026-09-22,64008,27.76,230571,5196,263.57
BORORENEW,2026-09-22,262866,39.42,666860,28556,474.7
BOROSCI,2026-09-22,142647,43.27,329680,3586,119.81
BOSCH-HCIL,2026-09-22,16023,51.45,31143,3309,1720.8
BOSCHLTD,2026-09-22,10077,56.59,17807,8164,48290.0
BPCL,2026-09-22,6254291,57.07,10959640,57286,313.6
BPL,2026-09-22,19958,59.72,33419,717,45.2
BPLPHARMA,2026-09-22,1547,91.65,1688,149,1531.7
BRAHMINFRA,2026-09-22,6920,85.21,8121,399,156.51
BRIGADE,2026-09-22,107319,38.86,276171,18625,616.55
BRIGHOTEL,2026-09-22,75046,65.38,114783,2322,56.48
BRIGHTBR,2026-09-22,1836,92.82,1978,124,252.95
BRITANNIA,2026-09-22,99883,56.29,177451,18662,4918.0
BRNL,2026-09-22,15789,75.52,20908,251,16.67
BROOKS,2026-09-22,20226,81.92,24690,590,59.09
BSE,2026-09-22,1141826,36.07,3165566,136584,3235.0
BSE500IETF,2026-09-22,1293502,97.53,1326306,1352,38.7
BSHSL,2026-09-22,3726,78.66,4737,110,85.64
BSL,2026-09-22,1176,82.24,1430,68,125.54
BSLGOLDETF,2026-09-22,199967,46.91,426280,2242,133.06
BSLNIFTY,2026-09-22,627440,86.01,729462,3486,27.48
BSLSENETFG,2026-09-22,1615,50.72,3184,59,75.16
BSOFT,2026-09-22,255641,52.53,486688,14495,281.15
BTML,2026-09-22,171716,92.0,186655,307,7.15
BUILDPRO,2026-09-22,67772,61.1,110920,6746,1310.8
BUTTERFLY,2026-09-22,26403,69.34,38079,1392,562.3
BVCL,2026-09-22,26247,67.68,38781,782,41.57
BYKE,2026-09-22,10406,96.92,10737,128,30.31
CAMLINFINE,2026-09-22,930613,55.46,1677989,10420,96.45
CAMPUS,2026-09-22,111008,43.12,257451,8071,211.35
CAMS,2026-09-22,508400,53.53,949770,33270,704.0
CANBK,2026-09-22,3105906,43.97,7064389,46850,122.9
CANFINHOME,2026-09-22,191092,56.36,339027,13763,759.55
CANHLIFE,2026-09-22,252639,59.43,425119,6847,153.4
CANTABIL,2026-09-22,72342,64.12,112830,1658,238.85
CAPACITE,2026-09-22,59806,40.91,146197,3258,194.73
CAPILLARY,2026-09-22,435821,28.5,1529129,48429,547.1
CAPITALSFB,2026-09-22,5206,44.31,11748,355,281.3
CAPLIPOINT,2026-09-22,49208,41.53,118478,16742,2777.3
CARBORUNIV,2026-09-22,320654,33.05,970152,52514,1211.3
CARERATING,2026-09-22,120473,76.35,157788,9142,1627.8
CARRARO,2026-09-22,60731,41.45,146505,6244,542.3
CARTRADE,2026-09-22,100161,50.89,196801,27178,2907.9
CARYSIL,2026-09-22,37805,49.37,76582,6991,1065.3
CASHIETF,2026-09-22,115123,87.92,130946,380,1080.54
CASTROLIND,2026-09-22,2141999,61.41,3487992,42399,195.61
CCAVENUE,2026-09-22,5263718,24.66,21347420,30770,16.11
CCCL,2026-09-22,84648,77.59,109103,370,13.6
CCHHL,2026-09-22,11999,63.59,18869,121,12.94
CCL,2026-09-22,78436,50.08,156624,21241,1050.0
CDSL,2026-09-22,220532,30.58,721143,29932,1348.0
CEATLTD,2026-09-22,18337,33.43,54853,9174,3401.4
CEIGALL,2026-09-22,165460,44.04,375674,7145,377.2
CEINSYS,2026-09-22,39848,52.44,75985,3232,701.5
CELEBRITY,2026-09-22,24991,84.84,29456,143,6.79
CELLO,2026-09-22,151916,61.87,245545,8662,320.3
CEMNTGROWW,2026-09-22,14117,46.84,30136,285,14.3
CEMPRO,2026-09-22,177646,56.16,316336,15706,1319.3
CENTENKA,2026-09-22,8145,41.88,19449,1852,567.4
CENTEXT,2026-09-22,239198,69.0,346646,1248,18.63
CENTRALBK,2026-09-22,1315718,47.52,2768742,11358,31.37
CENTRUM,2026-09-22,161867,69.49,232939,567,21.43
CENTUM,2026-09-22,30634,31.02,98747,19508,4858.7
CENTURYPLY,2026-09-22,109903,67.79,162121,11355,695.6
CERA,2026-09-22,2929,54.61,5363,1376,5501.0
CESC,2026-09-22,705134,53.44,1319444,16249,142.52
CEWATER,2026-09-22,26530,48.92,54231,2438,278.75
CGCL,2026-09-22,1001744,50.02,2002679,22163,267.05
CGPOWER,2026-09-22,945941,41.13,2299693,56255,896.1
CGVAK,2026-09-22,1889,87.86,2150,73,145.41
CHALET,2026-09-22,47378,33.54,141251,15316,872.35
CHAMBLFERT,2026-09-22,425334,65.42,650166,19778,418.5
CHEMBOND,2026-09-22,10437,66.56,15681,568,192.77
CHEMCRUX,2026-09-22,7432,86.68,8574,217,78.57
CHEMFAB,2026-09-22,2270,72.16,3146,184,354.0
CHEMICAL,2026-09-22,410498,74.55,550652,731,29.45
CHEMPLASTS,2026-09-22,665428,9.08,7329815,92624,198.67
CHENNPETRO,2026-09-22,315087,28.3,1113436,47237,1392.0
CHEVIOT,2026-09-22,1535,66.48,2309,239,1170.4
CHOICEGOLD,2026-09-22,2050,36.3,5647,136,149.56
CHOICEIN,2026-09-22,139555,43.84,318303,7768,760.9
CHOLAFIN,2026-09-22,595997,65.73,906681,51235,1759.1
CHOLAHLDNG,2026-09-22,86694,62.62,138445,15312,1459.6
CIEINDIA,2026-09-22,88801,51.07,173881,12605,390.6
CIFL,2026-09-22,163943,61.14,268122,1252,21.27
CINELINE,2026-09-22,22510,85.48,26334,262,89.16
CINEVISTA,2026-09-22,75070,49.91,150406,616,14.51
CIPLA,2026-09-22,359861,46.91,767139,36733,1384.1
CLEAN,2026-09-22,95371,48.66,195980,18599,833.2
CLEANMAX,2026-09-22,96857,42.68,226917,32817,1367.5
CLEDUCATE,2026-09-22,3430,80.5,4261,108,55.38
CLSEL,2026-09-22,16633,58.01,28674,1211,293.4
CMLL,2026-09-22,144649,41.51,348444,12014,490.9
CMPDI,2026-09-22,299355,49.47,605161,9418,209.34
CMRGREEN,2026-09-22,294016,45.73,642934,18207,229.49
CMSINFO,2026-09-22,251374,52.96,474646,9848,234.62
CNL,2026-09-22,10484,60.01,17470,2063,1108.1
COALINDIA,2026-09-22,8058415,48.32,16676174,199503,428.0
COASTCORP,2026-09-22,23574,66.25,35585,540,38.19
COCHINSHIP,2026-09-22,284306,34.24,830403,30369,1388.9
COCKERILL,2026-09-22,1773,44.83,3955,1211,8178.0
COFFEEDAY,2026-09-22,194383,59.75,325352,1903,30.59
COFORGE,2026-09-22,637789,52.26,1220431,46888,1803.0
COHANCE,2026-09-22,244831,34.72,705248,22134,452.75
COLPAL,2026-09-22,102793,51.31,200338,14051,1869.0
COMFINTE,2026-09-22,90127,76.89,117214,318,5.8
COMMOIETF,2026-09-22,64221,62.18,103277,892,97.67
COMPEAU,2026-09-22,65,100.0,65,6,364.0
COMPUSOFT,2026-09-22,11379,65.13,17471,161,13.24
COMSYN,2026-09-22,328633,35.44,927179,6032,301.25
CONCOR,2026-09-22,1261597,44.61,2828067,37553,467.0
CONCORDBIO,2026-09-22,75937,44.43,170913,14984,1532.4
CONFIPET,2026-09-22,854762,47.14,1813161,24502,86.76
CONS,2026-09-22,7191,89.5,8035,144,11.85
CONSUMAXIS,2026-09-22,678,53.05,1278,20,118.47
CONSUMBEES,2026-09-22,15015,53.43,28104,601,128.23
CONSUMER,2026-09-22,29079,71.69,40564,227,11.84
CONSUMIETF,2026-09-22,3634,44.28,8207,143,119.04
CONTROLPR,2026-09-22,16195,71.16,22760,1101,589.15
CORALFINAC,2026-09-22,7641,84.02,9094,117,32.14
CORDELIA,2026-09-22,488436,44.42,1099605,10163,112.18
CORDSCABLE,2026-09-22,180641,46.2,391036,10623,382.9
COROMANDEL,2026-09-22,50811,65.81,77210,11871,1944.9
CORONA,2026-09-22,5906,53.97,10943,1955,2181.5
COSMOFIRST,2026-09-22,15724,55.85,28152,2522,862.75
CPCAP,2026-09-22,26732,69.55,38437,1201,151.7
CPEDU,2026-09-22,1096,89.18,1229,78,177.35
CPL,2026-09-22,12957,55.69,23267,374,62.7
CPPLUS,2026-09-22,162850,51.26,317707,32174,3649.5
CPSEETF,2026-09-22,474321,71.51,663335,4168,92.94
CRAFTSMAN,2026-09-22,53427,65.52,81543,17406,10602.0
CRAMC,2026-09-22,312120,56.6,551421,10353,227.9
CRAVATEX,2026-09-22,1211,87.44,1385,19,326.15
CREATIVEYE,2026-09-22,71044,67.88,104668,248,6.25
CREDITACC,2026-09-22,76435,58.39,130909,14599,1357.9
CREST,2026-09-22,1730,60.09,2879,163,363.7
CRESTO,2026-09-22,125733,62.77,200316,238,19.21
CRISIL,2026-09-22,45022,59.11,76168,11024,4559.8
CRIZAC,2026-09-22,50935,48.54,104937,3219,177.03
CROMPTON,2026-09-22,1372421,48.76,2814418,28964,222.0
CROWN,2026-09-22,88726,59.59,148899,1482,124.96
CSBBANK,2026-09-22,105362,45.6,231055,10336,334.95
CSLFINANCE,2026-09-22,6242,50.73,12304,588,220.24
CSM,2026-09-22,179464,34.16,525358,5707,105.15
CUB,2026-09-22,997367,45.49,2192380,32742,227.21
CUBEXTUB,2026-09-22,585205,56.08,1043536,10480,104.85
CUMMINSIND,2026-09-22,194715,61.94,314342,36286,4962.5
CUPID,2026-09-22,9304716,21.46,43352836,249858,258.2
CYIENT,2026-09-22,292931,49.88,587228,36351,1079.0
CYIENTDLM,2026-09-22,114647,40.68,281857,19643,917.2
DABUR,2026-09-22,851422,62.95,1352500,22945,388.1
DALBHARAT,2026-09-22,18482,52.11,35465,6847,1741.6
DALMIASUG,2026-09-22,44344,30.51,145352,7010,388.1
DAMCAPITAL,2026-09-22,48478,44.1,109917,2241,137.7
DANGEE,2026-09-22,26287,90.4,29077,92,2.7
DATAMATICS,2026-09-22,18257,47.42,38498,2502,765.3
DATAPATTNS,2026-09-22,96385,23.99,401737,43119,4484.9
DAVANGERE,2026-09-22,6479086,56.88,11390212,3857,2.26
DBCORP,2026-09-22,40237,64.38,62503,1922,183.04
DBEIL,2026-09-22,316590,77.19,410139,470,7.0
DBL,2026-09-22,132684,48.76,272116,9132,423.1
DBOL,2026-09-22,48340,49.93,96815,3186,114.81
DBREALTY,2026-09-22,443514,53.57,827941,10919,96.65
DCAL,2026-09-22,38134,51.79,73638,1871,169.88
DCBBANK,2026-09-22,291632,51.31,568379,12026,218.58
DCI,2026-09-22,25965,47.79,54335,2253,275.85
DCM,2026-09-22,11572,96.07,12046,69,76.37
DCMFINSERV,2026-09-22,7141,85.25,8377,88,5.09
DCMNVL,2026-09-22,3657,80.36,4551,160,178.04
DCMSHRIRAM,2026-09-22,18176,51.52,35282,4914,979.3
DCMSIL,2026-09-22,38055,59.2,64277,658,70.42
DCMSRIND,2026-09-22,138122,60.84,227030,2032,37.87
DCW,2026-09-22,1462135,43.05,3396420,14796,48.02
DCXINDIA,2026-09-22,164583,37.08,443850,7477,163.5
DDEVPLSTIK,2026-09-22,49046,51.21,95768,2979,260.45
DECCANCE,2026-09-22,28288,67.72,41769,1005,562.25
DECNGOLD,2026-09-22,546120,46.01,1187001,17205,225.17
DEEDEV,2026-09-22,61944,54.87,112901,5660,691.8
DEEPA,2026-09-22,588426,27.02,2177575,28647,188.43
DEEPAKFERT,2026-09-22,72437,43.66,165923,13828,1340.4
DEEPAKNTR,2026-09-22,104469,56.87,183682,15949,1613.2
DEEPINDS,2026-09-22,138742,38.29,362342,17370,761.6
DEFENCE,2026-09-22,132133,69.29,190693,684,79.24
DELHIVERY,2026-09-22,1460232,63.69,2292809,36002,430.75
DELTACORP,2026-09-22,1109317,39.59,2802181,18590,61.77
DELTAMAGNT,2026-09-22,1019,79.11,1288,90,55.0
DEN,2026-09-22,125642,63.65,197380,921,26.26
DENORA,2026-09-22,1312,81.74,1605,222,798.4
DENTA,2026-09-22,46555,50.77,91689,1865,272.65
DEVIT,2026-09-22,24248,78.43,30918,414,23.12
DEVX,2026-09-22,73780,84.65,87156,325,35.06
DEVYANI,2026-09-22,987031,41.73,2365367,28126,144.51
DGCONTENT,2026-09-22,2362,96.25,2454,60,23.92
DHAMPURSUG,2026-09-22,222886,31.05,717925,15726,164.13
DHANBANK,2026-09-22,134042,59.07,226911,1501,29.18
DHANUKA,2026-09-22,5237,56.87,9208,1419,966.4
DHARMAJ,2026-09-22,20606,48.03,42905,2098,281.6
DHATRE,2026-09-22,22600,80.3,28145,158,4.27
DHOOTTRANS,2026-09-22,676703,23.76,2848268,133909,1653.2
DHRUV,2026-09-22,4547,87.11,5220,138,21.57
DHUNINV,2026-09-22,311,75.12,414,70,983.6
DIAMINESQ,2026-09-22,2567,53.83,4769,120,254.85
DIAMONDYD,2026-09-22,2243,64.66,3469,294,1090.3
DICIND,2026-09-22,11059,57.77,19144,853,654.25
DIFFNKG,2026-09-22,46303,48.72,95045,4137,441.6
DIGIDRIVE,2026-09-22,8506,82.59,10299,177,17.76
DIGISPICE,2026-09-22,47900,83.47,57388,314,16.4
DIGITIDE,2026-09-22,167152,62.38,267976,2637,81.82
DISAQ,2026-09-22,43,64.18,67,40,12185.0
DISHTV,2026-09-22,790758,76.16,1038239,1441,2.5
DIVGIITTS,2026-09-22,36295,49.19,73787,7358,1118.9
DIVIDEND,2026-09-22,3912,100.0,3912,46,34.86
DIVISLAB,2026-09-22,180452,61.44,293688,47608,9352.0
DIVOPPBEES,2026-09-22,11148,53.51,20835,641,74.58
DIXON,2026-09-22,133742,33.37,400815,59655,13084.0
DJML,2026-09-22,75532,32.19,234675,4431,74.45
DLF,2026-09-22,3573009,68.9,5186082,45030,669.5
DLINKINDIA,2026-09-22,15002,46.45,32294,2096,423.55
DMART,2026-09-22,304355,64.25,473697,34519,3777.0
DMCC,2026-09-22,34326,36.7,93524,3430,290.65
DNAMEDIA,2026-09-22,29785,90.31,32982,89,2.55
DODLA,2026-09-22,19319,56.46,34218,4135,1047.6
DOLATALGO,2026-09-22,91604,54.62,167707,1171,68.16
DOLLAR,2026-09-22,13861,49.91,27774,904,272.8
DOLLEX,2026-09-22,13487,80.78,16696,173,36.6
DOLPHIN,2026-09-22,86711,42.17,205636,11737,724.3
DOMS,2026-09-22,9681,49.55,19537,3879,2098.8
DONEAR,2026-09-22,8345,86.27,9673,172,82.5
DPABHUSHAN,2026-09-22,21268,54.43,39075,3442,1469.4
DRAGARWQ,2026-09-22,1175,81.15,1448,325,5200.0
DRCSYSTEMS,2026-09-22,115949,59.24,195714,1116,12.29
DREAMFOLKS,2026-09-22,39617,68.51,57824,1350,63.04
DREDGECORP,2026-09-22,86108,53.62,160585,7887,993.8
DRREDDY,2026-09-22,2006621,59.81,3355097,69443,1211.0
DSFCL,2026-09-22,102336,85.21,120100,432,28.81
DSSL,2026-09-22,16621,71.96,23096,1979,1022.2
DUCON,2026-09-22,2315131,69.55,3328520,725,1.46
DVL,2026-09-22,2411,68.44,3523,193,283.25
DWARKESH,2026-09-22,764498,27.86,2743999,12424,41.68
DYCL,2026-09-22,68463,36.38,188194,7273,453.75
DYNAMATECH,2026-09-22,17718,49.25,35975,9715,12516.0
DYNPRO,2026-09-22,4287,65.34,6561,225,231.51
EASEMYTRIP,2026-09-22,11129035,26.09,42659431,37411,5.99
EASTWEST,2026-09-22,89641,83.46,107411,185,2.3
EBANK10,2026-09-22,297,97.06,306,7,16.4
EBANKNIFTY,2026-09-22,593,70.68,839,21,56.95
EBBETF0430,2026-09-22,11617,93.97,12362,220,1608.23
EBBETF0431,2026-09-22,1703,88.51,1924,59,1432.9
EBBETF0433,2026-09-22,4623,71.17,6496,121,1302.8
EBGNG,2026-09-22,248176,36.67,676693,28620,692.3
ECAPINSURE,2026-09-22,8641,75.9,11385,134,23.57
ECLERX,2026-09-22,113735,54.14,210085,19722,1924.1
ECORECO,2026-09-22,6133,59.93,10233,1004,422.9
ECOSMOBLTY,2026-09-22,18161,52.13,34838,1043,108.62
EDELWEISS,2026-09-22,5579740,41.39,13480301,70228,141.16
EFCIL,2026-09-22,55399,57.13,96963,2463,177.99
EGOLD,2026-09-22,17675,71.01,24890,415,151.1
EICHERMOT,2026-09-22,225671,67.08,336400,32616,7427.0
EIDPARRY,2026-09-22,99085,55.23,179390,13094,695.55
EIEL,2026-09-22,147698,38.53,383292,8518,201.07
EIHAHOTELS,2026-09-22,4353,70.52,6173,369,298.8
EIHOTEL,2026-09-22,61425,56.91,107926,4472,303.9
EIMCOELECO,2026-09-22,7438,47.51,15657,2224,2256.1
EKC,2026-09-22,40907,54.23,75429,1422,100.81
EKI,2026-09-22,7773,60.28,12895,342,68.79
ELANTAS,2026-09-22,791,40.27,1964,925,14410.0
ELCIDIN,2026-09-22,6,100.0,6,5,105000.0
ELDEHSG,2026-09-22,247,67.67,365,22,780.0
ELECON,2026-09-22,86918,38.58,225275,12593,420.55
ELECTCAST,2026-09-22,672144,55.41,1213133,8126,72.88
ELECTHERM,2026-09-22,9155,80.32,11398,348,903.85
ELGIEQUIP,2026-09-22,163132,53.14,306980,35254,608.95
ELGIRUBCO,2026-09-22,5146,69.27,7429,161,59.77
ELIN,2026-09-22,37108,64.15,57844,1100,90.71
ELIQUID,2026-09-22,31529,87.76,35927,15,1048.7
ELITECON,2026-09-22,9301056,60.4,15398398,10970,8.74
ELLEN,2026-09-22,714391,45.46,1571584,24006,357.1
ELM250,2026-09-22,27197,51.03,53297,236,16.26
ELMDIV,2026-09-22,213,80.99,263,7,35.52
ELPROINTL,2026-09-22,6516,75.43,8639,200,172.24
EMAMILTD,2026-09-22,1070617,57.92,1848450,32727,390.0
EMAMIREAL,2026-09-22,23255,95.86,24259,98,68.0
EMBDL,2026-09-22,1621991,27.86,5822899,31920,58.43
EMCURE,2026-09-22,22785,54.27,41985,7727,1975.0
EMETAL,2026-09-22,3006,57.9,5192,35,12.92
EMIL,2026-09-22,773725,39.85,1941463,37726,192.61
EMKAY,2026-09-22,56089,55.3,101420,2945,264.55
EMMVEE,2026-09-22,683514,46.88,1458115,35682,339.75
EMPIND,2026-09-22,575,61.11,941,127,1038.1
EMPOWER,2026-09-22,6375593,46.88,13600179,1822,2.16
EMSLIMITED,2026-09-22,70264,48.61,144550,4070,365.25
EMUDHRA,2026-09-22,262205,21.24,1234222,45841,649.25
EMULTIMQ,2026-09-22,23156,75.42,30702,88,41.52
ENDURANCE,2026-09-22,24873,52.43,47437,15865,2693.7
ENERGY,2026-09-22,55237,60.5,91298,737,38.02
ENERGYAXIS,2026-09-22,13382,38.42,34831,90,18.89
ENERGYDEV,2026-09-22,13376,76.38,17512,213,14.54
ENEXT50,2026-09-22,10,71.43,14,4,71.9
ENGINERSIN,2026-09-22,4842834,20.57,23538487,220702,302.55
ENIFTY,2026-09-22,802,83.28,963,60,23.64
ENIL,2026-09-22,9013,54.6,16506,243,99.64
ENKEIWHEL,2026-09-22,554,87.94,630,44,395.2
ENRIN,2026-09-22,229462,42.09,545192,56123,3235.0
ENTERO,2026-09-22,145822,55.6,262292,19198,1841.8
EPACK,2026-09-22,101483,29.79,340700,5941,181.55
EPACKPEB,2026-09-22,527078,49.83,1057801,20988,250.34
EPIGRAL,2026-09-22,12492,54.77,22809,2003,1100.9
EPL,2026-09-22,769296,59.2,1299475,23622,236.65
EQUAL200,2026-09-22,7639,98.04,7792,50,13.57
EQUAL50,2026-09-22,2452,71.59,3425,34,323.49
EQUAL50ADD,2026-09-22,5037,60.12,8378,252,334.34
EQUITASBNK,2026-09-22,706937,44.87,1575361,14068,72.91
ERIS,2026-09-22,24970,49.06,50895,5208,1271.2
ESABINDIA,2026-09-22,3352,55.3,6061,1849,5654.5
ESCORTS,2026-09-22,14717,51.39,28639,4783,2793.6
ESDS,2026-09-22,158608,99.89,158784,2630,1724.85
ESENSEX,2026-09-22,366,95.56,383,13,75.4
ESG,2026-09-22,23969,95.29,25154,42,40.09
ESILVER,2026-09-22,8300,35.21,23570,2135,229.6
ESSARSHPNG,2026-09-22,83261,53.12,156754,795,15.63
ESSENTIA,2026-09-22,2122273,59.15,3587816,892,1.04
ESTER,2026-09-22,15732,63.96,24596,1086,87.11
ETERNAL,2026-09-22,11129321,49.96,22276945,172234,342.0
ETHOSLTD,2026-09-22,28674,58.77,48788,8305,2613.3
EUREKAFORB,2026-09-22,100917,55.08,183218,11996,377.3
EUROBOND,2026-09-22,1974,74.89,2636,98,153.1
EUROPRATIK,2026-09-22,161228,61.84,260706,5425,218.45
EVEREADY,2026-09-22,38234,41.75,91573,3010,329.05
EVIETF,2026-09-22,76469,55.59,137555,569,31.69
EVINDIA,2026-09-22,43076,58.81,73252,1266,31.64
EXCELINDUS,2026-09-22,2679,35.7,7504,1043,952.6
EXCELSOFT,2026-09-22,348351,37.81,921406,6996,82.85
EXICOM,2026-09-22,212836,38.73,549513,6677,161.44
EXIDEIND,2026-09-22,979913,52.41,1869658,35103,429.7
EXPLEOSOL,2026-09-22,4518,55.54,8135,1097,877.2
EXXARO,2026-09-22,87618,76.46,114586,289,6.23
FABTECH,2026-09-22,39199,58.03,67544,823,147.02
FACT,2026-09-22,29624,27.9,106175,7773,798.45
FAZE3Q,2026-09-22,22468,59.77,37589,1467,422.85
FCL,2026-09-22,6072316,29.19,20804868,74680,57.39
FCSSOFT,2026-09-22,1258930,77.66,1621095,1164,1.38
FDC,2026-09-22,38099,49.0,77747,6479,356.5
FEDDERSHOL,2026-09-22,4020695,7.88,51021947,207016,64.8
FEDERALBNK,2026-09-22,3481001,62.02,5612786,72451,327.0
FEDFINA,2026-09-22,478263,51.79,923446,13203,152.14
FERMENTA,2026-09-22,68660,62.3,110202,4288,470.6
FIBERWEB,2026-09-22,6653,88.83,7490,105,26.14
FIEMIND,2026-09-22,27844,60.39,46110,4247,1906.7
FILATEX,2026-09-22,1883943,25.71,7326971,47531,101.07
FILATFASH,2026-09-22,7559734,64.02,11808473,1656,0.17
FINCABLES,2026-09-22,637525,38.17,1670261,84643,1468.1
FINEORG,2026-09-22,14666,59.98,24450,6664,5159.5
FINIETF,2026-09-22,81563,58.47,139491,926,32.0
FINKURVE,2026-09-22,22913,60.54,37846,660,70.39
FINOPB,2026-09-22,95953,62.87,152627,1942,133.02
FINPIPE,2026-09-22,100412,48.52,206950,6692,152.94
FIRSTCRY,2026-09-22,1520441,12.71,11963508,110424,175.08
FISCHER,2026-09-22,6833351,91.32,7482910,2970,32.95
FIVESTAR,2026-09-22,299133,55.21,541837,22073,524.85
FLAIR,2026-09-22,66523,54.34,122428,3764,241.29
FLEXIADD,2026-09-22,175877,67.14,261971,694,9.76
FLUOROCHEM,2026-09-22,26691,55.71,47912,9896,4487.2
FMCGADD,2026-09-22,5067,69.78,7261,159,45.84
FMCGIETF,2026-09-22,416597,56.46,737924,3750,49.19
FMGOETZE,2026-09-22,62022,50.99,121636,4494,446.75
FMNL,2026-09-22,96203,66.5,144674,365,8.43
FOODSIN,2026-09-22,30616,73.97,41389,568,53.83
FORCEMOT,2026-09-22,34899,53.98,64656,18925,17275.0
FORTIS,2026-09-22,441406,54.6,808369,26615,896.55
FOSECOIND,2026-09-22,9079,45.56,19928,5083,6562.0
FRACTAL,2026-09-22,117109,51.95,225446,19985,761.4
FREDUN,2026-09-22,59056,42.86,137800,11024,1382.6
FRONTSP,2026-09-22,8132,60.69,13399,1818,1162.2
FSL,2026-09-22,112616,27.65,407264,9893,269.5
FUSION,2026-09-22,123620,52.88,233787,4595,183.6
GABRIEL,2026-09-22,905513,11.48,7891064,276612,1471.4
GAEL,2026-09-22,231037,48.63,475136,16888,157.08
GAIL,2026-09-22,5312389,63.54,8361284,46288,171.84
GAJA,2026-09-22,415547,21.71,1914226,28553,159.34
GALAPREC,2026-09-22,24694,54.1,45642,3526,1058.0
GALAXYSURF,2026-09-22,13418,49.26,27241,5632,2188.0
GALLANTT,2026-09-22,88144,17.06,516798,19515,545.7
GANDHAR,2026-09-22,172913,45.43,380656,6646,269.05
GANDHITUBE,2026-09-22,95553,30.24,315988,18997,1003.2
GANECOS,2026-09-22,18024,41.85,43065,4148,998.4
GANESHCP,2026-09-22,66805,59.43,112408,2335,166.59
GANESHHOU,2026-09-22,8239,52.65,15648,1162,736.8
GANGAFORGE,2026-09-22,1049521,61.73,1700312,767,1.57
GANGESSECU,2026-09-22,54,80.6,67,11,115.04
GARFIBRES,2026-09-22,15582,52.59,29629,5423,800.45
GARUDA,2026-09-22,282877,45.85,617015,8616,181.56
GATEWAY,2026-09-22,460115,66.5,691852,3391,52.28
GAUDIUMIVF,2026-09-22,165887,58.87,281800,3250,111.35
GAYAHWS,2026-09-22,67266,68.5,98199,208,1.9
GAYAPROJ,2026-09-22,506026,63.25,799991,2855,23.68
GCSL,2026-09-22,314632,39.85,789628,6872,639.2
GEEKAYWIRE,2026-09-22,251304,48.57,517452,2413,32.73
GEMAROMA,2026-09-22,26425,42.57,62073,1670,153.72
GENCON,2026-09-22,25927,9.92,261394,763,39.84
GENESYS,2026-09-22,141834,29.39,482544,9902,280.1
GENUSPAPER,2026-09-22,16867,78.66,21443,177,11.28
GENUSPOWER,2026-09-22,458681,51.93,883342,14843,309.45
GEOJITFSL,2026-09-22,107951,51.46,209758,2078,80.64
GESHIP,2026-09-22,469009,54.56,859612,42657,1462.0
GFLLIMITED,2026-09-22,19576,51.02,38366,550,56.95
GHCL,2026-09-22,73066,62.17,117521,4211,420.3
GHCLTEXTIL,2026-09-22,265994,40.02,664643,17592,133.92
GICHSGFIN,2026-09-22,26411,56.11,47067,912,138.86
GICRE,2026-09-22,308134,68.31,451093,7752,341.2
GILLANDERS,2026-09-22,2239,83.14,2693,63,105.0
GILLETTE,2026-09-22,9971,54.62,18255,6320,7009.0
GILT10BETA,2026-09-22,36,37.89,95,11,26.6
GILT5BETA,2026-09-22,185,59.11,313,9,66.59
GILT5YBEES,2026-09-22,97667,67.17,145399,387,65.92
GIPCL,2026-09-22,136757,52.91,258472,5747,186.92
GKB,2026-09-22,45792,53.15,86152,947,68.37
GKENERGY,2026-09-22,274765,36.47,753442,8167,127.77
GKSL,2026-09-22,1255124,55.71,2252924,9246,175.17
GKWLIMITED,2026-09-22,207,98.1,211,18,1565.4
GLAND,2026-09-22,64821,52.21,124161,20908,2916.6
GLASSWALL,2026-09-22,4157775,5.91,70304720,591154,309.29
GLAXO,2026-09-22,25718,69.32,37100,5053,2873.6
GLENMARK,2026-09-22,236757,58.84,402355,32189,2461.4
GLFL,2026-09-22,1445,99.93,1446,20,5.09
GLOBAL,2026-09-22,117575,54.86,214321,2424,132.23
GLOBALE,2026-09-22,1173,96.23,1219,24,11.15
GLOBALVECT,2026-09-22,3347,65.5,5110,305,133.41
GLOBE,2026-09-22,836711,66.34,1261268,708,2.22
GLOBECIVIL,2026-09-22,13781,53.89,25572,506,43.66
GLOBUSSPR,2026-09-22,34024,69.8,48747,2955,821.3
GLOSTERLTD,2026-09-22,268,68.19,393,48,572.15
GLOTTIS,2026-09-22,7912,62.56,12647,396,57.41
GMBREW,2026-09-22,10770,52.61,20472,1502,948.05
GMDCLTD,2026-09-22,303091,41.7,726787,19215,563.65
GMMPFAUDLR,2026-09-22,148453,45.27,327918,32655,1462.3
GMRAIRPORT,2026-09-22,4449522,54.97,8095151,21637,98.35
GMRP&UI,2026-09-22,879952,43.41,2027140,18134,95.26
GNA,2026-09-22,83755,54.9,152556,4928,561.65
GNFC,2026-09-22,944487,45.78,2063093,50769,598.7
GNRL,2026-09-22,551591,74.98,735614,4416,98.42
GOACARBON,2026-09-22,13798,55.31,24946,988,386.9
GOCLCORP,2026-09-22,124306,33.16,374867,15114,411.05
GOCOLORS,2026-09-22,13856,44.03,31470,2112,307.9
GODAVARIB,2026-09-22,18182,46.67,38955,1125,243.4
GODFRYPHLP,2026-09-22,30717,31.88,96350,9582,1970.0
GODIGIT,2026-09-22,705061,46.65,1511491,52356,241.85
GODREJAGRO,2026-09-22,36920,45.14,81790,8027,653.9
GODREJCP,2026-09-22,265441,54.88,483682,15318,873.6
GODREJIND,2026-09-22,16776,46.66,35951,3915,1099.6
GODREJPROP,2026-09-22,175978,37.16,473583,21848,1699.5
GOKEX,2026-09-22,127766,36.13,353650,18365,695.05
GOKUL,2026-09-22,29089,19.74,147335,641,40.4
GOKULAGRO,2026-09-22,86721,54.57,158912,7286,221.15
GOLD1,2026-09-22,12796631,83.75,15280316,9269,125.99
GOLD360,2026-09-22,4640,69.87,6641,185,147.45
GOLDADD,2026-09-22,3133926,61.92,5061615,9883,14.69
GOLDAXIS,2026-09-22,1370537,60.59,2262010,4305,125.84
GOLDBEES,2026-09-22,10684465,48.89,21852347,83323,125.0
GOLDBETA,2026-09-22,327949,71.2,460617,2038,127.25
GOLDBND,2026-09-22,49308,98.01,50308,158,151.21
GOLDCASE,2026-09-22,8399785,56.71,14811313,10382,23.79
GOLDETF,2026-09-22,419917,36.65,1145706,7548,146.96
GOLDIAM,2026-09-22,214711,56.25,381738,7180,319.8
GOLDIETF,2026-09-22,3984987,57.27,6958253,27666,129.42
GOODLUCK,2026-09-22,312396,37.73,827953,27159,538.05
GOODYEAR,2026-09-22,2397,66.81,3588,566,706.25
GOPAL,2026-09-22,18298,52.15,35086,2922,258.35
GOYALALUM,2026-09-22,47530,67.08,70853,463,5.97
GPIL,2026-09-22,738888,52.83,1398629,15938,232.89
GPPL,2026-09-22,408202,49.83,819136,13644,164.41
GPTHEALTH,2026-09-22,34135,56.2,60740,1841,162.79
GPTINFRA,2026-09-22,63454,41.57,152627,1852,118.16
GRANDOAK,2026-09-22,1808,72.23,2503,92,33.6
GRANULES,2026-09-22,254781,39.75,640982,20312,864.05
GRAPHITE,2026-09-22,474525,35.62,1332319,49263,827.75
GRASIM,2026-09-22,457272,65.99,692941,37193,3128.2
GRAUWEIL,2026-09-22,238877,50.17,476150,3877,83.24
GRAVITA,2026-09-22,95918,48.26,198743,17960,1564.9
GREAVESCOT,2026-09-22,965817,42.6,2267387,28999,199.67
GREENLAM,2026-09-22,12955,58.81,22030,869,226.17
GREENPANEL,2026-09-22,340307,39.68,857586,18081,170.18
GREENPLY,2026-09-22,205214,69.55,295075,4875,296.65
GREENPOWER,2026-09-22,1228082,62.98,1950021,3675,9.0
GRINDWELL,2026-09-22,29046,50.39,57640,14579,1941.9
GRINFRA,2026-09-22,33502,49.46,67733,8729,805.15
GRMOVER,2026-09-22,258049,24.1,1070563,5628,80.59
GROBTEA,2026-09-22,506,71.17,711,107,904.2
GROWW,2026-09-22,8102314,56.49,14342042,96700,189.18
GROWWCAPM,2026-09-22,168220,66.61,252556,560,11.16
GROWWCHEM,2026-09-22,10001,45.05,22198,318,29.27
GROWWDEFNC,2026-09-22,56126,48.05,116798,1824,94.27
GROWWEV,2026-09-22,159893,65.68,243425,1682,31.41
GROWWGOLD,2026-09-22,465953,21.37,2180086,2570,14.75
GROWWHOSPI,2026-09-22,87591,54.01,162188,1101,52.85
GROWWLIQID,2026-09-22,182731,56.94,320946,146,110.84
GROWWLOVOL,2026-09-22,5556,51.21,10850,86,10.18
GROWWMC150,2026-09-22,3625,86.33,4199,31,227.56
GROWWMETAL,2026-09-22,68996,53.93,127942,965,12.36
GROWWMOM50,2026-09-22,30198,77.51,38960,365,10.88
GROWWN200,2026-09-22,33615,75.57,44483,226,11.05
GROWWNET,2026-09-22,512473,64.6,793359,672,11.11
GROWWNIFTY,2026-09-22,363490,62.31,583316,4810,9.47
GROWWNXT50,2026-09-22,5101,64.56,7901,107,71.52
GROWWPOWER,2026-09-22,671046,57.97,1157658,1763,11.17
GROWWPSE,2026-09-22,759,40.12,1892,95,96.99
GROWWPSUBK,2026-09-22,1127,19.47,5789,117,82.64
GROWWRAIL,2026-09-22,150619,54.03,278757,2123,27.16
GROWWRLTY,2026-09-22,87735,40.75,215291,466,9.56
GROWWSC250,2026-09-22,45840,66.95,68472,482,10.54
GROWWSLVR,2026-09-22,309841,22.25,1392509,3148,22.56
GRPLTD,2026-09-22,1205,84.74,1422,211,2000.0
GRSE,2026-09-22,108986,18.65,584333,40606,2399.7
GRWRHITECH,2026-09-22,23517,48.17,48819,12985,6366.5
GSEC10ABSL,2026-09-22,10,100.0,10,1,112.1
GSEC10IETF,2026-09-22,64,90.14,71,9,264.6
GSEC10YEAR,2026-09-22,338,75.11,450,18,30.12
GSEC5IETF,2026-09-22,12122,55.96,21662,38,66.09
GSFC,2026-09-22,211741,33.77,626935,8256,152.19
GSLSU,2026-09-22,90002,80.34,112033,494,30.91
GSPCROP,2026-09-22,9925,4.17,238074,3593,484.9
GSS,2026-09-22,26873,72.65,36992,379,10.54
GTECJAINX,2026-09-22,5185,54.62,9492,106,28.43
GTL,2026-09-22,158225,82.47,191858,542,6.99
GTLINFRA,2026-09-22,12275069,40.61,30228187,10817,1.12
GTPL,2026-09-22,14361,60.41,23773,712,55.06
GUFICBIO,2026-09-22,41422,66.95,61868,2514,442.15
GUJALKALI,2026-09-22,33275,42.13,78981,3741,626.55
GUJAPOLLO,2026-09-22,4937,69.53,7101,296,337.4
GUJENERGY,2026-09-22,1222374,59.5,2054302,46337,230.4
GUJRAFFIA,2026-09-22,1243,75.98,1636,39,39.21
GUJTHEM,2026-09-22,138299,56.31,245616,11051,411.65
GULFOILLUB,2026-09-22,13123,54.88,23913,3210,1050.9
GULPOLY,2026-09-22,73607,55.85,131794,3245,173.1
GVPIL,2026-09-22,145820,46.71,312168,14326,673.1
GVT&D,2026-09-22,190261,34.91,545018,58110,4348.0
GYFTR,2026-09-22,26086,78.79,33108,525,168.5
HAL,2026-09-22,247140,45.08,548249,42184,4800.0
HALDER,2026-09-22,5856,22.28,26279,149,277.3
HALEOSLABS,2026-09-22,263,77.58,339,47,1500.0
HAMPTON,2026-09-22,8024,90.08,8908,74,8.17
HAPPSTMNDS,2026-09-22,359885,40.9,879998,20690,313.4
HAPPYFORGE,2026-09-22,62404,62.81,99354,18645,2108.5
HARDWYN,2026-09-22,158080,54.63,289352,593,9.09
HARIOMPIPE,2026-09-22,52072,40.87,127395,5053,361.85
HARRMALAYA,2026-09-22,3009,73.79,4078,259,176.66
HARSHA,2026-09-22,81435,43.51,187169,7638,465.1
HATHWAY,2026-09-22,455744,44.77,1017873,1584,9.99
HATSUN,2026-09-22,18936,39.97,47379,7031,1168.0
HAVELLS,2026-09-22,127769,50.55,252772,16656,1088.9
HAVISHA,2026-09-22,28184,82.9,33997,62,1.36
HAWKINCOOK,2026-09-22,2649,62.67,4227,1468,8009.5
HAZOOR,2026-09-22,109362,25.38,430931,1237,19.11
HBESD,2026-09-22,511,70.97,720,69,70.52
HBLENGINE,2026-09-22,653768,40.52,1613557,48385,767.15
HBPOR,2026-09-22,202,99.02,204,14,61.99
HBSL,2026-09-22,5922,94.68,6255,43,54.45
HCC,2026-09-22,3918889,26.64,14710707,24150,21.67
HCG,2026-09-22,60011,60.4,99348,6935,713.1
HCL-INSYS,2026-09-22,295441,55.54,531935,1514,10.79
HCLTECH,2026-09-22,914584,34.11,2680986,81922,1270.4
HDBFS,2026-09-22,84068,54.87,153222,10105,674.55
HDFCAMC,2026-09-22,305960,63.48,481994,39910,2430.0
HDFCBANK,2026-09-22,24362291,68.66,35483669,307695,738.6
HDFCBSE500,2026-09-22,1131413,97.59,1159363,229,36.79
HDFCGOLD,2026-09-22,1697482,49.77,3410806,7923,129.26
HDFCGROWTH,2026-09-22,7382,52.71,14004,120,114.34
HDFCLIFE,2026-09-22,829455,46.38,1788405,47912,559.2
HDFCLIQUID,2026-09-22,26286,96.35,27281,41,1078.92
HDFCLOWVOL,2026-09-22,1416,43.53,3253,63,19.96
HDFCMID150,2026-09-22,175874,35.25,498977,1119,23.16
HDFCMOMENT,2026-09-22,126600,63.79,198472,488,30.69
HDFCNEXT50,2026-09-22,22685,22.8,99490,379,73.66
HDFCNIF100,2026-09-22,54498,81.94,66513,244,25.31
HDFCNIFBAN,2026-09-22,38676,84.12,45977,319,58.03
HDFCNIFIT,2026-09-22,803440,68.44,1173850,754,30.49
HDFCNIFTY,2026-09-22,110479,83.86,131748,864,263.97
HDFCNIMEG,2026-09-22,1374,62.26,2207,63,129.68
HDFCPSUBK,2026-09-22,7114,45.54,15620,197,83.44
HDFCPVTBAN,2026-09-22,34104,73.67,46295,549,27.88
HDFCQUAL,2026-09-22,8792,55.04,15973,222,56.82
HDFCSENSEX,2026-09-22,17451,52.23,33409,554,84.8
HDFCSILVER,2026-09-22,834288,26.17,3187602,13042,220.07
HDFCSML250,2026-09-22,667289,67.96,981864,13489,183.98
HDFCVALUE,2026-09-22,7469,86.18,8667,119,121.26
HEADSUP,2026-09-22,3290,95.47,3446,117,6.77
HEALTHADD,2026-09-22,4740,51.44,9214,85,16.9
HEALTHAXIS,2026-09-22,417,65.26,639,54,171.22
HEALTHCARE,2026-09-22,30191,79.0,38218,260,21.9
HEALTHIETF,2026-09-22,75342,60.15,125259,4609,171.77
HEALTHX,2026-09-22,7039,85.21,8261,177,289.4
HEALTHY,2026-09-22,337690,81.91,412294,897,17.24
HECPROJECT,2026-09-22,9036,80.31,11252,253,115.68
HEGAM,2026-09-22,740627,67.57,1096045,18499,232.9
HEIDELBERG,2026-09-22,40397,58.31,69280,1615,141.13
HEMIPROP,2026-09-22,223038,68.41,326039,3350,119.16
HERANBA,2026-09-22,10172,51.33,19818,856,166.47
HERITGFOOD,2026-09-22,99648,42.54,234231,8354,414.7
HEROMOTOCO,2026-09-22,336853,62.12,542248,69793,5373.0
HESTERBIO,2026-09-22,855,67.48,1267,309,2178.7
HEXATRADEX,2026-09-22,426,70.88,601,33,158.81
HEXT,2026-09-22,206922,75.28,274878,7091,504.2
HGINFRA,2026-09-22,28965,41.12,70448,4418,444.45
HGM,2026-09-22,42341,63.27,66926,981,42.66
HGS,2026-09-22,5980,53.71,11133,554,379.65
HIKAL,2026-09-22,186262,25.3,736129,17133,227.0
HILINFRA,2026-09-22,21466,64.56,33250,584,43.26
HILTON,2026-09-22,102058,64.62,157941,554,16.59
HIMATSEIDE,2026-09-22,763389,55.71,1370385,8213,63.21
HINDADH,2026-09-22,2629,91.86,2862,105,384.45
HINDALCO,2026-09-22,2195051,65.8,3336085,71483,973.0
HINDALUMI,2026-09-22,1249,64.22,1945,211,94.08
HINDCOMPOS,2026-09-22,1352,60.52,2234,200,376.55
HINDCON,2026-09-22,38033,64.02,59407,323,24.73
HINDCOPPER,2026-09-22,2201350,28.3,7778716,94009,508.2
HINDOILEXP,2026-09-22,183029,49.41,370465,6139,174.83
HINDPETRO,2026-09-22,2947469,50.55,5830757,42113,360.7
HINDUNILVR,2026-09-22,587156,57.39,1023040,39331,1933.8
HINDWAREAP,2026-09-22,25456,60.95,41766,1634,174.77
HINDZINC,2026-09-22,2151793,55.25,3894528,54375,590.5
HIRECT,2026-09-22,20909,40.24,51959,5150,1242.2
HISARMETAL,2026-09-22,616,53.2,1158,63,156.05
HITECH,2026-09-22,335553,67.21,499235,4663,74.62
HLEGLAS,2026-09-22,212139,49.15,431598,11079,445.75
HLVLTD,2026-09-22,363808,66.53,546868,1682,6.4
HMAAGRO,2026-09-22,1064915,50.98,2088829,5947,23.72
HNDFDS,2026-09-22,25185,61.2,41151,4973,622.15
HNGSNGBEES,2026-09-22,28934,61.68,46908,2698,462.58
HOMEFIRST,2026-09-22,158859,51.42,308917,17436,1212.5
HONASA,2026-09-22,227097,48.98,463681,16587,473.65
HONAUT,2026-09-22,1597,58.86,2713,2052,34025.0
HONDAPOWER,2026-09-22,953,57.1,1669,380,1916.5
HORIZONIND,2026-09-22,2523151,59.03,4274349,23017,52.76
HPAL,2026-09-22,20409,74.49,27400,325,35.39
HPIL,2026-09-22,200,50.38,397,35,118.71
HPL,2026-09-22,49686,48.64,102152,3720,279.85
HRYNSHP,2026-09-22,319,96.08,332,24,99.85
HSBCGOLD,2026-09-22,4155,87.64,4741,55,131.14
HSCL,2026-09-22,967504,46.49,2081157,26443,669.45
HTEL,2026-09-22,819255,48.2,1699824,19087,70.96
HTMEDIA,2026-09-22,66678,86.17,77379,273,24.45
HUBTOWN,2026-09-22,142257,62.95,225987,2682,175.61
HUDCO,2026-09-22,541776,55.8,970859,15257,172.4
HUHTAMAKI,2026-09-22,49731,53.75,92529,5160,246.55
HYBRIDETF,2026-09-22,3193,97.17,3286,45,9.98
HYUNDAI,2026-09-22,201703,43.65,462118,30984,2101.0
IBULLSLTD,2026-09-22,4011588,52.5,7641378,15929,29.51
ICEMAKE,2026-09-22,8899,60.92,14608,1196,702.1
ICICIAMC,2026-09-22,196477,58.64,335076,21096,3151.2
ICICIB22,2026-09-22,226625,84.61,267853,1876,112.46
ICICIBANK,2026-09-22,3196333,49.68,6433249,168586,1339.6
ICICIGI,2026-09-22,441110,63.88,690497,25490,1480.0
ICICIPRULI,2026-09-22,228505,44.15,517509,18019,486.65
ICIL,2026-09-22,170336,42.55,400281,17936,448.9
ICRA,2026-09-22,56298,86.94,64757,3370,4579.8
IDBI,2026-09-22,2015596,40.32,4998773,24262,82.88
IDEA,2026-09-22,141090480,26.73,527812273,835162,14.27
IDEAFORGE,2026-09-22,141018,65.21,216245,12156,741.4
IDFCFIRSTB,2026-09-22,3905611,54.25,7198920,58529,85.37
IDFNIFTYET,2026-09-22,761,96.21,791,30,259.13
IEX,2026-09-22,2494950,56.0,4454976,31977,112.9
IFBAGRO,2026-09-22,1293,72.52,1783,214,865.7
IFBIND,2026-09-22,9937,61.6,16131,1654,1213.1
IFCI,2026-09-22,7957555,11.72,67877909,152520,75.94
IFGLEXPOR,2026-09-22,19377,50.64,38262,1082,194.65
IGARASHI,2026-09-22,18994,43.78,43387,2061,424.0
IGCL,2026-09-22,56740,55.14,102898,1969,64.85
IGIL,2026-09-22,549846,53.07,1036006,25145,326.95
IGL,2026-09-22,1403653,55.35,2535771,38359,146.68
IGPL,2026-09-22,40651,62.18,65381,2425,563.4
IIFL,2026-09-22,878378,50.64,1734500,48279,617.55
IIFLCAPS,2026-09-22,166674,58.66,284144,5496,345.05
IITL,2026-09-22,10410,11.18,93108,855,143.4
IKIO,2026-09-22,103921,39.05,266100,5678,205.98
IKS,2026-09-22,226085,46.46,486580,31383,1869.2
IMAGICAA,2026-09-22,211973,45.81,462703,2723,52.4
IMFA,2026-09-22,33653,43.74,76934,6552,1252.8
IMPAL,2026-09-22,890,65.78,1353,191,1075.0
INA,2026-09-22,364094,48.17,755835,5665,92.56
INCREDIBLE,2026-09-22,779,99.11,786,23,32.51
INDBANK,2026-09-22,11590,79.98,14492,175,25.65
INDGN,2026-09-22,89534,46.58,192223,10119,592.1
INDHOTEL,2026-09-22,609609,48.54,1255870,38782,736.25
INDIACEM,2026-09-22,43740,44.89,97438,5734,340.65
INDIAGLYCO,2026-09-22,148007,51.95,284894,6084,253.6
INDIAMART,2026-09-22,21397,54.45,39293,6534,1635.2
INDIANB,2026-09-22,254098,50.93,498899,35893,840.8
INDIANCARD,2026-09-22,623,97.19,641,28,212.95
INDIANHUME,2026-09-22,28909,46.91,61624,2983,367.9
INDIASHLTR,2026-09-22,25550,53.01,48202,2910,662.15
INDIGO,2026-09-22,490119,56.09,873833,50865,5030.0
INDIGOPNTS,2026-09-22,23561,48.66,48417,7094,1142.0
INDIQUBE,2026-09-22,39846,59.12,67403,2075,187.96
INDNIPPON,2026-09-22,15221,39.92,38127,4238,1237.0
INDOBORAX,2026-09-22,16820,52.49,32044,2380,463.55
INDOCO,2026-09-22,69503,46.48,149543,4282,254.51
INDOFARM,2026-09-22,40979,48.74,84078,1807,139.9
INDOKEM,2026-09-22,1865,60.41,3087,332,607.2
INDOMIM,2026-09-22,1939035,23.72,8175941,316396,1233.3
INDORAMA,2026-09-22,1223841,26.54,4610713,48143,103.57
INDOSTAR,2026-09-22,24773,69.36,35719,1149,231.58
INDOTECH,2026-09-22,7086,59.37,11936,2869,3279.0
INDOTHAI,2026-09-22,1108234,70.21,1578498,4435,32.38
INDOUS,2026-09-22,2400,59.97,4002,41,78.99
INDOWIND,2026-09-22,41814,49.69,84149,439,9.0
INDPRUD,2026-09-22,21,100.0,21,6,6273.0
INDRAMEDCO,2026-09-22,82154,55.49,148051,5566,360.95
INDSWFTLAB,2026-09-22,627537,31.09,2018474,42027,405.55
INDTERRAIN,2026-09-22,7925,57.58,13764,304,29.2
INDUSINDBK,2026-09-22,587699,60.47,971946,36189,955.0
INDUSTOWER,2026-09-22,1968278,55.64,3537704,35947,382.1
INFOBEAN,2026-09-22,63087,54.68,115367,1952,151.05
INFOMEDIA,2026-09-22,8343,80.28,10392,154,5.34
INFRA,2026-09-22,7595,61.97,12256,167,11.78
INFRABEES,2026-09-22,3871,48.42,7995,531,931.64
INFRAIETF,2026-09-22,41953,62.49,67131,7544,93.09
INFY,2026-09-22,5187113,55.53,9341109,167463,1029.4
INGERRAND,2026-09-22,8702,60.59,14361,3187,4146.7
INNOVACAP,2026-09-22,27466,49.0,56049,7889,1226.7
INNOVANA,2026-09-22,20252,45.42,44589,1043,295.3
INNOVISION,2026-09-22,3784,68.01,5564,363,254.45
INOXGREEN,2026-09-22,885996,45.53,1945949,19065,171.41
INOXINDIA,2026-09-22,159834,42.48,376256,45806,2133.7
INOXWIND,2026-09-22,5177207,51.31,10089416,29487,77.9
INSECTICID,2026-09-22,20253,53.48,37873,9225,611.6
INSPIRISYS,2026-09-22,715,61.85,1156,33,88.99
INSUREIETF,2026-09-22,281544,65.8,427861,359,15.17
INTELLECT,2026-09-22,258788,55.43,466891,29263,647.75
INTENTECH,2026-09-22,32190,82.67,38938,557,81.35
INTERARCH,2026-09-22,19201,59.91,32052,2837,1701.6
INTERNET,2026-09-22,270976,84.42,321002,386,14.97
INTLCONV,2026-09-22,33881,82.3,41166,982,77.86
INVENTURE,2026-09-22,372493,33.49,1112088,292,0.89
IOB,2026-09-22,846622,57.08,1483150,6980,31.92
IOC,2026-09-22,5092768,45.65,11156453,59911,137.8
IOLCP,2026-09-22,878304,34.88,2518148,30136,200.39
IONEXCHANG,2026-09-22,102519,52.02,197060,10774,429.8
IPCALAB,2026-09-22,77905,63.68,122345,23534,1992.4
IPL,2026-09-22,71980,41.57,173144,1806,133.47
IPRINGLTD,2026-09-22,2313,80.68,2867,72,135.95
IRB,2026-09-22,8716057,53.28,16358591,29348,17.98
IRCON,2026-09-22,532346,31.23,1704761,21642,109.09
IRCTC,2026-09-22,174894,40.52,431674,18049,469.65
IREDA,2026-09-22,983222,36.77,2673698,22381,110.25
IRFC,2026-09-22,1822632,37.86,4813566,35133,80.0
IRIS,2026-09-22,13413,52.83,25387,1114,236.43
IRISDOREME,2026-09-22,430983,16.59,2598455,12655,66.24
IRMENERGY,2026-09-22,20599,52.53,39213,1794,268.35
ISFT,2026-09-22,107058,27.79,385240,6214,104.02
ISGEC,2026-09-22,32802,51.03,64283,6724,840.75
ISHANCH,2026-09-22,62024,84.1,73746,321,50.78
ISTLTD,2026-09-22,831,76.17,1091,156,675.75
IT,2026-09-22,308076,52.39,588058,1829,31.78
ITADD,2026-09-22,8458,38.15,22170,170,30.45
ITAXIS,2026-09-22,1682,77.44,2172,75,315.69
ITBEES,2026-09-22,4607327,39.77,11585503,20465,31.77
ITBETA,2026-09-22,450,83.33,540,27,309.0
ITC,2026-09-22,4327862,60.29,7177847,81112,265.8
ITCHOTELS,2026-09-22,840821,44.9,1872495,29019,158.6
ITDC,2026-09-22,201836,5.8,3480946,128814,705.75
ITETF,2026-09-22,167575,31.54,531253,924,30.33
ITI,2026-09-22,83653,45.82,182578,5025,253.25
ITIETF,2026-09-22,255232,43.73,583650,1603,31.82
ITL,2026-09-22,1108,77.48,1430,76,365.75
IVALUE,2026-09-22,87581,52.96,165371,4436,225.48
IVC,2026-09-22,103413,67.49,153235,810,7.78
IVZBANKNF,2026-09-22,35,100.0,35,7,56.24
IVZINGOLD,2026-09-22,34592,73.16,47281,420,131.55
IVZINNIFTY,2026-09-22,101,99.02,102,20,268.0
IVZSENSEX,2026-09-22,1540,60.18,2559,19,74.6
IWP,2026-09-22,2705,98.47,2747,46,34.47
IXIGO,2026-09-22,371186,41.57,892824,15535,163.28
IZMO,2026-09-22,70553,37.17,189787,12096,931.55
J&KBANK,2026-09-22,399875,48.01,832954,17531,145.94
JAGRAN,2026-09-22,65491,59.69,109716,1461,62.44
JAGSNPHARM,2026-09-22,15554,53.44,29107,1270,225.68
JAIBALAJI,2026-09-22,130053,55.8,233054,5562,64.33
JAICORPLTD,2026-09-22,115485,40.17,287511,4046,94.25
JAINREC,2026-09-22,1392758,8.91,15629652,225855,291.25
JAIPURKURT,2026-09-22,7854,78.65,9986,141,24.79
JAMNAAUTO,2026-09-22,605944,36.8,1646548,25513,127.99
JARO,2026-09-22,27080,33.8,80130,3001,460.4
JASH,2026-09-22,332335,15.18,2189614,69142,584.75
JAYAGROGN,2026-09-22,5867,46.43,12637,519,233.47
JAYBARMARU,2026-09-22,113140,46.28,244474,8038,110.58
JAYKAY,2026-09-22,388132,29.81,1302037,22796,189.5
JAYNECOIND,2026-09-22,590525,44.85,1316788,10900,90.28
JAYSREETEA,2026-09-22,14907,75.22,19817,326,88.75
JBMA,2026-09-22,88197,27.16,324713,16558,593.15
JENBURPH,2026-09-22,1575,70.47,2235,303,957.2
JETFREIGHT,2026-09-22,295564,51.68,571916,3834,22.15
JGCHEM,2026-09-22,105762,33.66,314170,15309,610.35
JHS,2026-09-22,69562,83.56,83247,264,8.34
JINDALPHOT,2026-09-22,632,68.32,925,126,1097.2
JINDALPOLY,2026-09-22,10465,57.36,18243,1552,721.9
JINDALSAW,2026-09-22,435738,49.87,873761,25904,286.45
JINDALSTEL,2026-09-22,497352,55.78,891592,25913,1141.0
JINDRILL,2026-09-22,62885,35.25,178381,7798,587.65
JINDWORLD,2026-09-22,2672388,17.17,15568112,45270,52.22
JIOFIN,2026-09-22,3265660,38.03,8586144,56712,230.7
JISLDVREQS,2026-09-22,24899,65.54,37989,203,20.53
JISLJALEQS,2026-09-22,3944155,50.62,7791317,20614,28.93
JITFINFRA,2026-09-22,7140,55.15,12947,865,282.7
JKCEMENT,2026-09-22,7299,37.81,19306,5913,5104.0
JKIL,2026-09-22,49333,69.44,71045,2974,478.0
JKIPL,2026-09-22,4757,68.63,6931,248,99.24
JKLAKSHMI,2026-09-22,34246,55.17,62075,10390,507.8
JKPAPER,2026-09-22,114976,46.86,245359,7106,416.4
JKTYRE,2026-09-22,210042,43.89,478597,15667,346.5
JLHL,2026-09-22,31012,57.4,54029,4014,274.8
JMA,2026-09-22,6832,58.82,11615,170,90.82
JMFINANCIL,2026-09-22,795601,56.36,1411675,21703,126.31
JNKINDIA,2026-09-22,44012,52.89,83207,3663,413.95
JNPR,2026-09-22,236372,55.79,423701,28554,268.7
JOCIL,2026-09-22,2915,76.13,3829,129,146.4
JPOLYINVST,2026-09-22,809,53.83,1503,305,972.75
JPPOWER,2026-09-22,22356031,20.86,107197215,1100500,16.17
JSFB,2026-09-22,626845,51.01,1228918,29160,533.7
JSL,2026-09-22,562548,63.19,890183,42293,743.45
JSLL,2026-09-22,183164,36.28,504867,19553,515.4
JSWCEMENT,2026-09-22,1742098,56.68,3073613,58025,116.7
JSWDULUX,2026-09-22,19229,71.27,26982,4003,3137.1
JSWENERGY,2026-09-22,581538,52.46,1108603,32018,518.0
JSWHL,2026-09-22,435,15.89,2737,1249,11219.0
JSWINFRA,2026-09-22,6094793,35.59,17124150,210208,367.6
JSWSTEEL,2026-09-22,481399,55.04,874592,61802,1267.0
JTEKTINDIA,2026-09-22,39533,60.89,64920,1384,116.49
JTLIND,2026-09-22,581246,45.22,1285481,11590,89.21
JUBLCPL,2026-09-22,3055,60.76,5028,730,2099.1
JUBLFOOD,2026-09-22,1029006,58.94,1745967,35006,491.1
JUBLINGREA,2026-09-22,114036,52.79,216018,11673,617.6
JUBLPHARMA,2026-09-22,78218,40.62,192545,15349,1070.85
JUNIORBEES,2026-09-22,185945,79.82,232951,8092,778.55
JUNIPER,2026-09-22,49905,42.29,118013,3341,222.8
JUSTDIAL,2026-09-22,52218,41.78,124991,6362,682.6
JWL,2026-09-22,239819,36.45,657865,13603,228.63
JYOTHYLAB,2026-09-22,89063,52.92,168293,4500,193.97
JYOTICNC,2026-09-22,337535,30.97,1090012,47927,1084.3
JYOTIRES,2026-09-22,2997,57.22,5238,847,840.0
JYOTISTRUC,2026-09-22,1123924,41.72,2694027,2863,9.19
KABRAEXTRU,2026-09-22,45837,47.61,96279,4643,666.25
KAJARIACER,2026-09-22,74157,58.85,126005,11011,1183.6
KAKATCEM,2026-09-22,1300,63.41,2050,112,109.75
KALAMANDIR,2026-09-22,221864,62.97,352318,4908,78.08
KALPATARU,2026-09-22,9353,48.1,19444,593,268.4
KALYANKJIL,2026-09-22,549902,15.99,3440026,45890,583.1
KAMAHOLD,2026-09-22,1485,59.78,2484,418,2236.4
KAMANWALA,2026-09-22,240,96.0,250,3,16.56
KAMATHOTEL,2026-09-22,37149,53.98,68823,2607,237.05
KAMDHENU,2026-09-22,937848,52.74,1778308,5486,41.51
KAMOPAINTS,2026-09-22,303201,73.52,412431,917,4.26
KANANIIND,2026-09-22,66679,68.51,97331,199,1.42
KANCHI,2026-09-22,668,81.86,816,111,395.45
KANCOTEA,2026-09-22,151,100.0,151,2,56.85
KANOHAR,2026-09-22,760730,14.34,5305723,168845,870.5
KANPRPLA,2026-09-22,19375,57.03,33973,1546,266.75
KANSAINER,2026-09-22,84732,65.25,129858,4369,180.98
KAPSTON,2026-09-22,50529,53.97,93628,3705,570.55
KARAMTARA,2026-09-22,1445129,25.23,5727743,87598,365.1
KARMAENG,2026-09-22,2129,52.88,4026,72,40.1
KARURVYSYA,2026-09-22,1092300,52.39,2085010,40906,320.15
KAYNES,2026-09-22,674295,22.31,3022938,169458,3455.0
KCP,2026-09-22,73908,60.75,121658,1900,157.4
KDDL,2026-09-22,14180,39.95,35491,7273,3973.1
KDGREEN,2026-09-22,41971,46.14,90966,372,50.01
KEC,2026-09-22,841873,53.47,1574562,52638,391.55
KECL,2026-09-22,65257,40.16,162499,3776,121.21
KEEPLEARN,2026-09-22,8019,87.31,9184,58,1.84
KEI,2026-09-22,86963,47.78,182004,19099,4575.0
KELLTONTEC,2026-09-22,523668,50.31,1040960,2488,13.7
KENNAMET,2026-09-22,10562,29.43,35892,7684,4379.4
KERNEX,2026-09-22,51585,43.24,119313,12716,1744.7
KEYFINSERV,2026-09-22,144,52.17,276,45,240.05
KFINTECH,2026-09-22,252698,44.36,569715,23461,898.0
KHAICHEM,2026-09-22,56299,65.47,85997,1042,50.02
KHAITANLTD,2026-09-22,595,72.21,824,56,151.82
KHANDSE,2026-09-22,922,91.83,1004,55,17.91
KICL,2026-09-22,1186,75.3,1575,238,5005.5
KIMS,2026-09-22,49272,31.06,158613,9934,789.8
KINGFA,2026-09-22,11533,53.9,21396,6028,6168.5
KIOCL,2026-09-22,22366,29.12,76799,3787,342.55
KIRANVYPAR,2026-09-22,4073,51.71,7877,516,218.79
KIRIINDUS,2026-09-22,235424,46.42,507200,12336,540.5
KIRLFER,2026-09-22,50034,57.98,86299,6295,479.85
KIRLOSBROS,2026-09-22,13163,58.55,22481,4623,1775.3
KIRLOSENG,2026-09-22,128550,54.25,236947,34574,2165.0
KIRLOSIND,2026-09-22,4175,52.0,8029,1446,3667.2
KIRLPNU,2026-09-22,34991,48.99,71425,7291,706.8
KISSHT,2026-09-22,787338,43.35,1816221,65751,352.55
KITEX,2026-09-22,184345,22.64,814091,10103,119.48
KJMCFIN,2026-09-22,316,89.77,352,21,61.8
KKCL,2026-09-22,19405,66.77,29062,1663,484.8
KLBRENG-B,2026-09-22,624521,32.47,1923203,46002,519.5
KMCSHIL,2026-09-22,232605,31.63,735446,11725,159.61
KMEW,2026-09-22,52451,28.16,186241,29196,2976.7
KMSUGAR,2026-09-22,46693,40.83,114356,1176,28.85
KNACK,2026-09-22,182910,52.42,348907,3236,185.55
KNAGRI,2026-09-22,1317,57.89,2275,133,203.95
KNRCON,2026-09-22,688572,52.82,1303513,12259,120.04
KOHINOOR,2026-09-22,28867,24.05,120015,2737,31.06
KOKUYOCMLN,2026-09-22,27918,74.76,37342,769,75.71
KOLTEPATIL,2026-09-22,37508,37.74,99378,4855,435.55
KOPRAN,2026-09-22,198089,32.8,603842,11693,276.44
KOTAKBANK,2026-09-22,2042061,53.81,3795161,61637,412.65
KOTHARIPET,2026-09-22,34854,69.95,49825,1016,134.16
KOTHARIPRO,2026-09-22,8570,91.5,9366,93,63.67
KOTIC,2026-09-22,68957,21.45,321420,5710,146.89
KOVAI,2026-09-22,877,56.73,1546,574,6153.5
KPEL,2026-09-22,193827,41.7,464862,12488,230.94
KPIGREEN,2026-09-22,1913821,17.8,10752256,146261,346.45
KPIL,2026-09-22,67519,57.26,117910,13688,1400.1
KPITTECH,2026-09-22,493973,31.19,1583599,28852,529.05
KPL,2026-09-22,21455,36.96,58050,10208,3752.8
KPRMILL,2026-09-22,39456,36.0,109610,11994,1120.8
KRBL,2026-09-22,122138,49.4,247235,6916,389.9
KREBSBIO,2026-09-22,4269,73.35,5820,175,56.86
KRIDHANINF,2026-09-22,22822,98.36,23202,82,1.85
KRISHANA,2026-09-22,441243,53.18,829723,9540,189.55
KRISHIVAL,2026-09-22,4063,64.75,6275,249,415.7
KRISHNADEF,2026-09-22,32933,47.07,69961,6568,1025.6
KRITI,2026-09-22,14053,63.78,22034,347,59.75
KRITIKA,2026-09-22,102177,89.75,113844,533,5.04
KRITINUT,2026-09-22,6267,89.62,6993,106,80.66
KRN,2026-09-22,97463,61.03,159708,14274,1420.1
KROSS,2026-09-22,362657,34.9,1039237,22910,256.13
KRSNAA,2026-09-22,81306,43.87,185318,10320,557.85
KRYSTAL,2026-09-22,7074,55.57,12729,655,638.8
KSB,2026-09-22,90351,62.11,145461,10128,820.15
KSCL,2026-09-22,28119,67.72,41522,2454,699.7
KSE,2026-09-22,3332,65.75,5068,260,179.96
KSHINTL,2026-09-22,80455,48.34,166419,16153,1040.95
KSHITIJPOL,2026-09-22,4550945,52.21,8716105,3725,4.61
KSL,2026-09-22,26994,57.66,46816,3213,959.15
KSOLVES,2026-09-22,10380,60.38,17191,995,250.75
KTKBANK,2026-09-22,1560295,48.82,3195855,41790,331.5
KUANTUM,2026-09-22,222705,62.53,356156,3410,84.95
KUSUMGAR,2026-09-22,282642,47.04,600887,31363,616.15
KWIL,2026-09-22,4182292,37.52,11145561,31416,41.99
LAGNAM,2026-09-22,4159,68.1,6107,152,74.01
LAHOTIOV,2026-09-22,1365,95.92,1423,45,40.68
LAKSHMIMIL,2026-09-22,7,100.0,7,5,7700.0
LAL,2026-09-22,313071,97.65,320607,157,8.66
LALITHAA,2026-09-22,2467620,54.92,4493449,12668,336.1
LALPATHLAB,2026-09-22,168803,64.41,262090,31519,1909.8
LAMBODHARA,2026-09-22,7953,66.51,11958,366,116.08
LANCER,2026-09-22,180911,71.32,253663,872,11.69
LANDMARK,2026-09-22,29153,45.53,64035,3635,510.5
LANDSMILL,2026-09-22,2143259,50.13,4275266,1045,0.54
LAOPALA,2026-09-22,42192,54.4,77552,3132,160.61
LARGEMID50,2026-09-22,92,100.0,92,9,35.46
LASERPOWER,2026-09-22,172332,45.36,379905,6328,275.05
LATENTVIEW,2026-09-22,158327,51.62,306722,8392,250.55
LATTEYS,2026-09-22,37008,79.49,46555,181,20.48
LAURUSLABS,2026-09-22,834690,56.13,1487044,42334,2006.5
LAXMICOT,2026-09-22,5565,72.37,7690,101,13.05
LAXMIDENTL,2026-09-22,43415,68.99,62927,1993,193.18
LAXMIINDIA,2026-09-22,124571,78.08,159542,1779,123.73
LCCINFOTEC,2026-09-22,184468,49.39,373518,326,3.66
LCCPROJECT,2026-09-22,978265,15.62,6263543,59502,147.56
LCL,2026-09-22,423113,59.45,711729,43697,580.3
LEAPIND,2026-09-22,1089160,42.02,2591990,33363,148.44
LEMERITE,2026-09-22,187338,37.52,499276,685,18.94
LEMONTREE,2026-09-22,1384205,53.52,2586160,22971,107.51
LENSKART,2026-09-22,3464943,50.45,6868715,115855,691.45
LEXUS,2026-09-22,76555,79.4,96413,482,12.47
LFIC,2026-09-22,56,45.9,122,16,135.3
LGBBROSLTD,2026-09-22,12612,64.19,19648,2611,1730.2
LGEINDIA,2026-09-22,278222,65.02,427916,22427,1663.7
LGHL,2026-09-22,1030,16.11,6393,121,177.38
LIBAS,2026-09-22,105959,76.37,138738,313,12.58
LIBERTSHOE,2026-09-22,5660,58.81,9624,449,218.54
LICHSGFIN,2026-09-22,1404255,50.65,2772548,36938,565.0
LICI,2026-09-22,3482358,62.98,5528988,54621,404.55
LICMFGOLD,2026-09-22,20935,43.5,48124,764,135.8
LICNETFGSC,2026-09-22,101075,97.23,103950,74,29.21
LICNETFN50,2026-09-22,2113,90.61,2332,19,263.27
LICNETFSEN,2026-09-22,4,100.0,4,3,843.34
LICNFNHGP,2026-09-22,117,48.75,240,21,272.55
LICNMID100,2026-09-22,7061,68.82,10260,121,61.89
LIKHITHA,2026-09-22,35397,56.76,62359,1701,227.96
LINC,2026-09-22,5542,58.96,9400,578,92.37
LINCOLN,2026-09-22,11939,56.29,21211,1181,594.35
LINDEINDIA,2026-09-22,11891,38.89,30577,7984,6320.0
LIQGRWBEES,2026-09-22,35710,65.33,54659,347,1056.45
LIQUID,2026-09-22,100574,57.39,175256,147,999.99
LIQUID1,2026-09-22,292743,46.41,630809,504,1123.66
LIQUIDADD,2026-09-22,770846,97.98,786773,635,1145.78
LIQUIDBEES,2026-09-22,1707317,67.65,2523773,3559,1000.0
LIQUIDBETF,2026-09-22,91318,68.99,132373,163,1099.77
LIQUIDCASE,2026-09-22,13825955,94.28,14665202,21242,116.03
LIQUIDETF,2026-09-22,50035,75.54,66236,143,999.99
LIQUIDIETF,2026-09-22,586804,88.41,663727,222,999.99
LIQUIDPLUS,2026-09-22,436852,77.49,563717,281,1104.21
LIQUIDSBI,2026-09-22,2587,66.06,3916,25,1000.01
LIQUIDSHRI,2026-09-22,10045,84.83,11842,14,1122.43
LKPSEC,2026-09-22,3812,72.27,5275,60,15.31
LLOYDSENGG,2026-09-22,3245451,37.9,8563009,50108,85.73
LLOYDSENT,2026-09-22,1461143,46.36,3151980,14755,70.41
LLOYDSME,2026-09-22,248226,49.75,498981,26971,1857.4
LMW,2026-09-22,2041,59.5,3430,1612,17077.0
LODHA,2026-09-22,191056,29.49,647829,19804,1144.0
LOKESHMACH,2026-09-22,17106,57.13,29943,1000,337.15
LORDSCHLO,2026-09-22,4355,75.84,5742,250,138.3
LOTUSCHO,2026-09-22,362,77.19,469,99,586.4
LOTUSEYE,2026-09-22,6121,91.34,6701,68,114.97
LOVABLE,2026-09-22,9275,62.07,14944,178,71.27
LOWVOL,2026-09-22,269,49.36,545,14,199.77
LOWVOL1,2026-09-22,162320,77.63,209096,12266,20.48
LOWVOLIETF,2026-09-22,1099596,82.2,1337740,13339,21.39
LOYALTEX,2026-09-22,23,74.19,31,5,214.95
LPDC,2026-09-22,92577,57.12,162076,514,6.58
LT,2026-09-22,707733,52.22,1355288,81225,3866.4
LTF,2026-09-22,1240822,48.15,2577248,46888,304.9
LTFOODS,2026-09-22,139610,41.52,336273,11933,421.35
LTGILTBEES,2026-09-22,2987022,97.2,3072917,705,29.74
LTGILTCASE,2026-09-22,153017,99.06,154472,224,30.35
LTM,2026-09-22,286602,28.79,995608,60857,4158.3
LTTS,2026-09-22,17251,42.1,40975,10391,3293.6
LUMAXIND,2026-09-22,2078,45.87,4530,1909,5846.0
LUMAXTECH,2026-09-22,62297,45.45,137061,20124,2116.4
LUMINO,2026-09-22,5280213,23.14,22815313,153899,108.27
LUPIN,2026-09-22,396300,66.32,597568,41216,2135.0
LUXIND,2026-09-22,20613,47.94,42998,3741,1157.5
LXCHEM,2026-09-22,318996,43.34,736074,11176,178.01
M&M,2026-09-22,1040414,60.91,1708090,85238,3044.5
M&MFIN,2026-09-22,1137071,65.64,1732378,30984,352.4
MAANALU,2026-09-22,31197,49.16,63465,1900,104.81
MACPOWER,2026-09-22,38199,46.0,83048,9313,2096.5
MADHAV,2026-09-22,1041,98.21,1060,63,34.46
MADHAVIPL,2026-09-22,158703,79.16,200477,551,7.39
MADHUCON,2026-09-22,6253,64.46,9701,65,4.07
MADRASFERT,2026-09-22,21168,62.92,33641,592,61.35
MAFANG,2026-09-22,402376,54.64,736357,16365,238.18
MAFATIND,2026-09-22,21399,67.94,31498,664,120.32
MAGADSUGAR,2026-09-22,8824,29.05,30380,2183,500.75
MAGNUM,2026-09-22,22336,92.62,24116,76,19.02
MAHABANK,2026-09-22,3370225,50.95,6615014,28540,82.4
MAHAPEXLTD,2026-09-22,2897,89.58,3234,82,53.79
MAHEPC,2026-09-22,16979,58.29,29129,829,98.75
MAHESHWARI,2026-09-22,11059,88.87,12444,100,71.53
MAHKTECH,2026-09-22,346542,62.27,556489,3866,22.01
MAHLIFE,2026-09-22,36480,53.4,68310,6530,359.05
MAHLOG,2026-09-22,37929,54.63,69426,2969,400.3
MAHSCOOTER,2026-09-22,1720,47.4,3629,1683,13313.0
MAHSEAMLES,2026-09-22,54207,48.24,112372,7129,697.35
MAITHANALL,2026-09-22,22680,54.79,41393,2682,994.95
MAKEINDIA,2026-09-22,7661,43.12,17768,368,161.65
MAKERSL,2026-09-22,2830,72.88,3883,153,181.26
MALLCOM,2026-09-22,1821,66.87,2723,275,951.7
MALUPAPER,2026-09-22,5780,67.4,8576,147,31.98
MAMATA,2026-09-22,25029,61.32,40816,2011,403.55
MANAKALUCO,2026-09-22,21580,54.19,39820,450,35.36
MANAKCOAT,2026-09-22,143311,60.95,235115,4122,132.67
MANAKSIA,2026-09-22,33206,57.4,57853,1011,65.34
MANALIPETC,2026-09-22,333763,35.98,927627,9035,84.87
MANAPPURAM,2026-09-22,1146501,50.24,2282054,25948,319.3
MANBA,2026-09-22,174186,44.62,390344,3515,136.41
MANCREDIT,2026-09-22,6228,6.05,102916,2142,222.53
MANGALAM,2026-09-22,30716,62.99,48764,594,32.24
MANGLMCEM,2026-09-22,32062,57.05,56199,3308,1006.3
MANINDS,2026-09-22,354518,56.71,625173,23474,849.9
MANINFRA,2026-09-22,515262,48.91,1053458,3834,124.04
MANIPALHOS,2026-09-22,596162,45.41,1312945,43041,746.1
MANKIND,2026-09-22,288028,43.18,667075,45327,2480.0
MANOMAY,2026-09-22,24567,19.77,124259,2961,227.35
MANORAMA,2026-09-22,46234,52.22,88545,13196,1911.0
MANORG,2026-09-22,1701,61.59,2762,365,459.5
MANUFGBEES,2026-09-22,4352,80.89,5380,87,160.44
MANUGRAPH,2026-09-22,118764,40.5,293270,1668,20.22
MANYAVAR,2026-09-22,165489,57.71,286758,17812,535.35
MAPMYINDIA,2026-09-22,221154,13.09,1688962,62611,922.0
MARALOVER,2026-09-22,20094,55.52,36191,534,61.11
MARATHON,2026-09-22,26715,57.77,46245,1484,417.8
MARICO,2026-09-22,704788,64.64,1090303,38059,830.0
MARINE,2026-09-22,342584,33.55,1021060,38242,411.45
MARKOLINES,2026-09-22,83833,33.58,249643,1523,169.24
MARKSANS,2026-09-22,666495,42.7,1560912,37297,332.95
MARSONS,2026-09-22,298590,34.72,859909,10945,127.88
MARUTI,2026-09-22,113920,46.17,246724,30047,12190.0
MASFIN,2026-09-22,125693,56.96,220651,10046,289.35
MASKINVEST,2026-09-22,352,97.51,361,17,144.31
MASPTOP50,2026-09-22,1679186,37.58,4467822,41033,98.01
MASTEK,2026-09-22,25944,54.41,47680,5601,1567.9
MASTERTR,2026-09-22,53931,39.74,135711,872,86.46
MATRIMONY,2026-09-22,9434,69.62,13550,764,550.75
MAWANASUG,2026-09-22,96246,31.71,303537,5901,131.43
MAXESTATES,2026-09-22,77235,62.28,124021,4855,595.05
MAXHEALTH,2026-09-22,468148,41.35,1132196,33393,1056.5
MAXIND,2026-09-22,28663,63.3,45282,1203,151.86
MAYURUNIQ,2026-09-22,69894,59.4,117662,6793,726.15
MAZDOCK,2026-09-22,254689,41.63,611823,30655,2204.0
MBAPL,2026-09-22,434135,53.54,810859,6427,165.68
MBEL,2026-09-22,67816,46.59,145564,5607,259.25
MBLINFRA,2026-09-22,12258,82.93,14782,85,21.76
MCCHRLS-B,2026-09-22,4102,99.85,4108,128,654.8
MCL,2026-09-22,22361,50.87,43960,760,56.35
MCLEODRUSS,2026-09-22,265784,55.43,479493,2375,44.96
MCLOUD,2026-09-22,328950,50.05,657233,2256,25.18
MCX,2026-09-22,381659,35.7,1069125,56112,3262.6
MEDANTA,2026-09-22,79419,54.9,144659,23953,1487.8
MEDIASSIST,2026-09-22,575366,77.66,740848,10394,328.6
MEDICO,2026-09-22,98965,70.01,141351,1169,33.96
MEDPLUS,2026-09-22,13607,61.6,22088,2326,655.55
MEESHO,2026-09-22,16381640,15.12,108359244,569367,240.19
MEGASTAR,2026-09-22,3322,77.91,4264,160,276.1
MEIL,2026-09-22,12876,61.0,21109,894,271.75
MERCANTILE,2026-09-22,4384,89.49,4899,55,22.1
MERCURYEV,2026-09-22,339380,52.64,644774,4009,39.93
METAL,2026-09-22,3217348,55.29,5819561,4515,13.11
METALIETF,2026-09-22,2205858,62.97,3502799,6763,13.05
METROBRAND,2026-09-22,31236,48.07,64975,9673,920.3
METROGLOBL,2026-09-22,1045,90.55,1154,45,132.97
METROPOLIS,2026-09-22,59772,55.37,107949,9422,592.4
MFML,2026-09-22,318,67.52,471,30,19.26
MFSL,2026-09-22,155873,55.7,279864,23935,1554.2
MGEL,2026-09-22,5173773,95.59,5412606,1057,15.52
MGL,2026-09-22,165049,69.93,236016,13364,1067.3
MHRIL,2026-09-22,27353,61.36,44579,2195,199.07
MID150,2026-09-22,24087,99.84,24126,149,23.17
MID150BEES,2026-09-22,224007,71.74,312262,5698,236.21
MID150CASE,2026-09-22,914205,66.92,1366142,3111,11.47
MIDBANKADD,2026-09-22,302664,98.09,308564,50,17.06
MIDCAP,2026-09-22,172199,65.98,260998,685,18.22
MIDCAPADD,2026-09-22,14614,91.18,16028,203,22.89
MIDCAPBETA,2026-09-22,2485,99.2,2505,25,232.0
MIDCAPETF,2026-09-22,1032115,71.65,1440561,4613,23.32
MIDCAPIETF,2026-09-22,330736,46.28,714577,2085,23.54
MIDHANI,2026-09-22,204154,41.15,496164,15462,415.2
MIDQ50ADD,2026-09-22,8980,87.88,10218,82,24.35
MIDSELIETF,2026-09-22,281847,65.42,430796,661,19.65
MIDSMALL,2026-09-22,58994,50.49,116835,1337,51.14
MIDWESTLTD,2026-09-22,6908,39.42,17524,2013,1018.3
MIIL,2026-09-22,38980,44.16,88266,1799,710.45
MILKYMIST,2026-09-22,2729939,24.21,11275606,63118,302.15
MINDACORP,2026-09-22,54804,54.01,101472,10623,685.4
MINDTECK,2026-09-22,7402,51.65,14331,644,157.94
MIRZAINT,2026-09-22,31635,58.04,54503,666,29.12
MITCON,2026-09-22,78857,99.19,79499,64,80.12
MITTAL,2026-09-22,581657,57.56,1010483,289,0.76
MKEXIM,2026-09-22,13902,92.05,15103,173,68.04
MKPL,2026-09-22,47763,74.45,64158,281,4.03
MLKFOOD,2026-09-22,1681,37.38,4497,92,82.45
MMFL,2026-09-22,40675,47.23,86119,6044,603.4
MMP,2026-09-22,82675,52.42,157727,5676,461.3
MMTC,2026-09-22,318712,44.37,718269,5208,59.67
MMWL,2026-09-22,7079,73.25,9664,97,13.29
MNC,2026-09-22,34973,86.93,40231,392,32.28
MOALPHA50,2026-09-22,16399,91.09,18003,74,55.44
MOBANK10,2026-09-22,3307,85.3,3877,45,16.77
MOBIKWIK,2026-09-22,419023,28.97,1446487,20359,209.02
MOCAPITAL,2026-09-22,161248,47.63,338511,1946,52.94
MODEFENCE,2026-09-22,582780,63.66,915413,5822,103.81
MODINATUR,2026-09-22,2008,61.18,3282,329,355.75
MODIRUBBER,2026-09-22,810,79.88,1014,33,122.04
MODIS,2026-09-22,5428,52.9,10261,565,347.3
MODTHREAD,2026-09-22,4242,67.95,6243,204,46.37
MOENERGY,2026-09-22,45222,78.09,57907,456,37.91
MOGOLD,2026-09-22,236989,91.95,257739,682,149.7
MOGSEC,2026-09-22,8824,92.16,9575,60,65.03
MOHEALTH,2026-09-22,31985,57.43,55690,543,52.65
MOHITE,2026-09-22,11384,97.17,11716,95,2.47
MOHITIND,2026-09-22,10855,86.29,12579,114,22.87
MOIL,2026-09-22,134742,39.8,338539,6018,243.2
MOINFRA,2026-09-22,1526,51.43,2967,49,57.56
MOIPO,2026-09-22,6399,95.58,6695,43,48.98
MOKSH,2026-09-22,34224,68.78,49760,125,10.06
MOL,2026-09-22,189898,39.5,480743,3558,61.45
MOLBIO,2026-09-22,216762,13.72,1579734,66318,1263.8
MOLDTKPAC,2026-09-22,14702,58.54,25115,1893,639.95
MOLOWVOL,2026-09-22,78582,93.52,84026,50,35.25
MOM100,2026-09-22,81582,59.54,137012,1987,66.87
MOM30IETF,2026-09-22,267888,59.69,448767,1471,30.83
MOM50,2026-09-22,2325,62.22,3737,128,243.74
MOMENTUM,2026-09-22,86525,94.81,91264,143,30.75
MOMENTUM30,2026-09-22,15074,71.43,21103,103,30.93
MOMENTUM50,2026-09-22,236296,54.23,435747,13901,53.53
MOMETAL,2026-09-22,1090,50.58,2155,30,13.02
MOMGF,2026-09-22,1165,77.82,1497,47,159.42
MOMIDMTM,2026-09-22,54886,70.85,77472,281,63.64
MOMMIDCAP,2026-09-22,2430456,98.21,2474779,664,12.82
MOMNC,2026-09-22,2230,77.7,2870,14,31.41
MOMOMENTUM,2026-09-22,24764,48.53,51028,330,61.32
MON100,2026-09-22,558347,52.82,1056991,20988,324.95
MON50EQUAL,2026-09-22,4614,68.85,6702,76,32.63
MONARCH,2026-09-22,41420,60.07,68954,1389,366.9
MONEXT50,2026-09-22,4304,92.88,4634,69,71.54
MONEYBOXX,2026-09-22,301532,58.59,514607,1266,57.4
MONIFTY100,2026-09-22,5858,98.32,5958,72,24.72
MONIFTY500,2026-09-22,140815,66.01,213318,1075,23.44
MONQ50,2026-09-22,479986,50.91,942885,9157,253.64
MONTECARLO,2026-09-22,37689,54.67,68944,2726,524.35
MOOILGAS,2026-09-22,13540,95.96,14110,69,11.51
MOPSE,2026-09-22,3508,74.31,4721,69,98.42
MOQUALITY,2026-09-22,311,44.18,704,40,193.97
MOREALTY,2026-09-22,201150,59.93,335647,1227,86.08
MOREPENLAB,2026-09-22,3346873,32.3,10361426,41212,119.04
MOSCHIP,2026-09-22,313226,33.39,938006,14158,207.37
MOSERVICE,2026-09-22,14030,81.7,17172,48,30.2
MOSILVER,2026-09-22,7819,34.18,22873,1392,227.71
MOSMALL250,2026-09-22,273259,69.05,395721,1741,18.3
MOTHERSON,2026-09-22,4417945,55.01,8031394,63431,161.77
MOTILALOFS,2026-09-22,288554,35.47,813525,32027,1007.0
MOTISONS,2026-09-22,11714996,16.68,70245799,83397,18.04
MOTOGENFIN,2026-09-22,87440,79.09,110559,223,26.28
MOTOUR,2026-09-22,8191,88.15,9292,117,78.52
MOVALUE,2026-09-22,345614,89.83,384762,629,110.44
MPHASIS,2026-09-22,296327,58.53,506297,23503,2265.0
MPIMANIPAL,2026-09-22,247090,40.09,616288,17646,338.6
MPSLTD,2026-09-22,3340,70.26,4754,1105,2603.2
MRF,2026-09-22,639,40.16,1591,1373,124770.0
MRPL,2026-09-22,1295738,30.27,4279978,34017,164.44
MSCI360,2026-09-22,302,95.57,316,18,9.91
MSCIADD,2026-09-22,141,42.34,333,9,28.91
MSCIINDIA,2026-09-22,4300,69.12,6221,161,29.19
MSL,2026-09-22,41,100.0,41,2,138.0
MSPL,2026-09-22,885577,66.23,1337071,4157,33.39
MSTCLTD,2026-09-22,122914,48.03,255933,12413,746.95
MSUMI,2026-09-22,3510073,62.31,5632984,22914,35.15
MTNL,2026-09-22,277816,37.85,734073,3167,23.67
MUFIN,2026-09-22,223006,36.53,610502,3721,132.69
MUFTI,2026-09-22,20386,55.82,36520,635,73.34
MUKANDLTD,2026-09-22,111791,53.96,207157,3598,141.41
MUKESHB,2026-09-22,50,98.04,51,3,130.5
MULTICAP,2026-09-22,71773,47.27,151841,481,16.45
MUNJALAU,2026-09-22,94515,39.48,239397,9338,104.8
MUNJALSHOW,2026-09-22,70464,40.67,173266,2122,133.32
MURUDCERA,2026-09-22,22161,80.52,27522,312,29.23
MUTHOOTCAP,2026-09-22,3171,68.37,4638,265,229.85
MUTHOOTFIN,2026-09-22,268498,55.45,484238,73988,2831.5
MUTHOOTMF,2026-09-22,120375,55.18,218153,4716,188.32
MVELECTRO,2026-09-22,245233,15.98,1534723,46657,877.35
MVGJL,2026-09-22,163244,40.03,407774,11039,213.26
MWL,2026-09-22,181225,47.83,378882,2705,42.03
NACLIND,2026-09-22,819262,52.55,1558909,22775,138.62
NAGREEKCAP,2026-09-22,13773,80.77,17052,184,28.46
NAGREEKEXP,2026-09-22,17226,90.67,18998,181,21.66
NAHARCAP,2026-09-22,1257,92.63,1357,52,249.95
NAHARINDUS,2026-09-22,26696,68.86,38768,1220,131.71
NAHARPOLY,2026-09-22,4710,71.95,6546,255,232.84
NAHARSPING,2026-09-22,13771,73.59,18714,837,277.85
NAM-INDIA,2026-09-22,372264,53.22,699444,31626,1159.0
NARMADA,2026-09-22,270056,62.16,434476,498,13.42
NATCOPHARM,2026-09-22,341829,55.19,619357,34001,815.05
NATHBIOGEN,2026-09-22,97465,97.79,99665,424,148.38
NATIONALUM,2026-09-22,1358644,50.55,2687468,43940,352.2
NATIONSTD,2026-09-22,6778,72.14,9396,451,114.98
NAUKRI,2026-09-22,585545,44.29,1322215,47771,1304.0
NAVA,2026-09-22,111966,61.15,183108,11442,550.9
NAVINFLUOR,2026-09-22,39042,53.55,72911,14964,8438.0
NAVKARCORP,2026-09-22,113606,52.98,214447,2792,89.38
NAVKARURB,2026-09-22,249806,87.73,284743,114,0.91
NAVNETEDUL,2026-09-22,140740,69.51,202463,3529,123.12
NAZARA,2026-09-22,290681,52.99,548510,9552,370.45
NBCC,2026-09-22,1865003,42.7,4367203,24133,81.9
NBIFIN,2026-09-22,6180,97.74,6323,82,1948.0
NCC,2026-09-22,867651,54.47,1592824,17660,134.41
NCLIND,2026-09-22,19904,73.76,26986,1063,175.51
NDGL,2026-09-22,99,56.57,175,73,2590.0
NDL,2026-09-22,388436,59.77,649914,904,2.76
NDLVENTURE,2026-09-22,2991,84.92,3522,120,124.01
NDRAUTO,2026-09-22,21265,53.89,39462,2584,753.2
NDTV,2026-09-22,29071,69.05,42101,583,72.31
NEAGI,2026-09-22,15,100.0,15,4,3468.8
NECLIFE,2026-09-22,94561,72.2,130968,430,10.83
NELCAST,2026-09-22,30302,51.87,58414,1226,108.9
NELCO,2026-09-22,179028,42.49,421377,16180,1011.75
NEOGEN,2026-09-22,45073,36.8,122496,12538,2379.2
NEPHROPLUS,2026-09-22,117264,56.93,205974,17013,749.45
NESCO,2026-09-22,27658,70.85,39039,4559,1069.0
NESTLEIND,2026-09-22,570121,65.91,865008,36869,1363.9
NETF,2026-09-22,209,49.64,421,90,254.99
NETWEB,2026-09-22,207494,22.36,927925,69928,4817.0
NETWORK18,2026-09-22,1787582,47.63,3752909,7918,26.91
NEULANDLAB,2026-09-22,14966,56.6,26441,11187,22550.0
NEWGEN,2026-09-22,96784,27.44,352708,13909,495.7
NEXT30ADD,2026-09-22,1054,65.88,1600,53,42.1
NEXT50,2026-09-22,9211,40.89,22526,2494,742.39
NEXT50ADD,2026-09-22,7858,48.11,16335,31,72.57
NEXT50BETA,2026-09-22,894557,95.47,936981,863,77.27
NEXT50ETF,2026-09-22,10817,65.82,16434,222,72.61
NEXT50IETF,2026-09-22,214163,58.75,364547,4052,75.87
NEXTMEDIA,2026-09-22,11151,89.27,12492,102,3.74
NFL,2026-09-22,158373,44.29,357620,2692,66.71
NGIL,2026-09-22,211336,98.61,214313,335,39.04
NGLFINE,2026-09-22,8925,55.68,16029,2572,2859.4
NH,2026-09-22,41491,48.24,86014,11860,1883.3
NHPC,2026-09-22,5404896,54.74,9874034,47370,76.01
NIACL,2026-09-22,451369,19.86,2272794,23296,187.41
NIBE,2026-09-22,35794,55.02,65055,5970,1369.9
NIBL,2026-09-22,57116,53.9,105959,1588,33.08
NICCOPAR,2026-09-22,517,86.74,596,24,81.5
NIF100BEES,2026-09-22,6446,50.13,12858,664,259.98
NIF100IETF,2026-09-22,42938,52.88,81203,1557,27.25
NIF500BETA,2026-09-22,6020,99.32,6061,14,36.72
NIFTY1,2026-09-22,21212,46.35,45764,1095,259.86
NIFTY100EW,2026-09-22,29349,57.87,50714,253,34.53
NIFTYADD,2026-09-22,1382,46.7,2959,92,246.38
NIFTYAXIS,2026-09-22,3625,62.11,5836,153,259.35
NIFTYBEES,2026-09-22,3744207,69.37,5397108,41866,266.64
NIFTYBETA,2026-09-22,13756,84.37,16304,349,259.33
NIFTYBETF,2026-09-22,847,90.98,931,54,240.6
NIFTYCASE,2026-09-22,523374,75.33,694769,1638,9.39
NIFTYETF,2026-09-22,46968,41.88,112153,739,254.53
NIFTYIETF,2026-09-22,223147,70.7,315625,11197,265.42
NIFTYJBLK,2026-09-22,39595,78.76,50272,611,11.99
NIFTYQLITY,2026-09-22,99997,57.59,173635,225,20.39
NIITLTD,2026-09-22,63083,47.52,132756,2453,89.52
NIITMTS,2026-09-22,48522,43.54,111441,5945,217.81
NILAINFRA,2026-09-22,65132,85.1,76534,376,6.66
NILASPACES,2026-09-22,858783,67.96,1263682,2133,12.02
NILE,2026-09-22,1286,72.33,1778,290,1444.9
NILKAMAL,2026-09-22,9124,55.15,16543,3414,1864.8
NIMBSPROJ,2026-09-22,2050,6.97,29424,603,188.54
NINSYS,2026-09-22,6014,91.61,6565,239,711.05
NIPPOBATRY,2026-09-22,6997,87.89,7961,350,325.55
NIRAJ,2026-09-22,58383,89.3,65381,187,28.16
NIRLON,2026-09-22,3823,64.98,5883,679,601.35
NITCO,2026-09-22,564501,52.63,1072518,7221,91.89
NITINSPIN,2026-09-22,25918,52.59,49283,4061,608.4
NITIRAJ,2026-09-22,1192,70.91,1681,46,229.33
NITTAGELA,2026-09-22,1501,67.7,2217,319,1700.1
NIVABUPA,2026-09-22,367222,45.63,804858,13985,80.83
NKIND,2026-09-22,553,93.73,590,15,56.55
NLCINDIA,2026-09-22,595817,59.05,1009013,20213,267.0
NMDC,2026-09-22,4694653,52.84,8885406,37104,80.2
NOCIL,2026-09-22,298569,37.81,789706,8559,193.89
NOIDATOLL,2026-09-22,31597,78.56,40221,467,4.0
NORBTEAEXP,2026-09-22,1055,99.81,1057,38,66.26
NORTHARC,2026-09-22,335572,51.7,649137,17938,315.9
NOVAAGRI,2026-09-22,33809,85.76,39425,267,23.08
NOVARTIND,2026-09-22,17162,36.59,46906,4594,1973.3
NPBET,2026-09-22,103,88.79,116,12,284.26
NPST,2026-09-22,50153,30.7,163372,18514,1888.8
NRAIL,2026-09-22,17120,48.26,35475,2776,652.1
NRBBEARING,2026-09-22,129916,39.64,327766,17262,520.5
NSIL,2026-09-22,505,70.93,712,193,5524.0
NSLNISP,2026-09-22,852351,38.49,2214252,10485,42.51
NTCIND,2026-09-22,735,75.54,973,57,133.81
NTPC,2026-09-22,3972336,63.87,6219007,66245,327.8
NTPCGREEN,2026-09-22,4069366,37.59,10827047,73067,93.31
NUCLEUS,2026-09-22,5070,59.99,8452,890,685.95
NUVAMA,2026-09-22,93486,58.42,160021,20722,1675.7
NUVOCO,2026-09-22,151427,51.75,292607,11285,338.85
NV20,2026-09-22,28244,55.63,50769,204,13.58
NV20BEES,2026-09-22,5752,55.31,10399,197,135.7
NV20IETF,2026-09-22,210835,63.76,330687,1584,13.23
NYKAA,2026-09-22,984646,52.21,1885771,27324,333.55
OAL,2026-09-22,34028,52.91,64317,3449,556.9
OBCL,2026-09-22,4728,92.49,5112,45,58.16
OBEROIRLTY,2026-09-22,258129,54.85,470585,24987,1845.6
ODIGMA,2026-09-22,10860,80.24,13535,886,20.92
ODYCORP,2026-09-22,308254,99.13,310960,115,7.02
OFSS,2026-09-22,83376,35.83,232724,46237,10989.0
OIL,2026-09-22,1035430,39.1,2648023,35209,467.0
OILIETF,2026-09-22,364403,41.38,880678,1986,11.12
OLAELEC,2026-09-22,16643431,22.55,73804321,163330,37.78
OLECTRA,2026-09-22,170575,30.35,561988,36034,1217.2
OMAXAUTO,2026-09-22,31980,54.73,58433,1157,190.86
OMAXE,2026-09-22,168899,21.85,773045,9369,116.5
OMINFRAL,2026-09-22,19282,57.4,33594,798,78.93
OMNI,2026-09-22,404854,39.76,1018160,33046,562.5
OMPOWER,2026-09-22,30077,59.86,50245,1032,170.34
ONEGLOBAL,2026-09-22,7063,68.04,10380,646,547.9
ONEPOINT,2026-09-22,2179067,31.62,6891301,41159,63.2
ONESOURCE,2026-09-22,86875,56.03,155059,10207,1587.9
ONGC,2026-09-22,4596833,56.77,8097173,77186,236.13
ONIDA,2026-09-22,420288,66.9,628277,2616,34.73
ONIXSOLAR,2026-09-22,108832,43.68,249185,2425,322.6
ONWARDTEC,2026-09-22,18039,66.87,26976,715,286.6
OPTIEMUS,2026-09-22,1433612,17.82,8046819,173080,708.9
OPTIFIN,2026-09-22,611802,42.59,1436544,7979,16.7
ORCHASP,2026-09-22,135483,77.18,175541,558,1.37
ORCHPHARMA,2026-09-22,149310,30.23,493833,37564,1107.2
ORICONENT,2026-09-22,17582,64.12,27420,391,55.78
ORIENTALTL,2026-09-22,36720,69.2,53067,220,4.98
ORIENTBELL,2026-09-22,9475,65.53,14460,848,392.8
ORIENTCEM,2026-09-22,186467,51.58,361493,3929,123.19
ORIENTCER,2026-09-22,113060,54.43,207701,1856,48.08
ORIENTELEC,2026-09-22,55109,66.41,82979,2813,166.54
ORIENTHOT,2026-09-22,116726,39.95,292194,3412,142.88
ORIENTPPR,2026-09-22,74042,64.39,114990,986,16.99
ORIENTTECH,2026-09-22,40123,46.58,86146,2605,235.08
ORIRAIL,2026-09-22,98460,40.26,244531,4534,126.96
ORISSAMINE,2026-09-22,2540,49.42,5140,1378,3879.7
ORKLAINDIA,2026-09-22,26219,52.75,49707,4291,569.25
ORTINGLOBE,2026-09-22,40546,77.27,52473,92,14.74
OSWALAGRO,2026-09-22,7214,77.58,9299,125,35.12
OSWALGREEN,2026-09-22,42086,64.09,65670,626,20.06
OSWALPUMPS,2026-09-22,157477,53.79,292752,6089,273.6
OSWALSEEDS,2026-09-22,40752,72.16,56475,231,13.81
PACEDIGITK,2026-09-22,1549267,5.79,26735640,195800,167.74
PACIFICI,2026-09-22,202,99.02,204,7,140.0
PAGEIND,2026-09-22,9901,25.92,38196,17374,37150.0
PAISALO,2026-09-22,6514052,33.96,19182757,40256,93.43
PAKKA,2026-09-22,22604,60.38,37438,805,77.02
PALASHSECU,2026-09-22,712,97.94,727,8,86.7
PALREDTEC,2026-09-22,311,98.42,316,17,46.95
PANACEABIO,2026-09-22,62638,41.87,149585,5715,382.65
PANAMAPET,2026-09-22,63642,45.95,138492,5296,481.25
PANORAMA,2026-09-22,167305,52.33,319717,2944,55.32
PANSARI,2026-09-22,432,93.71,461,26,278.1
PARACABLES,2026-09-22,458126,43.64,1049848,5770,61.75
PARADEEP,2026-09-22,425635,36.62,1162417,20845,154.17
PARAGMILK,2026-09-22,1512355,38.68,3909827,70641,279.4
PARAS,2026-09-22,210461,29.07,723945,38664,1375.5
PARASPETRO,2026-09-22,54818,70.98,77231,208,2.09
PARKHOSPS,2026-09-22,181330,49.81,364039,6594,285.1
PARKHOTELS,2026-09-22,109261,47.27,231164,6060,107.75
PARNAXLAB,2026-09-22,6000,92.95,6455,131,129.22
PASHUPATI,2026-09-22,60401,47.32,127639,1374,80.2
PASUPTAC,2026-09-22,496172,51.28,967519,8657,76.37
PATANJALI,2026-09-22,2090639,13.44,15560500,128257,404.0
PATELENG,2026-09-22,3251910,38.34,8482601,22892,26.85
PATELRMART,2026-09-22,24204,62.45,38760,998,205.36
PATINTLOG,2026-09-22,55166,68.74,80249,535,14.19
PAUSHAKLTD,2026-09-22,20289,70.74,28680,1775,700.95
PAVNAIND,2026-09-22,112853,58.65,192402,677,15.46
PAYTM,2026-09-22,408065,33.76,1208769,39223,1814.4
PBMPOLY,2026-09-22,1936,99.9,1938,27,65.01
PCBL,2026-09-22,647513,37.23,1739256,37965,347.75
PCJEWELLER,2026-09-22,136497845,21.38,638501220,288152,13.58
PDMJEPAPER,2026-09-22,50093,42.23,118631,2134,97.36
PDSL,2026-09-22,62935,59.01,106649,5969,361.45
PEARLPOLY,2026-09-22,24027,90.19,26641,70,18.83
PENIND,2026-09-22,180711,48.16,375240,6032,174.14
PENINLAND,2026-09-22,338956,51.52,657910,1774,17.03
PERMAGN,2026-09-22,2433,80.88,3008,257,837.85
PERNIASPOP,2026-09-22,40803,43.99,92753,4491,545.75
PERSISTENT,2026-09-22,148284,42.32,350423,31298,5366.0
PETRONET,2026-09-22,1277259,63.96,1996961,40714,281.75
PFC,2026-09-22,4733419,62.25,7604431,49517,345.8
PFIZER,2026-09-22,5881,55.97,10508,2532,3998.9
PFOCUS,2026-09-22,533491,12.54,4255646,44658,357.45
PFS,2026-09-22,190444,72.94,261099,1714,26.43
PGEL,2026-09-22,345410,40.38,855489,19393,520.2
PGHH,2026-09-22,29131,55.1,52867,13524,7282.0
PGHL,2026-09-22,1812,32.02,5659,1831,5459.0
PGIL,2026-09-22,64377,27.93,230499,23755,1194.9
PHARMABEES,2026-09-22,2248591,75.92,2961932,8081,27.68
PHOENIXLTD,2026-09-22,255797,60.74,421114,22875,1953.4
PHOENXINTL,2026-09-22,710,87.65,810,18,28.35
PICCADIL,2026-09-22,103837,40.63,255580,16465,614.8
PIDILITIND,2026-09-22,291001,60.31,482511,19585,1572.7
PIGL,2026-09-22,13714,69.98,19598,322,101.06
PIIND,2026-09-22,144799,17.28,837735,58880,2410.0
PILANIINVS,2026-09-22,1153,79.3,1454,250,4008.3
PILITA,2026-09-22,12977,65.91,19689,246,7.38
PINELABS,2026-09-22,13640795,16.63,82008849,424255,197.58
PIONEEREMB,2026-09-22,5965,69.25,8614,103,22.28
PIRAMALFIN,2026-09-22,155145,58.33,265963,26515,2206.7
PITTIENG,2026-09-22,22324,54.44,41005,4249,1121.9
PIXTRANS,2026-09-22,5351,63.62,8411,1289,1733.0
PLASTIBLEN,2026-09-22,5517,69.72,7913,364,185.94
PLATIND,2026-09-22,49412,72.96,67727,1485,216.07
PLAZACABLE,2026-09-22,53709,58.34,92063,1355,62.27
PML,2026-09-22,424,99.76,425,22,498.85
PNB,2026-09-22,4139221,46.16,8967547,27839,117.0
PNBGILTS,2026-09-22,110181,27.37,402524,4441,76.23
PNBHOUSING,2026-09-22,99092,45.6,217294,16292,1125.6
PNC,2026-09-22,3459,79.01,4378,109,16.42
PNCINFRA,2026-09-22,851372,52.84,1611269,21182,139.62
PNGJL,2026-09-22,63369,48.29,131220,7530,598.4
PNGSREVA,2026-09-22,63523,37.85,167836,8135,511.7
POCL,2026-09-22,128040,36.64,349421,13803,472.95
PODDARMENT,2026-09-22,1749,85.15,2054,57,288.7
POEL,2026-09-22,14322,68.73,20838,614,138.05
POKARNA,2026-09-22,20960,44.4,47211,3423,732.55
POLICYBZR,2026-09-22,478058,60.22,793833,43680,1805.0
POLYCAB,2026-09-22,129308,55.91,231281,39430,8350.0
POLYMED,2026-09-22,29789,49.94,59651,7927,1699.0
POLYPLEX,2026-09-22,20546,60.59,33912,2487,1091.6
POLYSPIN,2026-09-22,1558,63.2,2465,51,28.51
PONNIERODE,2026-09-22,8151,56.58,14405,1011,362.8
POONAWALLA,2026-09-22,491425,62.37,787982,25407,471.9
POWERGRID,2026-09-22,4737489,64.77,7314792,56787,265.95
POWERICA,2026-09-22,42914,37.86,113348,5696,559.3
POWERINDIA,2026-09-22,36361,40.79,89147,29383,31415.0
POWERMECH,2026-09-22,12080,37.07,32584,6153,2443.1
PPLPHARMA,2026-09-22,1106174,44.78,2470090,32381,210.12
PRABHA,2026-09-22,134189,53.8,249425,3511,235.72
PRAENG,2026-09-22,18500,71.36,25926,272,21.56
PRAJIND,2026-09-22,205435,40.85,502874,13128,317.55
PRAKASH,2026-09-22,205433,36.42,564037,7132,119.12
PRAKASHSTL,2026-09-22,51080,78.31,65227,345,3.72
PRANAV,2026-09-22,977619,33.77,2894567,34872,102.87
PRASOLCHEM,2026-09-22,186660,45.19,413042,24189,704.75
PRAVEG,2026-09-22,15654,58.15,26918,1284,255.85
PRAXIS,2026-09-22,33527,85.44,39242,122,4.35
PRECAM,2026-09-22,48863,44.38,110105,3001,118.87
PRECOT,2026-09-22,1352,49.33,2741,213,674.6
PRECWIRE,2026-09-22,287947,29.99,960152,39568,491.1
PREMCO,2026-09-22,331,93.5,354,42,402.0
PREMEXPLN,2026-09-22,86124,78.61,109557,1675,674.25
PREMIERENE,2026-09-22,676386,56.27,1202025,20190,907.2
PREMIERPOL,2026-09-22,46516,49.39,94173,2703,81.02
PRESTIGE,2026-09-22,364298,71.07,512562,13686,1479.6
PRICOLLTD,2026-09-22,88538,42.0,210797,15590,768.1
PRIMESECU,2026-09-22,5407,60.36,8958,576,290.2
PRIMO,2026-09-22,97998,56.15,174515,993,22.69
PRINCEPIPE,2026-09-22,52812,52.83,99974,3506,265.25
PRIORITY,2026-09-22,71361,57.44,124239,1840,223.5
PRISMX,2026-09-22,68774,77.53,88701,74,0.55
PRITI,2026-09-22,5955,93.47,6371,182,32.9
PRIVISCL,2026-09-22,21536,52.27,41202,9773,3515.2
PROSTARM,2026-09-22,34327,51.37,66825,1473,127.84
PROTEAN,2026-09-22,1718533,11.6,14817622,347824,620.65
PROZONER,2026-09-22,373197,86.35,432191,1870,52.23
PRSMJOHNSN,2026-09-22,98374,56.76,173322,3223,116.08
PRUDENT,2026-09-22,4563,47.88,9530,4410,3403.7
PRUDMOULI,2026-09-22,22069,87.82,25129,130,13.71
PSB,2026-09-22,235916,50.32,468789,2168,21.93
PSPPROJECT,2026-09-22,26721,48.71,54861,3303,828.7
PSUBANK,2026-09-22,15166,51.29,29570,320,82.66
PSUBANKADD,2026-09-22,7606,50.96,14924,209,83.2
PSUBNKBEES,2026-09-22,357523,52.07,686677,4915,92.15
PSUBNKIETF,2026-09-22,17309,57.66,30018,576,83.66
PTC,2026-09-22,672025,63.82,1053065,9629,155.63
PTCIL,2026-09-22,5411,35.23,15358,5136,22130.0
PTL,2026-09-22,11274,68.01,16578,475,38.35
PUNJABCHEM,2026-09-22,3065,50.74,6041,680,1066.2
PURVA,2026-09-22,74424,18.84,395080,7753,216.69
PVP,2026-09-22,360385,45.65,789426,1887,65.35
PVRINOX,2026-09-22,198949,51.19,388638,30852,1334.8
PVSL,2026-09-22,7104,63.34,11215,519,99.92
PVTBANIETF,2026-09-22,474902,62.84,755688,1639,27.7
PVTBANK,2026-09-22,2625,81.85,3207,23,27.3
PVTBANKADD,2026-09-22,34884,63.93,54566,111,27.91
PVTBKGROWW,2026-09-22,10203,70.65,14442,79,27.39
PWL,2026-09-22,2303162,37.59,6126383,42712,136.35
PYRAMID,2026-09-22,10481,62.16,16861,500,157.79
QGOLDHALF,2026-09-22,65687,46.18,142236,944,125.2
QNIFTY,2026-09-22,3994,72.08,5541,142,257.6
QPOWER,2026-09-22,115242,53.4,215820,14869,1491.6
QUADFUTURE,2026-09-22,217721,31.04,701484,22289,522.4
QUAL30IETF,2026-09-22,32523,78.53,41414,280,20.37
QUALITY30,2026-09-22,3571,77.95,4581,109,19.96
QUESS,2026-09-22,161899,40.12,403546,20418,360.45
QUICKHEAL,2026-09-22,53559,46.98,114004,2377,152.32
RACE,2026-09-22,531285,77.86,682329,1482,119.98
RACLGEAR,2026-09-22,22154,34.11,64952,9053,1758.0
RADAAN,2026-09-22,13115,88.95,14744,56,2.87
RADIANTCMS,2026-09-22,142911,54.32,263083,1585,35.24
RADICO,2026-09-22,92250,57.36,160829,18127,4448.8
RADIOCITY,2026-09-22,56960,94.94,59997,238,6.09
RAILTEL,2026-09-22,115140,24.5,469926,11880,263.9
RAIN,2026-09-22,2149187,47.95,4482583,34460,219.54
RAINBOW,2026-09-22,64216,67.39,95288,9794,1430.9
RAJMET,2026-09-22,187666,66.29,283086,789,3.14
RAJPALAYAM,2026-09-22,349,95.1,367,35,758.5
RAJRATAN,2026-09-22,47636,55.13,86400,4658,450.2
RAJSREESUG,2026-09-22,13186,54.79,24067,431,32.16
RAJTV,2026-09-22,96146,75.0,128187,252,9.31
RALLIS,2026-09-22,263042,46.98,559902,16124,201.95
RAMANEWS,2026-09-22,15880,89.67,17709,180,32.11
RAMAPHO,2026-09-22,8469,66.99,12642,367,120.16
RAMBHAJO,2026-09-22,337714,44.76,754506,12919,284.1
RAMCOCEM,2026-09-22,215885,73.86,292303,7188,883.5
RAMCOIND,2026-09-22,25277,54.74,46173,2337,320.85
RAMCOSYS,2026-09-22,58976,63.68,92608,1960,592.4
RAMKY,2026-09-22,20289,60.09,33762,1222,316.55
RAMRAT,2026-09-22,655168,80.66,812222,15117,562.75
RANASUG,2026-09-22,90903,38.35,237048,810,14.11
RANEHOLDIN,2026-09-22,3491,61.72,5656,744,1585.6
RATEGAIN,2026-09-22,147766,53.24,277542,17501,837.5
RATNAMANI,2026-09-22,12042,43.92,27421,6327,2781.7
RATNAVEER,2026-09-22,1296332,20.91,6199353,61744,332.3
RAYMOND,2026-09-22,827245,16.71,4950372,165295,1116.95
RAYMONDLSL,2026-09-22,149387,47.83,312338,12332,652.8
RAYMONDREL,2026-09-22,323120,42.21,765481,22578,589.5
RBA,2026-09-22,1802487,50.54,3566634,32222,93.64
RBLBANK,2026-09-22,2106717,28.6,7366610,60635,423.2
RCF,2026-09-22,433007,45.23,957267,10091,107.63
RECLTD,2026-09-22,2937282,63.28,4641953,36300,307.1
REDINGTON,2026-09-22,2240478,39.56,5662870,76308,410.35
REDTAPE,2026-09-22,151549,27.86,543970,8555,118.8
REFEX,2026-09-22,166819,31.73,525817,13271,291.0
REGAAL,2026-09-22,1414088,17.29,8177219,47011,97.21
REGENCERAM,2026-09-22,2190,74.31,2947,41,33.3
RELAXO,2026-09-22,71860,34.22,209982,8839,292.65
RELCHEMQ,2026-09-22,1387,56.18,2469,105,117.61
RELIABLE,2026-09-22,13097,63.04,20777,1135,142.05
RELIANCE,2026-09-22,6109518,57.18,10684376,137145,1240.4
RELIGARE,2026-09-22,433411,47.95,903971,13142,249.17
RELTD,2026-09-22,97389,49.92,195108,3730,151.26
REMSONSIND,2026-09-22,54885,49.22,111502,1546,97.82
RENTOMOJO,2026-09-22,723820,21.19,3415248,75282,524.9
RENUKA,2026-09-22,1757009,26.26,6690805,10755,22.82
REPCOHOME,2026-09-22,39181,62.41,62778,2048,357.25
REPL,2026-09-22,2003,59.44,3370,86,57.67
REPRO,2026-09-22,7371,73.15,10077,462,298.2
RESPONIND,2026-09-22,34508,41.18,83796,2280,157.38
RETAIL,2026-09-22,1283,86.11,1490,59,17.11
RGL,2026-09-22,214181,45.84,467283,7375,156.78
RHETAN,2026-09-22,3370198,61.04,5520962,9988,17.67
RHIM,2026-09-22,1297292,10.92,11882563,158172,379.2
RHL,2026-09-22,4348,88.68,4903,35,174.82
RICOAUTO,2026-09-22,153478,33.55,457519,5294,128.14
RIIL,2026-09-22,7486,20.42,36666,2247,709.7
RIR,2026-09-22,389474,36.1,1078839,16764,191.56
RISHABH,2026-09-22,56621,51.98,108922,7188,736.55
RITCO,2026-09-22,40309,59.93,67260,2116,287.2
RITES,2026-09-22,134435,23.25,578211,14149,203.6
RKDL,2026-09-22,51507,59.66,86335,437,18.85
RKEC,2026-09-22,9237,47.82,19316,227,18.43
RKFORGE,2026-09-22,247670,37.49,660677,23253,716.25
RKSWAMY,2026-09-22,16174,78.91,20496,486,87.8
RMC,2026-09-22,13157,46.58,28244,1549,225.2
RML,2026-09-22,15395,40.79,37741,4146,1347.9
ROHLTD,2026-09-22,4022,48.73,8254,681,306.0
ROLEXRINGS,2026-09-22,284884,53.28,534690,7519,172.5
ROML,2026-09-22,3207,93.85,3417,46,41.14
ROSSARI,2026-09-22,52425,59.09,88725,4745,442.25
ROSSELLIND,2026-09-22,26255,70.41,37290,604,51.92
ROSSTECH,2026-09-22,181935,17.31,1051024,73245,1494.1
ROTO,2026-09-22,105331,44.83,234959,2550,62.8
ROUTE,2026-09-22,112883,60.3,187200,7227,463.95
RPEL,2026-09-22,31032,43.91,70679,9628,1742.3
RPGLIFE,2026-09-22,2623,35.21,7450,1855,2746.9
RPOWER,2026-09-22,5667453,37.24,15218039,30338,20.89
RPPINFRA,2026-09-22,17569,63.05,27867,398,54.98
RPSGVENT,2026-09-22,14297,60.3,23708,1476,841.65
RPTECH,2026-09-22,357737,49.21,726954,32363,883.55
RRECL,2026-09-22,154,98.72,156,6,137.0
RRIL,2026-09-22,18420,64.41,28596,230,16.11
RRKABEL,2026-09-22,173753,54.77,317242,29499,2472.5
RSL,2026-09-22,196122,40.58,483336,10309,187.27
RSSOFTWARE,2026-09-22,35558,73.8,48181,269,31.6
RSWM,2026-09-22,52429,54.82,95632,2084,227.01
RSYSTEMS,2026-09-22,44633,47.95,93080,2641,239.45
RTNINDIA,2026-09-22,415473,30.47,1363637,8622,27.22
RTNPOWER,2026-09-22,5923225,43.67,13563610,11037,7.06
RTSPOWR,2026-09-22,6614,97.25,6801,78,90.06
RUBFILA,2026-09-22,16786,41.15,40794,663,66.97
RUBICON,2026-09-22,186704,54.18,344602,33920,1671.2
RUBYMILLS,2026-09-22,3951,58.26,6782,530,459.95
RUCHINFRA,2026-09-22,34299,48.47,70765,277,5.01
RUCHIRA,2026-09-22,9419,64.52,14598,383,105.93
RUDRA,2026-09-22,12659,82.78,15293,110,20.1
RUPA,2026-09-22,40722,54.1,75272,2897,138.52
RUSHIL,2026-09-22,334802,56.53,592262,1116,16.7
RUSTOMJEE,2026-09-22,16838,43.85,38395,1484,363.55
RVHL,2026-09-22,5544,93.66,5919,60,39.65
RVNL,2026-09-22,970500,23.96,4049857,35467,211.15
RVTH,2026-09-22,129,97.73,132,15,671.55
S&SPOWER,2026-09-22,3519,85.7,4106,115,325.45
SAATVIKGL,2026-09-22,146046,42.3,345259,12133,446.75
SAB,2026-09-22,5,100.0,5,3,174.15
SADBHAV,2026-09-22,98831,85.53,115553,319,7.68
SADBHIN,2026-09-22,105807,89.78,117847,228,2.58
SAFARI,2026-09-22,14319,48.93,29262,5278,1498.5
SAGARDEEP,2026-09-22,2943,71.52,4115,71,23.39
SAGCEM,2026-09-22,30749,67.0,45894,1039,151.32
SAGILITY,2026-09-22,3563720,47.56,7493649,18943,45.61
SAHLIBHFI,2026-09-22,14271,49.63,28755,709,77.36
SAHYADRI,2026-09-22,4527,65.62,6899,645,360.25
SAICAPI,2026-09-22,35,63.64,55,9,152.52
SAIL,2026-09-22,2873670,40.67,7065250,50110,174.01
SAILIFE,2026-09-22,137888,50.22,274572,25937,1600.5
SAIPARENT,2026-09-22,15832,58.41,27104,1709,506.65
SAKAR,2026-09-22,50524,47.1,107278,8649,1188.4
SAKHTISUG,2026-09-22,52228,60.57,86231,394,18.3
SAKSOFT,2026-09-22,90882,41.07,221274,3724,144.36
SAKUMA,2026-09-22,605788,73.65,822511,699,1.52
SALASAR,2026-09-22,1905497,54.43,3500589,2471,4.96
SALONA,2026-09-22,3293,65.36,5038,149,271.5
SALSTEEL,2026-09-22,166534,23.26,715814,4879,80.98
SALZERELEC,2026-09-22,18634,47.7,39062,2153,545.95
SAMBHAAV,2026-09-22,24878,67.99,36588,133,5.96
SAMBHV,2026-09-22,1429713,24.71,5785775,43578,151.94
SAMHI,2026-09-22,262170,49.72,527288,10305,159.52
SAMMAANCAP,2026-09-22,1640566,55.05,2980044,14536,142.36
SAMPANN,2026-09-22,12648,88.18,14344,168,24.1
SANATHAN,2026-09-22,23311,67.7,34433,2868,471.3
SANDESH,2026-09-22,316,76.7,412,66,1038.7
SANDHAR,2026-09-22,45547,59.73,76254,4750,586.3
SANDUMA,2026-09-22,173605,44.86,386959,7162,183.24
SANGAMIND,2026-09-22,6149,58.0,10602,1085,569.3
SANGHVIMOV,2026-09-22,79963,51.66,154791,6643,438.8
SANOFI,2026-09-22,8443,62.77,13451,2886,3058.8
SANOFICONR,2026-09-22,1822,53.43,3410,1040,3993.0
SANSERA,2026-09-22,284006,31.04,914987,124629,4586.5
SANSTAR,2026-09-22,60464,36.83,164181,3199,112.61
SAPPHIRE,2026-09-22,313082,46.36,675367,15787,237.24
SAPPL,2026-09-22,260,96.3,270,7,272.15
SARDAEN,2026-09-22,110840,50.59,219099,9020,503.35
SAREGAMA,2026-09-22,131569,32.36,406636,17642,503.35
SARLAPOLY,2026-09-22,34782,53.13,65467,1110,99.26
SARVESHWAR,2026-09-22,574963,71.73,801580,1202,3.67
SASKEN,2026-09-22,36467,58.48,62363,5239,1755.6
SATIA,2026-09-22,39474,56.27,70149,1337,67.41
SATIN,2026-09-22,106215,67.94,156325,2313,223.2
SAURASHCEM,2026-09-22,29302,66.06,44355,736,53.15
SAYAJIHOTL,2026-09-22,261,98.12,266,20,309.15
SAYAJIIND,2026-09-22,1010,99.7,1013,6,121.0
SBC,2026-09-22,1902363,26.49,7180385,4901,49.23
SBCL,2026-09-22,94338,48.74,193534,14248,1126.9
SBFC,2026-09-22,338412,54.29,623342,7701,90.41
SBGLP,2026-09-22,70527,76.53,92156,452,23.34
SBIBPB,2026-09-22,12686,55.77,22749,277,47.86
SBICARD,2026-09-22,336185,49.69,676501,21625,634.95
SBIETFCON,2026-09-22,1562,60.05,2601,64,118.93
SBIETFIT,2026-09-22,6554,45.66,14353,305,317.37
SBIETFPB,2026-09-22,24016,99.08,24239,82,279.18
SBIETFQLTY,2026-09-22,1235,100.0,1235,41,214.19
SBIFUNDS,2026-09-22,286789,54.42,526991,21971,546.0
SBILIFE,2026-09-22,190831,57.89,329671,25357,1756.3
SBILIQETF,2026-09-22,542041,87.28,621027,307,1056.9
SBIMIDMOM,2026-09-22,52002,84.07,61859,183,63.01
SBIN,2026-09-22,3052014,49.82,6126235,125775,987.0
SBINEQWETF,2026-09-22,13477,45.82,29413,279,32.43
SBINMID150,2026-09-22,38240,91.4,41838,129,22.93
SBISILVER,2026-09-22,304280,23.3,1305691,6086,225.6
SBISMLETF,2026-09-22,26425,79.73,33143,220,18.28
SBIVALETF,2026-09-22,4168,100.0,4168,46,14.46
SCHAEFFLER,2026-09-22,16749,60.68,27601,12520,4054.2
SCHAND,2026-09-22,14725,48.89,30117,1423,133.75
SCHNEIDER,2026-09-22,62242,45.46,136911,12572,1214.2
SCI,2026-09-22,381991,32.01,1193262,19930,281.1
SCILAL,2026-09-22,192570,64.58,298183,1876,38.27
SCODATUBES,2026-09-22,145814,78.96,184669,2017,128.85
SDBL,2026-09-22,142463,49.15,289834,3827,67.45
SEAMECLTD,2026-09-22,18365,51.27,35821,4548,1734.7
SECLEDBETA,2026-09-22,11184,99.63,11225,27,14.31
SECMARK,2026-09-22,1048,78.38,1337,87,136.11
SECURKLOUD,2026-09-22,3334,67.54,4936,68,16.85
SEDEMAC,2026-09-22,42658,44.9,95017,11976,3034.3
SEIL,2026-09-22,153343,59.44,257983,2961,191.74
SEJALLTD,2026-09-22,2109,59.81,3526,435,666.3
SEKURITIND,2026-09-22,19135,70.96,26965,536,114.35
SELECTIPO,2026-09-22,64614,92.26,70034,119,48.84
SEMAC,2026-09-22,16,66.67,24,8,279.0
SENCO,2026-09-22,152025,44.3,343192,13766,337.35
SENORES,2026-09-22,111999,48.9,229036,15760,1379.9
SENSEXADD,2026-09-22,329,45.13,729,21,77.06
SENSEXAXIS,2026-09-22,1287,49.88,2580,38,77.69
SENSEXBETA,2026-09-22,1440,84.36,1707,77,828.37
SENSEXETF,2026-09-22,4549,30.75,14793,225,77.12
SENSEXIETF,2026-09-22,2938,62.78,4680,333,860.49
SEPC,2026-09-22,3030199,48.03,6308331,3622,5.16
SERVOTECH,2026-09-22,303017,54.95,551402,5609,70.64
SESHAPAPER,2026-09-22,19287,67.23,28688,979,246.94
SETF10GILT,2026-09-22,1338,86.66,1544,20,262.53
SETFGOLD,2026-09-22,2542780,46.23,5500775,9827,128.91
SETFNIF50,2026-09-22,349275,65.39,534174,5829,251.73
SETFNIFBK,2026-09-22,29294,83.81,34953,1299,578.21
SETFNN50,2026-09-22,9072,61.04,14862,1102,772.86
SETL,2026-09-22,304205,42.15,721740,13553,402.55
SFL,2026-09-22,82516,36.92,223486,14822,648.25
SGFIN,2026-09-22,72222,41.38,174549,9328,624.6
SGIL,2026-09-22,18957,48.53,39063,1099,636.8
SGL,2026-09-22,5681,92.48,6143,191,9.07
SGLRES,2026-09-22,28359,66.86,42415,147,2.4
SGMART,2026-09-22,31141,54.1,57564,5363,721.8
SGRL,2026-09-22,15276,46.18,33078,2638,704.8
SHADOWFAX,2026-09-22,5659793,52.78,10724382,193703,283.05
SHAH,2026-09-22,586900,69.58,843480,629,3.25
SHAILY,2026-09-22,70221,46.03,152551,20773,3168.8
SHAKTIPUMP,2026-09-22,168535,37.71,446914,19349,469.1
SHALBY,2026-09-22,117822,59.85,196871,2653,136.7
SHANKARA,2026-09-22,47657,41.09,115988,1445,141.39
SHANKESH,2026-09-22,475453,35.52,1338379,11491,91.09
SHANTI,2026-09-22,32811,66.37,49440,149,5.56
SHANTIGEAR,2026-09-22,32155,37.84,84984,4019,673.7
SHANTIGOLD,2026-09-22,453627,41.89,1083004,17797,258.04
SHARDACROP,2026-09-22,35962,43.82,82060,6420,747.35
SHARDAMOTR,2026-09-22,64478,45.43,141934,11511,985.75
SHAREINDIA,2026-09-22,734272,35.57,2064061,22365,223.32
SHARIABEES,2026-09-22,14255,83.15,17144,580,435.76
SHBAJRG,2026-09-22,2195,86.04,2551,38,153.79
SHERVANI,2026-09-22,27,100.0,27,4,343.0
SHILCTECH,2026-09-22,6071,66.27,9161,3467,3989.0
SHILGRAVQ,2026-09-22,2264,83.11,2724,56,154.57
SHILPAMED,2026-09-22,258024,38.22,675143,31921,1033.15
SHINDL,2026-09-22,104942,42.48,247030,1256,162.53
SHIPROCKET,2026-09-22,1162060,25.03,4643439,39572,126.19
SHIVAAGRO,2026-09-22,1551,75.44,2056,61,40.03
SHIVACEM,2026-09-22,27006,79.95,33780,426,15.5
SHIVALIK,2026-09-22,129407,43.43,297963,14315,416.9
SHIVAMAUTO,2026-09-22,67008,76.66,87411,389,17.75
SHIVAMILLS,2026-09-22,57,51.82,110,10,61.24
SHIVATEX,2026-09-22,2903,78.59,3694,139,172.07
SHIVAUM,2026-09-22,514746,75.46,682178,2269,515.05
SHK,2026-09-22,109294,51.94,210414,3564,138.28
SHOPERSTOP,2026-09-22,10952,38.51,28442,2372,392.5
SHRADDHA,2026-09-22,4473,79.34,5638,137,144.78
SHRADHA,2026-09-22,4032,75.73,5324,26,30.78
SHREDIGCEM,2026-09-22,44148,72.56,60844,1142,66.92
SHREECEM,2026-09-22,3960,41.31,9585,5784,22200.0
SHREEJISPG,2026-09-22,436196,37.71,1156580,10232,719.35
SHREEPUSHK,2026-09-22,18683,55.38,33737,2509,505.85
SHREERAMA,2026-09-22,22644,54.03,41912,434,43.69
SHREYANIND,2026-09-22,10885,83.06,13105,292,127.31
SHRIKRISH,2026-09-22,65,62.5,104,7,34.75
SHRINGARMS,2026-09-22,89316,46.5,192061,2047,208.56
SHRIPISTON,2026-09-22,26904,51.71,52033,11576,4512.6
SHRIRAMFIN,2026-09-22,2411799,63.92,3773069,76643,1006.0
SHRIRAMPPS,2026-09-22,132850,53.45,248568,2165,71.03
SHRJAGP,2026-09-22,472,76.87,614,56,630.5
SHUKRAPHAR,2026-09-22,1641240,32.09,5114278,18173,58.59
SHYAMMETL,2026-09-22,268390,69.9,383963,13862,1094.1
SHYAMTEL,2026-09-22,4343,86.51,5020,15,11.05
SICAGEN,2026-09-22,10476,81.88,12795,186,52.05
SIEL,2026-09-22,14,100.0,14,4,30.48
SIEMENS,2026-09-22,107753,41.84,257553,40720,3858.0
SIGACHI,2026-09-22,1211816,38.75,3127491,11516,30.61
SIGMA,2026-09-22,48574,69.86,69532,974,46.46
SIGNATURE,2026-09-22,25227,8.19,308020,13563,763.1
SIGNPOST,2026-09-22,10904,63.68,17124,697,267.05
SIKA,2026-09-22,11434,29.99,38121,4440,1062.8
SIL,2026-09-22,51063,70.34,72593,813,16.01
SILGO,2026-09-22,7228,42.79,16891,349,70.92
SILINV,2026-09-22,126,84.56,149,28,440.8
SILVER,2026-09-22,125069,31.92,391777,6152,230.01
SILVER001,2026-09-22,49942,67.28,74232,168,23.34
SILVER1,2026-09-22,4143541,39.65,10450572,5878,22.35
SILVER360,2026-09-22,6613,56.76,11650,381,226.34
SILVERADD,2026-09-22,3129080,49.22,6357708,10875,22.18
SILVERAG,2026-09-22,221406,57.11,387711,3007,224.07
SILVERAXIS,2026-09-22,357845,40.38,886110,4015,229.33
SILVERBEES,2026-09-22,6407608,36.73,17443388,58384,220.27
SILVERBETA,2026-09-22,166554,28.08,593224,4028,222.29
SILVERBND,2026-09-22,9880,96.03,10288,115,231.26
SILVERCASE,2026-09-22,1999471,44.07,4537007,5962,23.36
SILVERIETF,2026-09-22,1049684,29.92,3508319,14120,230.18
SILVERTUC,2026-09-22,269324,41.06,655906,9170,155.89
SIMPLEXINF,2026-09-22,104698,70.03,149503,2417,256.3
SINCLAIR,2026-09-22,6195,73.34,8447,224,81.79
SINDHUTRAD,2026-09-22,165513,49.11,337022,1079,24.11
SINGERIND,2026-09-22,19769,74.19,26645,409,77.26
SINTERCOM,2026-09-22,37557,98.08,38291,131,80.49
SIRCA,2026-09-22,55607,39.86,139519,2955,404.6
SIS,2026-09-22,147450,57.84,254932,11404,424.05
SIYSIL,2026-09-22,8612,42.12,20446,2317,535.75
SJS,2026-09-22,29065,51.69,56227,7996,2310.8
SJVN,2026-09-22,1449709,52.07,2784240,18585,63.11
SKFINDIA,2026-09-22,22515,60.64,37128,4883,1507.2
SKFINDUS,2026-09-22,9826,44.96,21855,5195,2790.8
SKIPPER,2026-09-22,241864,36.27,666777,25140,561.55
SKMEGGPROD,2026-09-22,148459,62.54,237366,3978,221.25
SKYGOLD,2026-09-22,287566,58.59,490824,18149,802.55
SKYWAYS,2026-09-22,1540915,11.12,13853831,90404,130.32
SMALL250,2026-09-22,160477,26.85,597786,525,18.35
SMALLADD,2026-09-22,18234,76.42,23859,113,18.43
SMALLCAP,2026-09-22,706442,41.38,1707236,2753,48.74
SMALLGROWW,2026-09-22,3927,46.97,8360,68,48.84
SMALLIETF,2026-09-22,23525,53.89,43651,125,18.34
SMARTWORKS,2026-09-22,33392,44.39,75216,5154,543.9
SMCGLOBAL,2026-09-22,452554,70.57,641242,4566,82.43
SML100CASE,2026-09-22,1012654,81.12,1248407,1140,11.29
SMLMAH,2026-09-22,31345,42.62,73551,11340,6719.5
SMLT,2026-09-22,3102,80.99,3830,263,60.77
SMSPHARMA,2026-09-22,637354,33.4,1908207,41751,483.35
SNOWMAN,2026-09-22,67731,58.39,115991,1094,34.85
SNXT30BEES,2026-09-22,3760,63.79,5894,56,42.06
SNXT50BETA,2026-09-22,3742,93.29,4011,79,92.66
SOBHA,2026-09-22,34446,25.76,133744,14986,1230.9
SOFTTECH,2026-09-22,7047,75.05,9390,281,498.25
SOLARA,2026-09-22,128662,49.33,260825,13650,744.55
SOLARINDS,2026-09-22,159257,40.15,396641,70251,19890.0
SOLARWORLD,2026-09-22,395250,67.99,581345,4488,139.46
SOLEX,2026-09-22,17747,41.9,42358,4253,678.95
SOMANYCERA,2026-09-22,61247,62.77,97579,4828,594.75
SOMATEX,2026-09-22,2500,47.51,5262,108,80.02
SOMICONVEY,2026-09-22,1496,78.08,1916,87,92.66
SONACOMS,2026-09-22,677032,43.4,1560055,34790,809.0
SONAL,2026-09-22,50,100.0,50,4,84.01
SONATSOFTW,2026-09-22,398455,41.74,954532,13443,284.45
SOTL,2026-09-22,70417,37.0,190337,10417,724.35
SOUTHBANK,2026-09-22,1939866,43.72,4437444,17672,45.23
SOUTHWEST,2026-09-22,49538,52.0,95266,2527,190.79
SPAL,2026-09-22,9797,47.53,20612,2062,979.7
SPANDANA,2026-09-22,22769,43.88,51888,2262,227.38
SPARC,2026-09-22,369408,41.76,884640,16213,197.96
SPCENET,2026-09-22,623962,68.62,909337,633,3.29
SPENCERS,2026-09-22,14435,74.0,19506,203,28.47
SPIC,2026-09-22,120235,58.51,205502,2115,66.09
SPLIL,2026-09-22,6423,80.96,7934,68,30.52
SPLPETRO,2026-09-22,67136,53.27,126025,10349,864.75
SPMLINFRA,2026-09-22,68021,55.91,121670,1666,166.44
SPORTKING,2026-09-22,206442,45.28,455954,12051,214.49
SRD,2026-09-22,13731,90.56,15162,141,40.32
SRF,2026-09-22,37825,54.42,69512,8039,2538.3
SRGHFL,2026-09-22,63472,84.8,74850,809,143.75
SRHHYPOLTD,2026-09-22,105214,31.24,336785,21893,599.25
SRM,2026-09-22,22767,52.36,43479,2438,419.8
SRTL,2026-09-22,49999,90.5,55248,377,38.84
SSDL,2026-09-22,119221,24.32,490278,9331,65.71
SSWL,2026-09-22,755335,31.12,2427282,52228,364.8
STANLEY,2026-09-22,18010,50.88,35397,898,135.43
STAR,2026-09-22,121631,42.67,285056,25638,1217.4
STARCEMENT,2026-09-22,85678,58.06,147576,3757,189.51
STARHEALTH,2026-09-22,223832,62.94,355636,21620,544.6
STARPAPER,2026-09-22,2369,74.78,3168,109,156.79
STARTECK,2026-09-22,10,52.63,19,10,242.0
STCINDIA,2026-09-22,10337,70.68,14626,522,111.06
STEAMHOUSE,2026-09-22,4642832,21.97,21132380,104306,112.02
STEELCAS,2026-09-22,309224,20.89,1480419,35922,350.15
STEELCITY,2026-09-22,2892,77.7,3722,110,85.59
STEELXIND,2026-09-22,1697448,51.61,3289141,3045,11.18
STEL,2026-09-22,2348,59.84,3924,423,663.55
STLNETWORK,2026-09-22,8089031,62.22,13000814,24415,47.34
STLSTRINF,2026-09-22,6741,66.45,10145,84,23.16
STOVEKRAFT,2026-09-22,37617,34.84,107974,10803,827.8
STUDDS,2026-09-22,25110,56.57,44386,2320,421.45
STYL,2026-09-22,38010,45.17,84140,3498,361.25
STYLAMIND,2026-09-22,44159,40.49,109057,18982,3309.4
STYLEBAAZA,2026-09-22,2308319,55.95,4125890,21337,375.05
STYRENIX,2026-09-22,9261,56.88,16283,2533,2078.3
SUBEXLTD,2026-09-22,1752843,35.4,4951473,9790,19.37
SUBROS,2026-09-22,10227,55.09,18563,1685,720.65
SUDARCOLOR,2026-09-22,3282,69.27,4738,274,390.2
SUDARSCHEM,2026-09-22,69057,56.43,122386,8141,1230.3
SUDEEPPHRM,2026-09-22,161041,52.31,307848,15432,1197.1
SUKHJITS,2026-09-22,6833,61.34,11140,383,161.0
SULA,2026-09-22,125067,48.13,259852,3994,135.48
SUMEDHA,2026-09-22,2523,86.94,2902,95,44.04
SUMEETINDS,2026-09-22,535833,85.84,624237,200,10.53
SUMICHEM,2026-09-22,305160,65.44,466298,15034,457.5
SUMIT,2026-09-22,12662,91.66,13814,110,50.06
SUMMITSEC,2026-09-22,393,60.46,650,174,1404.0
SUNCLAY,2026-09-22,3973,63.58,6249,615,1252.5
SUNDARAM,2026-09-22,172272,73.98,232872,277,1.17
SUNDARMFIN,2026-09-22,36003,39.7,90693,20770,4751.9
SUNDRMFAST,2026-09-22,94535,49.7,190200,22083,1190.9
SUNDROP,2026-09-22,117421,40.28,291500,13355,742.35
SUNFLAG,2026-09-22,92779,46.59,199128,6277,355.05
SUNLOC,2026-09-22,64,52.46,122,4,75.8
SUNPHARMA,2026-09-22,676260,63.66,1062235,80108,1846.4
SUNRAKSHAK,2026-09-22,3315,72.97,4543,173,364.85
SUNSHIEL,2026-09-22,3278,49.28,6652,731,1192.0
SUNSHINE,2026-09-22,371751,52.66,705974,8683,440.4
SUNTECK,2026-09-22,23282,42.73,54482,2211,287.9
SUNTV,2026-09-22,774213,22.68,3413835,73354,490.1
SUPERHOUSE,2026-09-22,3829,79.46,4819,97,169.17
SUPRAJIT,2026-09-22,20111,53.66,37481,3816,483.45
SUPREME,2026-09-22,10384,73.84,14062,200,32.19
SUPREMEIND,2026-09-22,127408,65.35,194956,13921,3460.5
SUPREMEINF,2026-09-22,3703,58.98,6278,127,80.5
SUPRIYA,2026-09-22,118684,35.58,333549,23441,939.1
SURAJEST,2026-09-22,216544,34.77,622792,12871,217.0
SURAJLTD,2026-09-22,829,90.11,920,57,202.41
SURAKSHA,2026-09-22,87026,49.15,177064,5909,353.4
SURANASOL,2026-09-22,14520,84.87,17108,352,25.53
SURANAT&P,2026-09-22,15076,65.65,22965,318,16.19
SURYALA,2026-09-22,266,63.18,421,19,390.8
SURYALAXMI,2026-09-22,3361,85.07,3951,79,57.4
SURYAROSNI,2026-09-22,202498,51.75,391334,8180,212.05
SURYODAY,2026-09-22,68271,54.55,125159,2279,146.4
SUVEN,2026-09-22,127241,46.87,271490,8716,335.45
SUVIDHAA,2026-09-22,1457389,98.28,1482871,518,2.22
SUYOG,2026-09-22,8145,54.19,15031,1035,644.65
SUZLON,2026-09-22,17964295,43.21,41578320,88357,43.0
SVGLOBAL,2026-09-22,3833,54.31,7057,213,155.6
SVLL,2026-09-22,6476,87.86,7371,215,867.65
SVPGLOB,2026-09-22,20723,64.91,31926,64,3.34
SWANCORP,2026-09-22,314437,28.17,1116225,24775,302.75
SWARAJENG,2026-09-22,3340,65.64,5088,1142,3556.0
SWARNSAR,2026-09-22,43674,79.88,54675,339,39.69
SWELECTES,2026-09-22,2875,67.68,4248,450,564.95
SWIGGY,2026-09-22,19531318,59.9,32604564,143178,284.05
SWSOLAR,2026-09-22,826629,14.37,5752741,65534,178.42
SYMBIOTEC,2026-09-22,622320,28.52,2182137,119944,1120.9
SYMPHONY,2026-09-22,13224,57.64,22943,1540,590.55
SYNCOMF,2026-09-22,3913035,39.81,9828587,16105,20.4
SYNGENE,2026-09-22,200116,47.38,422362,19766,377.5
SYRMA,2026-09-22,868531,21.59,4023734,133696,1741.8
TAALTECH,2026-09-22,63938,43.96,145451,15313,1185.4
TAINWALCHM,2026-09-22,1320,76.04,1736,94,219.29
TAJGVK,2026-09-22,19078,50.1,38081,1744,328.85
TAKE,2026-09-22,197956,77.69,254803,1695,15.84
TALBROAUTO,2026-09-22,134150,39.19,342284,12040,475.3
TANAA,2026-09-22,225724,23.37,965676,30526,367.05
TANLA,2026-09-22,201010,51.81,387958,11826,485.35
TARACHAND,2026-09-22,25722,61.51,41820,478,47.08
TARAPUR,2026-09-22,30771,77.33,39790,280,12.08
TARC,2026-09-22,181169,57.89,312935,4287,130.66
TARIL,2026-09-22,397837,49.07,810752,16288,280.75
TARMAT,2026-09-22,7430,75.06,9899,258,54.22
TARSONS,2026-09-22,70892,27.0,262560,8951,331.5
TASTYBITE,2026-09-22,2229,72.21,3087,662,9829.0
TATACAP,2026-09-22,546354,58.49,934131,30757,341.1
TATACHEM,2026-09-22,576929,36.37,1586207,34670,674.0
TATACOMM,2026-09-22,58531,42.83,136660,16128,1692.4
TATACONSUM,2026-09-22,388106,56.82,683063,41429,984.1
TATAELXSI,2026-09-22,160303,30.64,523177,45786,3220.0
TATAGOLD,2026-09-22,25222247,56.02,45022739,54172,14.69
TATAINVEST,2026-09-22,230522,31.59,729720,24576,682.25
TATAPOWER,2026-09-22,1277910,50.68,2521297,34026,367.0
TATASTEEL,2026-09-22,7417657,42.32,17525509,92588,184.97
TATATECH,2026-09-22,208783,43.79,476836,26683,715.55
TATSILV,2026-09-22,10101501,32.54,31043387,37045,22.36
TATVA,2026-09-22,20859,38.86,53674,5959,1744.2
TBOTEK,2026-09-22,312343,52.39,596139,31975,1703.7
TBZ,2026-09-22,426890,48.43,881481,7168,665.35
TCC,2026-09-22,559174,13.05,4284942,21015,52.62
TCI,2026-09-22,36140,51.46,70223,11748,813.45
TCIEXP,2026-09-22,5151,60.71,8484,983,486.15
TCIFINANCE,2026-09-22,3850,77.89,4943,100,15.26
TCPLPACK,2026-09-22,1496,54.48,2746,920,3833.8
TCS,2026-09-22,2002739,55.0,3641623,108224,2105.0
TDPOWERSYS,2026-09-22,751849,43.85,1714771,59991,756.4
TEAMGTY,2026-09-22,311,86.63,359,25,240.77
TEAMLEASE,2026-09-22,9571,59.35,16127,5037,1201.0
TECH,2026-09-22,18803,56.55,33252,263,31.37
TECHM,2026-09-22,565537,55.79,1013719,61901,1551.6
TECHNOCRAF,2026-09-22,721521,48.33,1492761,27649,457.5
TECHNOE,2026-09-22,48898,43.41,112644,11932,1005.65
TECHNVISN,2026-09-22,609,78.78,773,200,3982.5
TECILCHEM,2026-09-22,6264,97.37,6433,68,9.31
TEGA,2026-09-22,242639,18.73,1295775,59519,2069.0
TEJASNET,2026-09-22,243677,25.28,963970,25942,516.3
TEMBO,2026-09-22,435467,42.36,1028129,3917,57.36
TEMPSENS,2026-09-22,425742,26.27,1620809,39354,537.1
TENNIND,2026-09-22,619454,59.13,1047619,34617,532.75
TERASOFT,2026-09-22,7979,51.25,15569,1116,240.8
TEXINFRA,2026-09-22,100425,77.11,130228,867,115.02
TEXMOPIPES,2026-09-22,80062,29.6,270473,2568,59.38
TEXRAIL,2026-09-22,1862075,46.07,4041975,32672,119.2
TFCILTD,2026-09-22,5457577,55.18,9890686,28244,140.8
TFL,2026-09-22,1020,56.35,1810,27,11.75
TGBHOTELS,2026-09-22,13999,75.29,18593,134,9.64
TGVSL,2026-09-22,66294,52.21,126979,2770,107.45
THACKER,2026-09-22,16,100.0,16,9,1008.75
THAKDEV,2026-09-22,419,67.36,622,24,126.36
THANGAMAYL,2026-09-22,32908,50.44,65238,9383,5119.5
THEINVEST,2026-09-22,1107,74.25,1491,150,95.25
THEJO,2026-09-22,6788,75.27,9018,1554,2167.9
THELEELA,2026-09-22,324280,62.53,518559,24272,537.05
THEMISMED,2026-09-22,30972,53.71,57664,1021,122.6
THERMAX,2026-09-22,115179,62.86,183238,40953,3472.2
THOMASCOOK,2026-09-22,148327,41.21,359934,5470,104.85
THOMASCOTT,2026-09-22,53280,58.51,91068,2354,236.9
THYROCARE,2026-09-22,196731,49.47,397695,21666,577.5
TI,2026-09-22,1121657,70.26,1596488,22404,574.65
TIGERLOGS,2026-09-22,80144,84.78,94527,543,26.57
TIIL,2026-09-22,31361,54.37,57681,9144,2983.0
TIINDIA,2026-09-22,37976,46.77,81195,10718,2574.0
TIMETECHNO,2026-09-22,675975,25.27,2674483,24724,180.59
TIMEX,2026-09-22,92039,38.95,236271,14080,703.8
TIMKEN,2026-09-22,20845,54.75,38073,8543,3178.5
TINNARUBR,2026-09-22,19048,47.06,40473,3358,1008.1
TIPSFILMS,2026-09-22,2225,86.31,2578,331,316.35
TIPSMUSIC,2026-09-22,91152,55.22,165069,9764,661.8
TIRUMALCHM,2026-09-22,75285,51.56,146008,2659,157.32
TITAGARH,2026-09-22,136602,39.99,341550,20453,834.85
TITAN,2026-09-22,649354,52.44,1238174,105317,4928.5
TMB,2026-09-22,64599,45.85,140878,14927,883.75
TMCV,2026-09-22,2216086,46.55,4761149,79064,440.1
TMPV,2026-09-22,3405624,49.11,6935097,81438,300.05
TNIDETF,2026-09-22,14266,69.49,20531,287,88.6
TNPETRO,2026-09-22,204212,36.48,559727,7828,129.0
TNPL,2026-09-22,126236,52.38,241006,5261,142.56
TNTELE,2026-09-22,9809,43.5,22551,193,9.11
TOKYOPLAST,2026-09-22,3387,75.2,4504,32,78.4
TOLINS,2026-09-22,19614,73.64,26635,703,89.6
TOP100CASE,2026-09-22,544287,60.26,903235,1118,10.3
TOP10ADD,2026-09-22,347864,58.89,590727,923,84.53
TOP15IETF,2026-09-22,149474,52.57,284359,384,9.45
TOP20,2026-09-22,43100,96.58,44627,127,8.64
TORNTPHARM,2026-09-22,158061,64.69,244345,26105,4935.0
TORNTPOWER,2026-09-22,66445,52.34,126940,13877,1246.3
TOUCHWOOD,2026-09-22,498,55.15,903,77,61.67
TOYAMSL,2026-09-22,170168,99.99,170180,63,0.84
TPLPLASTEH,2026-09-22,33620,28.44,118214,1150,65.09
TRACXN,2026-09-22,203510,76.72,265268,4087,32.69
TRANSCOR,2026-09-22,6391,52.06,12276,93,24.92
TRANSRAILL,2026-09-22,2045812,8.53,23971640,357503,477.15
TRAVELFOOD,2026-09-22,8711,56.01,15552,3167,1230.3
TREEHOUSE,2026-09-22,18735,86.63,21627,130,6.05
TREJHARA,2026-09-22,26589,57.69,46087,1112,136.21
TREL,2026-09-22,107689,59.47,181088,5200,27.31
TRENT,2026-09-22,357513,46.79,764083,50339,2782.9
TRF,2026-09-22,3372,74.5,4526,170,216.06
TRIDENT,2026-09-22,1048043,49.2,2129961,9597,22.93
TRIGYN,2026-09-22,10983,65.41,16792,308,55.76
TRITONV,2026-09-22,629,64.12,981,256,1080.1
TRITURBINE,2026-09-22,174879,46.73,374231,50742,550.3
TRIVENI,2026-09-22,162432,52.18,311291,7846,239.55
TRU,2026-09-22,24684,67.06,36808,160,4.17
TRUALT,2026-09-22,221469,59.63,371407,10276,414.45
TSFINV,2026-09-22,26735,56.8,47069,2569,461.35
TTKHLTCARE,2026-09-22,17727,59.44,29824,2961,1050.2
TTKPRESTIG,2026-09-22,25063,60.89,41161,4306,517.15
TTL,2026-09-22,361021,62.8,574914,541,7.29
TTML,2026-09-22,448962,37.95,1182880,6118,35.62
TURTLEMINT,2026-09-22,1213687,32.68,3713889,49108,140.23
TUTIALKA,2026-09-22,2384,68.7,3470,148,55.34
TVSELECT,2026-09-22,14578,54.51,26743,1645,391.15
TVSHLTD,2026-09-22,1844,52.69,3500,1151,12543.0
TVSMOTOR,2026-09-22,362245,66.48,544904,39675,4140.0
TVSSCS,2026-09-22,188230,36.86,510639,9587,132.31
TVSSRICHAK,2026-09-22,2550,32.77,7781,1642,4650.0
TVTODAY,2026-09-22,33201,82.91,40045,684,107.67
TWCGOLDETF,2026-09-22,51583,99.81,51682,515,150.57
UBL,2026-09-22,48794,54.99,88734,11498,1215.2
UCOBANK,2026-09-22,776916,37.74,2058479,8902,23.72
UDAYJEW,2026-09-22,7406,67.04,11047,439,148.87
UDS,2026-09-22,56322,40.56,138849,4295,198.14
UEL,2026-09-22,9728,50.27,19352,932,191.3
UFLEX,2026-09-22,91418,36.39,251203,7370,648.15
UFO,2026-09-22,24133,72.53,33271,379,60.64
UGARSUGAR,2026-09-22,99236,21.94,452353,3911,55.35
UGROCAP,2026-09-22,55472,70.85,78300,1033,82.74
UJJIVANSFB,2026-09-22,2804356,46.8,5992425,29768,64.74
ULTRACEMCO,2026-09-22,195660,60.99,320797,35467,11000.0
ULTRAMAR,2026-09-22,12264,59.31,20679,978,423.9
UMESLTD,2026-09-22,36355,79.68,45624,142,4.57
UMIYA-MRO,2026-09-22,5596,71.99,7773,147,97.29
UNICHEMLAB,2026-09-22,42396,36.91,114861,5821,538.75
UNIDT,2026-09-22,7785,63.8,12203,685,212.42
UNIECOM,2026-09-22,675103,4.88,13825616,71309,86.32
UNIENTER,2026-09-22,2560,71.67,3572,71,91.15
UNIINFO,2026-09-22,1319,98.8,1335,31,11.45
UNIMECH,2026-09-22,308544,30.42,1014230,68692,1732.5
UNIONBANK,2026-09-22,2522108,47.81,5275793,44836,178.0
UNIONGOLD,2026-09-22,400627,99.95,400811,61,147.9
UNIPARTS,2026-09-22,32815,47.85,68579,5986,851.7
UNITDSPR,2026-09-22,224342,57.94,387186,21851,1398.0
UNITECH,2026-09-22,1447122,65.97,2193592,1874,4.09
UNITEDPOLY,2026-09-22,148518,69.76,212897,679,45.57
UNITEDTEA,2026-09-22,3444,92.48,3724,64,427.35
UNIVCABLES,2026-09-22,51151,35.09,145762,16327,1478.2
UNOMINDA,2026-09-22,129933,41.0,316922,21344,1226.0
UPHOT,2026-09-22,34,100.0,34,6,1507.8
UPL,2026-09-22,1799721,65.65,2741227,38293,559.9
URBANCO,2026-09-22,2790743,44.75,6235889,56134,174.21
URJA,2026-09-22,247098,59.79,413283,2033,9.04
USHAMART,2026-09-22,1334053,48.37,2758062,60176,531.3
USK,2026-09-22,16228,88.39,18360,194,19.97
UTIAMC,2026-09-22,71207,55.03,129398,11892,919.95
UTKARSHBNK,2026-09-22,3204878,50.81,6307706,6024,13.88
UTLSOLAR,2026-09-22,120880,55.63,217304,12017,434.6
UTTAMSUGAR,2026-09-22,35905,29.78,120563,3192,258.25
V2RETAIL,2026-09-22,220569,47.99,459607,9617,213.18
VADILALIND,2026-09-22,13447,27.6,48713,12799,7598.0
VADILENT,2026-09-22,78,98.73,79,24,10350.0
VAIBHAVGBL,2026-09-22,119250,53.3,223734,5598,208.18
VAISHALI,2026-09-22,79610,64.01,124367,417,8.58
VAKRANGEE,2026-09-22,750047,57.35,1307740,1910,5.26
VAL30IETF,2026-09-22,58130,35.99,161495,405,14.84
VALIANTORG,2026-09-22,70648,57.41,123062,2637,418.35
VALUE,2026-09-22,12708,76.33,16648,65,15.79
VALUEAXIS,2026-09-22,99992,85.99,116290,262,32.04
VAML,2026-09-22,4924344,57.88,8507810,157380,425.35
VARDMNPOLY,2026-09-22,72769,82.72,87970,370,5.8
VARROC,2026-09-22,217267,30.13,721004,46020,864.5
VASCONEQ,2026-09-22,253659,64.8,391428,1746,31.44
VASUPRADA,2026-09-22,462,100.0,462,5,100.0
VASWANI,2026-09-22,8443,63.09,13382,334,45.61
VBL,2026-09-22,2665698,51.87,5138730,58541,430.0
VEDAVAAG,2026-09-22,75723,69.09,109600,504,21.8
VEDL,2026-09-22,2760167,50.93,5419840,56507,263.0
VEDPOWER,2026-09-22,7457873,41.41,18011957,44664,31.07
VEEDOL,2026-09-22,4077,50.01,8152,869,1369.9
VENKEYS,2026-09-22,30020,51.08,58766,6697,1675.9
VENTIVE,2026-09-22,78359,80.46,97386,1691,579.6
VENUSPIPES,2026-09-22,64567,43.08,149878,15013,2223.3
VENUSREM,2026-09-22,12211,57.7,21162,1532,1611.5
VERANDA,2026-09-22,532452,84.9,627174,4203,230.13
VERTOZ,2026-09-22,18150,86.52,20979,349,36.89
VESUVIUS,2026-09-22,48248,57.06,84558,5138,392.75
VETO,2026-09-22,62928,61.77,101878,1592,139.57
VGCL,2026-09-22,4752,87.13,5454,49,46.9
VGL,2026-09-22,80282,47.83,167860,2480,68.34
VGUARD,2026-09-22,173646,63.08,275290,12355,320.5
VHL,2026-09-22,225,73.53,306,77,3342.8
VIDHIING,2026-09-22,54315,75.0,72419,2308,359.95
VIDYAWIRES,2026-09-22,315693,59.92,526875,4787,84.77
VIJAYA,2026-09-22,74209,50.37,147335,19667,1516.0
VIJSOLX,2026-09-22,252,76.36,330,44,638.0
VIKASECO,2026-09-22,957976,55.14,1737447,930,1.04
VIKASLIFE,2026-09-22,1007666,62.44,1613858,7485,1.26
VIKRAMSOLR,2026-09-22,955405,60.23,1586320,11903,162.35
VIKRAN,2026-09-22,438643,51.54,851048,5010,55.38
VIMTALABS,2026-09-22,65732,42.57,154392,11593,610.15
VINATIORGA,2026-09-22,57119,63.86,89448,14297,1202.7
VINCOFE,2026-09-22,399577,25.68,1555865,19439,174.2
VINDHYATEL,2026-09-22,30961,30.71,100801,14232,2865.4
VINEETLAB,2026-09-22,40006,63.19,63313,483,34.81
VINNY,2026-09-22,467635,96.67,483748,205,0.92
VINYLINDIA,2026-09-22,2449,72.71,3368,198,220.2
VIPCLOTHNG,2026-09-22,67977,80.15,84807,300,21.66
VIPIND,2026-09-22,144530,48.51,297936,7218,297.2
VIRAT,2026-09-22,1744,50.23,3472,348,376.55
VIRINCHI,2026-09-22,18876,72.42,26065,182,14.0
VISACHROME,2026-09-22,15755,99.28,15870,63,33.16
VISAKAIND,2026-09-22,72374,60.21,120212,1886,94.47
VISHAL,2026-09-22,25692,70.75,36313,234,18.19
VISHNU,2026-09-22,31970,45.82,69771,4284,720.9
VISHWARAJ,2026-09-22,101091,49.32,204980,453,5.32
VISL,2026-09-22,8768551,51.83,16918818,20042,32.21
VITAL,2026-09-22,502,98.43,510,15,53.02
VIVIANA,2026-09-22,15587,40.16,38813,3119,734.0
VIVIDHA,2026-09-22,222479,77.99,285268,185,0.52
VIVOBIOT,2026-09-22,6378,87.39,7298,136,16.71
VIYASH,2026-09-22,2174750,48.11,4520764,70841,251.5
VLEGOV,2026-09-22,71734,78.85,90978,451,10.29
VLSFINANCE,2026-09-22,3198,79.81,4007,128,236.46
VMART,2026-09-22,24898,48.52,51319,3158,795.6
VMM,2026-09-22,7670464,59.89,12806676,32715,104.03
VMSTMT,2026-09-22,37358,68.01,54927,476,47.23
VOEPL,2026-09-22,28053,53.09,52839,3120,493.05
VOGL,2026-09-22,15145978,32.25,46962562,89188,35.01
VOITHPAPR,2026-09-22,604,81.07,745,96,1440.0
VOLTAMP,2026-09-22,6144,41.69,14738,6859,10747.0
VOLTAS,2026-09-22,539270,49.43,1090998,40415,1100.8
VPRPL,2026-09-22,128086,55.52,230707,1405,33.56
VRAJ,2026-09-22,11179,55.78,20043,698,125.88
VRLLOG,2026-09-22,44778,44.98,99556,5922,291.75
VSSL,2026-09-22,53554,58.63,91342,3764,407.8
VSTIND,2026-09-22,57679,60.77,94917,3044,205.69
VSTL,2026-09-22,2370,46.64,5081,315,114.19
VSTTILLERS,2026-09-22,6425,46.09,13939,2707,4305.4
VTL,2026-09-22,87087,44.29,196638,12947,551.2
VTMLTD,2026-09-22,68616,91.62,74894,333,45.4
WAAREEENER,2026-09-22,445451,38.78,1148630,48368,2494.8
WAAREEINDO,2026-09-22,83120,22.65,366936,3551,254.45
WAAREERTL,2026-09-22,67943,39.13,173634,14495,816.95
WABAG,2026-09-22,104138,45.16,230608,19592,2072.1
WAKEFIT,2026-09-22,239576,42.2,567656,8180,146.86
WALCHANNAG,2026-09-22,212813,57.23,371862,6334,199.05
WANBURY,2026-09-22,57903,55.62,104097,2588,222.7
WARDINMOBI,2026-09-22,213602,67.08,318418,749,5.63
WATERBASE,2026-09-22,17167,69.69,24632,637,45.52
WCIL,2026-09-22,135765,82.58,164399,1230,95.14
WEALTH,2026-09-22,1159,90.83,1276,106,836.4
WEBELSOLAR,2026-09-22,880902,51.15,1722203,11622,71.8
WEIZMANIND,2026-09-22,772,76.66,1007,40,72.8
WEL,2026-09-22,268766,58.17,462050,2376,80.4
WELCORP,2026-09-22,405317,28.19,1437944,104426,2731.5
WELENT,2026-09-22,305150,58.74,519523,11707,783.75
WELSPLSOL,2026-09-22,450062,49.33,912274,7651,53.06
WELSPUNLIV,2026-09-22,1891033,37.03,5107266,46847,221.51
WENDT,2026-09-22,5882,36.71,16023,4359,8627.0
WESTLIFE,2026-09-22,60131,43.07,139627,10162,574.0
WEWIN,2026-09-22,3417,94.31,3623,39,43.0
WEWORK,2026-09-22,14755,46.85,31492,3208,671.15
WHBRADY,2026-09-22,432,97.08,445,138,464.4
WHEELS,2026-09-22,37630,30.1,125029,11231,2174.0
WHIRLPOOL,2026-09-22,56154,53.75,104472,7471,721.05
WILLAMAGOR,2026-09-22,370,90.69,408,17,23.6
WINDLAS,2026-09-22,26966,52.24,51621,5180,1102.3
WINDMACHIN,2026-09-22,148669,80.93,183702,1414,300.0
WIPL,2026-09-22,2682,92.45,2901,86,159.4
WIPRO,2026-09-22,7779204,52.82,14726893,80702,166.0
WOCKPHARMA,2026-09-22,330035,32.79,1006397,54417,2185.4
WONDERLA,2026-09-22,28566,61.12,46738,3688,511.15
WORTHPERI,2026-09-22,4356,91.26,4773,59,148.82
WPIL,2026-09-22,31867,41.43,76916,5216,439.35
WSI,2026-09-22,7918,68.98,11479,332,58.32
WSTCSTPAPR,2026-09-22,119392,53.42,223516,13950,749.75
XCHANGING,2026-09-22,49146,72.49,67795,1128,60.32
XELPMOC,2026-09-22,11400,53.78,21198,657,73.32
XPROINDIA,2026-09-22,31180,60.18,51808,4560,1201.0
XTGLOBAL,2026-09-22,10220,61.2,16700,241,30.14
XTRANET,2026-09-22,729239,35.73,2041149,26491,334.36
YASHO,2026-09-22,19481,51.31,37966,6889,3959.4
YATHARTH,2026-09-22,190246,32.89,578412,28828,1129.1
YATRA,2026-09-22,675273,37.21,1814749,16083,108.82
YESBANK,2026-09-22,21554569,58.61,36775729,91823,23.2
YOGI,2026-09-22,366,91.27,401,32,161.0
YUKEN,2026-09-22,17550,53.57,32762,3774,1137.95
ZAGGLE,2026-09-22,329279,50.47,652387,10002,179.95
ZEEL,2026-09-22,1769208,21.09,8389460,33365,78.21
ZEELEARN,2026-09-22,134656,80.5,167275,464,6.81
ZEEMEDIA,2026-09-22,1402234,48.94,2865132,3712,7.56
ZENITHEXPO,2026-09-22,280,100.0,280,7,197.62
ZENITHSTL,2026-09-22,53152,85.83,61929,263,5.31
ZENSARTECH,2026-09-22,220758,38.15,578686,16701,432.6
ZENTEC,2026-09-22,85382,33.85,252218,21517,1673.8
ZFCVINDIA,2026-09-22,154851,58.58,264362,44914,2362.2
ZFSTEERING,2026-09-22,1132,68.9,1643,154,689.7
ZIMLAB,2026-09-22,38659,68.16,56716,779,133.8
ZODIAC,2026-09-22,6209,59.38,10456,759,227.72
ZODIACLOTH,2026-09-22,3063,77.74,3940,60,69.89
ZOTA,2026-09-22,214850,20.82,1031885,63900,1356.0
ZSARACOM,2026-09-22,8,88.89,9,7,10485.0
ZUARI,2026-09-22,25979,45.17,57519,1661,225.72
ZUARIIND,2026-09-22,41337,53.54,77212,2482,275.1
ZYDUSLIFE,2026-09-22,698350,56.15,1243696,22915,1162.3
ZYDUSWELL,2026-09-22,50534,26.07,193863,12808,520.55
