Symbol,Date,DelivQty,DelivPct,TotalQty,Trades,Close
20MICRONS,2026-09-25,35886,35.41,101345,2985,217.58
21STCENMGM,2026-09-25,3361,71.89,4675,49,39.87
360ONE,2026-09-25,438430,59.4,738050,36597,1073.0
3BBLACKBIO,2026-09-25,3833,47.83,8013,1282,1456.2
3MINDIA,2026-09-25,1208,44.23,2731,1239,33925.0
3PLAND,2026-09-25,1894,71.39,2653,98,30.99
5PAISA,2026-09-25,13357,48.99,27267,1181,308.9
63MOONS,2026-09-25,95060,52.65,180556,8227,857.65
A2ZINFRA,2026-09-25,117493,70.05,167738,382,14.72
AAATECH,2026-09-25,489014,66.52,735186,2304,101.5
AADHARHFC,2026-09-25,334360,75.91,440466,16035,444.5
AAKASH,2026-09-25,118439,84.34,140427,312,8.92
AAREYDRUGS,2026-09-25,77345,68.52,112885,815,101.57
AARON,2026-09-25,17208,60.05,28654,636,124.11
AARTIDRUGS,2026-09-25,106070,49.89,212626,5656,427.4
AARTIIND,2026-09-25,134418,44.46,302323,15198,489.25
AARTIPHARM,2026-09-25,172314,25.52,675198,33528,939.55
AARVI,2026-09-25,5512,69.68,7911,170,136.91
AASTHA,2026-09-25,2038679,42.74,4769681,14213,72.72
AAVAS,2026-09-25,28788,58.61,49117,9625,1267.7
ABANSENT,2026-09-25,3123,86.39,3615,132,27.18
ABB,2026-09-25,29779,36.96,80574,14255,7052.5
ABBOTINDIA,2026-09-25,1096,48.43,2263,1495,26955.0
ABCAPITAL,2026-09-25,1399798,50.86,2752305,28946,390.0
ABCOTS,2026-09-25,2761,66.66,4142,134,203.07
ABDL,2026-09-25,607188,14.92,4070753,105908,715.05
ABFRL,2026-09-25,2610611,56.52,4619236,16828,49.14
ABGSEC,2026-09-25,1021,100.0,1021,6,113.26
ABLBL,2026-09-25,328554,52.04,631342,8009,78.72
ABMKNO,2026-09-25,2802,38.47,7283,231,174.07
ABREL,2026-09-25,73647,44.64,164987,15584,1230.9
ABSL10BANK,2026-09-25,172,98.85,174,12,164.19
ABSLAMC,2026-09-25,51041,45.2,112917,17021,1014.5
ABSLBANETF,2026-09-25,2963,31.88,9293,179,57.05
ABSLLIQUID,2026-09-25,504,62.84,802,10,1000.0
ABSLMSCIN,2026-09-25,24,96.0,25,4,28.47
ABSLNN50ET,2026-09-25,1593,58.61,2718,155,75.51
ABSLPSE,2026-09-25,55685,56.09,99280,383,9.97
ACC,2026-09-25,23107,51.01,45301,6393,1236.4
ACCELYA,2026-09-25,8350,81.7,10220,891,1110.0
ACE,2026-09-25,80372,43.59,184368,15032,1226.6
ACEINTEG,2026-09-25,701,68.06,1030,86,17.58
ACGL,2026-09-25,303,66.3,457,137,1737.8
ACI,2026-09-25,59047,50.54,116822,8921,482.55
ACL,2026-09-25,3282,33.56,9779,164,42.63
ACMESOLAR,2026-09-25,2006315,65.08,3082821,56589,442.9
ACUTAAS,2026-09-25,72839,47.46,153473,25984,3272.5
ADANIENSOL,2026-09-25,684505,44.6,1534753,34850,1338.5
ADANIENT,2026-09-25,157646,27.63,570504,42051,2916.5
ADANIGREEN,2026-09-25,444108,45.68,972126,29039,1296.6
ADANIPORTS,2026-09-25,420134,46.93,895306,37063,1788.0
ADANIPOWER,2026-09-25,3977264,24.59,16171228,81785,202.75
ADDIND,2026-09-25,172,95.03,181,22,77.2
ADFFOODS,2026-09-25,26257,50.61,51882,2429,270.6
ADL,2026-09-25,142,100.0,142,3,69.81
ADOR,2026-09-25,16230,41.46,39147,3501,1638.9
ADROITINFO,2026-09-25,105313,57.91,181849,771,13.18
ADSL,2026-09-25,696651,31.04,2244060,22578,115.52
ADVAIT,2026-09-25,20281,50.11,40474,6501,1906.0
ADVANCE,2026-09-25,217214,56.7,383107,4500,123.12
ADVANIHOTR,2026-09-25,10498,74.84,14028,294,47.94
ADVENTHTL,2026-09-25,115821,68.65,168717,1678,126.95
ADVENZYMES,2026-09-25,113336,61.0,185804,4697,291.15
ADVIKCA,2026-09-25,148867,69.76,213384,256,0.98
AEGISLOG,2026-09-25,95804,32.95,290729,20140,1365.4
AEGISVOPAK,2026-09-25,284515,42.23,673754,17295,287.5
AEPL,2026-09-25,25873,66.46,38932,131,15.9
AEQUS,2026-09-25,923422,45.17,2044376,52345,246.05
AEROENTER,2026-09-25,97705,40.43,241671,3457,125.64
AEROFLEX,2026-09-25,185523,35.99,515468,17473,525.7
AERONEU,2026-09-25,125614,43.57,288275,4428,80.22
AEROPLANE,2026-09-25,398464,56.19,709126,6646,209.47
AETHER,2026-09-25,385782,22.88,1686153,130587,1767.0
AFCONS,2026-09-25,184391,42.43,434570,10048,252.5
AFFLE,2026-09-25,45938,40.55,113281,17503,1578.0
AFFORDABLE,2026-09-25,12056,44.09,27345,866,178.25
AFIL,2026-09-25,905023,54.6,1657599,2520,8.04
AFSL,2026-09-25,2710,63.69,4255,80,201.0
AGARIND,2026-09-25,19425,54.64,35549,2482,397.9
AGARWALEYE,2026-09-25,108232,44.66,242336,11645,500.0
AGI,2026-09-25,86492,47.44,182324,13628,803.35
AGIIL,2026-09-25,482610,14.91,3237412,17937,264.55
AGL,2026-09-25,627513,51.05,1229115,2484,13.73
AGRITECH,2026-09-25,1262,53.72,2349,81,96.03
AGROPHOS,2026-09-25,4936,59.26,8329,144,24.2
AHCL,2026-09-25,12778150,15.93,80210539,149549,31.51
AHLADA,2026-09-25,13104,78.54,16684,138,39.16
AHLEAST,2026-09-25,1920,61.88,3103,83,137.42
AHLUCONT,2026-09-25,13786,46.16,29866,2223,585.55
AIAENG,2026-09-25,10500,55.15,19038,7010,3919.4
AIIL,2026-09-25,100457,29.69,338399,17287,559.6
AIRAN,2026-09-25,74640,73.28,101852,319,17.03
AIROLAM,2026-09-25,5022,85.21,5894,92,92.29
AJANTPHARM,2026-09-25,30835,66.87,46112,9936,3547.8
AJAXENGG,2026-09-25,212310,30.53,695472,33648,607.75
AJMERA,2026-09-25,78088,47.33,164978,2769,120.82
AJOONI,2026-09-25,110033,78.56,140058,347,3.19
AKASH,2026-09-25,4844,93.73,5168,33,25.04
AKCAPIT,2026-09-25,190,93.14,204,29,1754.0
AKG,2026-09-25,8728,64.92,13445,130,9.59
AKSHAR,2026-09-25,548878,67.07,818309,222,0.41
AKUMS,2026-09-25,76783,50.25,152812,11530,819.55
ALANKIT,2026-09-25,103673,80.08,129468,532,7.85
ALBERTDAVD,2026-09-25,3361,76.68,4383,243,873.8
ALEMBICLTD,2026-09-25,308885,41.56,743150,8103,106.53
ALFREDHE,2026-09-25,29,100.0,29,16,2750.5
ALGOQUANT,2026-09-25,202790,17.92,1131847,4008,72.28
ALICON,2026-09-25,14670,59.77,24544,2013,730.05
ALIVUS,2026-09-25,19666,52.36,37558,5126,1365.6
ALKEM,2026-09-25,11676,40.62,28742,7139,5274.0
ALKYLAMINE,2026-09-25,7209,45.7,15775,3519,1847.7
ALLCARGO,2026-09-25,3936235,46.05,8547656,8728,10.67
ALLDIGI,2026-09-25,1334,66.43,2008,318,776.95
ALLTIME,2026-09-25,29396,56.72,51825,1934,201.01
ALMONDZ,2026-09-25,750438,65.15,1151830,3439,21.38
ALOKINDS,2026-09-25,6934783,34.67,20004287,15991,7.5
ALPA,2026-09-25,31652,25.26,125298,776,59.1
ALPHA,2026-09-25,378091,42.01,900108,2989,52.76
ALPHAETF,2026-09-25,792193,66.54,1190528,1155,25.96
ALPINETEX,2026-09-25,338623,72.55,466758,3555,49.06
ALPL30IETF,2026-09-25,226520,50.19,451327,753,26.85
ALUFLUOR,2026-09-25,3881,56.15,6912,569,565.4
AMAGI,2026-09-25,78411,40.54,193432,15198,575.65
AMAL,2026-09-25,8497,63.56,13368,932,674.4
AMARJOTHI,2026-09-25,631,96.19,656,15,149.82
AMBER,2026-09-25,25338,25.37,99885,16656,6960.0
AMBICAAGAR,2026-09-25,14292,22.39,63838,356,25.22
AMBIKCO,2026-09-25,1538,56.54,2720,451,1546.1
AMBUJACEM,2026-09-25,541688,45.9,1180134,22249,383.8
AMJLAND,2026-09-25,2491,85.31,2920,59,37.7
AMNPLST,2026-09-25,935,87.63,1067,51,163.15
AMRUTANJAN,2026-09-25,8963,53.4,16785,1579,506.35
ANANDRATHI,2026-09-25,273905,62.78,436268,15435,2126.8
ANANTRAJ,2026-09-25,510896,42.62,1198697,24022,617.4
ANDHRAPAP,2026-09-25,199404,45.21,441096,6181,74.05
ANDHRSUGAR,2026-09-25,163498,28.98,564260,11976,95.41
ANDREWYU,2026-09-25,40292,59.44,67783,699,27.0
ANGELONE,2026-09-25,944466,32.66,2892227,30425,288.0
ANIKINDS,2026-09-25,3107,79.3,3918,120,43.28
ANNAPURNA,2026-09-25,6874,69.94,9829,227,131.97
ANNU,2026-09-25,282098,40.81,691194,7144,49.33
ANSALBU,2026-09-25,3113,70.16,4437,310,94.69
ANTELOPUS,2026-09-25,547638,6.95,7877531,264384,1261.7
ANTGRAPHIC,2026-09-25,212946,78.72,270504,181,0.71
ANTHEM,2026-09-25,184442,49.39,373411,20269,873.6
ANUHPHR,2026-09-25,50505,63.36,79711,1701,90.42
ANUP,2026-09-25,7549,50.32,15001,2614,1677.1
ANURAS,2026-09-25,97881,58.27,167982,9525,1192.4
AONEGOLD,2026-09-25,65829,38.16,172512,1428,14.02
AONELIQUID,2026-09-25,21673,67.16,32270,109,1078.58
AONENIFTY,2026-09-25,90510,83.2,108791,1228,9.6
AONESILVER,2026-09-25,187638,73.07,256791,1085,8.76
AONETMMQ50,2026-09-25,11296,47.2,23930,192,10.2
AONETOTAL,2026-09-25,44079,57.96,76051,882,11.59
APARINDS,2026-09-25,29637,34.53,85829,26396,17776.0
APCL,2026-09-25,2818,79.2,3558,104,95.52
APCOTEXIND,2026-09-25,35292,40.92,86241,4851,599.4
APEX,2026-09-25,49156,38.88,126426,6302,347.6
APLAPOLLO,2026-09-25,204632,60.35,339098,16983,2214.7
APLLTD,2026-09-25,197323,63.81,309225,33011,863.75
APOLLO,2026-09-25,934951,23.79,3929756,39185,395.6
APOLLOHOSP,2026-09-25,312900,71.36,438457,32591,8889.0
APOLLOPIPE,2026-09-25,72711,41.04,177165,6208,511.45
APOLLOTYRE,2026-09-25,166264,52.5,316665,19925,400.1
APOLSINHOT,2026-09-25,1212,94.03,1289,95,1202.4
APOORVA,2026-09-25,304,83.52,364,15,33.45
APTECHT,2026-09-25,24312,49.2,49412,1042,91.22
APTUS,2026-09-25,799936,62.59,1278151,34431,244.6
AQYLON,2026-09-25,690212,50.94,1354842,1604,18.56
ARCHIDPLY,2026-09-25,4950,88.52,5592,177,106.26
ARCHIES,2026-09-25,27667,88.62,31221,172,12.3
ARCIL,2026-09-25,928036,35.46,2617166,43632,144.49
ARCL,2026-09-25,1053,80.5,1308,36,245.53
ARDEE,2026-09-25,980210,23.79,4119752,19403,51.66
ARE&M,2026-09-25,192825,57.32,336412,20950,791.95
ARENTERP,2026-09-25,717,85.66,837,25,34.7
ARFIN,2026-09-25,152877,13.6,1124364,4392,90.31
ARIHANT,2026-09-25,480,81.08,592,56,895.0
ARIHANTCAP,2026-09-25,168264,37.21,452181,5749,93.34
ARIHANTSUP,2026-09-25,15585,79.74,19545,245,242.7
ARIS,2026-09-25,224830,43.76,513723,7008,140.29
ARKADE,2026-09-25,42634,41.67,102310,1450,125.48
ARMANFIN,2026-09-25,9948,60.93,16327,3352,1885.6
AROGRANITE,2026-09-25,1727,75.55,2286,99,24.14
ARROWGREEN,2026-09-25,20189,46.53,43393,3630,905.8
ARSSBL,2026-09-25,63419,54.9,115512,3794,496.9
ARTEMISMED,2026-09-25,1556158,8.2,18980196,284278,357.7
ARVEE,2026-09-25,5191,55.5,9353,346,213.19
ARVIND,2026-09-25,156218,46.14,338603,24038,549.05
ARVINDFASN,2026-09-25,135922,53.7,253117,18924,417.2
ARVSMART,2026-09-25,33880,35.1,96516,3927,614.05
ARYAMAN,2026-09-25,18,90.0,20,5,610.0
ASAHIINDIA,2026-09-25,27773,36.63,75822,7848,959.95
ASAL,2026-09-25,6613,37.28,17737,1235,438.5
ASALCBR,2026-09-25,56814,69.76,81437,3891,644.95
ASHAPURMIN,2026-09-25,89075,52.83,168617,5468,506.5
ASHIANA,2026-09-25,8326,42.87,19421,1068,389.7
ASHIMASYN,2026-09-25,19700,90.41,21790,198,15.96
ASHOKA,2026-09-25,142711,48.32,295342,3850,113.12
ASHOKAMET,2026-09-25,25124,71.49,35144,173,15.67
ASHOKLEY,2026-09-25,5964873,58.06,10274172,75366,159.08
ASIANENE,2026-09-25,109410,48.31,226490,8115,487.75
ASIANHOTNR,2026-09-25,3747,63.45,5905,303,394.35
ASIANPAINT,2026-09-25,181390,42.48,426982,31581,2444.0
ASIANTILES,2026-09-25,456252,57.85,788714,2942,50.69
ASIANTNE,2026-09-25,690,70.48,979,27,9.26
ASKAUTOLTD,2026-09-25,49323,36.87,133775,8602,645.15
ASMS,2026-09-25,189995,76.48,248422,745,6.38
ASPINWALL,2026-09-25,1479,84.66,1747,55,253.75
ASTAR,2026-09-25,332,59.82,555,80,698.7
ASTEC,2026-09-25,24524,21.35,114860,8844,739.0
ASTERDM,2026-09-25,869109,69.46,1251211,36020,759.4
ASTRAL,2026-09-25,214753,59.84,358868,23783,1399.0
ASTRAMICRO,2026-09-25,88307,33.04,267279,18093,1622.4
ASTRAZEN,2026-09-25,3264,52.95,6164,1847,6505.0
ATALREAL,2026-09-25,3006870,38.26,7859696,4767,13.52
ATAM,2026-09-25,2895,53.02,5460,179,57.07
ATGL,2026-09-25,135385,24.72,547772,21297,611.65
ATHERENERG,2026-09-25,610701,32.2,1896434,66005,1497.0
ATL,2026-09-25,118506,63.58,186397,1530,25.6
ATLANTAA,2026-09-25,8733,66.59,13114,196,35.73
ATLANTAELE,2026-09-25,77131,49.65,155340,17853,1625.9
ATLASCYCLE,2026-09-25,17745,70.38,25212,406,94.32
ATUL,2026-09-25,8799,56.12,15678,4256,6070.5
ATULAUTO,2026-09-25,18344,52.27,35098,2131,448.25
AUBANK,2026-09-25,1480951,58.67,2524193,110746,1018.0
AUGMONT,2026-09-25,112564,31.94,352381,15044,877.9
AURIONPRO,2026-09-25,58670,57.02,102892,6487,669.7
AUROPHARMA,2026-09-25,288914,46.25,624705,29017,1712.0
AURUM,2026-09-25,55050,53.06,103745,2470,222.45
AURUS,2026-09-25,6029,70.54,8547,388,4.65
AUSOMENT,2026-09-25,2753,99.14,2777,56,143.12
AUSTENG,2026-09-25,6427,63.31,10152,278,161.78
AUTOAXLES,2026-09-25,10891,40.84,26667,1649,1709.8
AUTOBEES,2026-09-25,98980,54.78,180697,2088,278.51
AUTOIETF,2026-09-25,263687,61.46,429047,1602,27.93
AUTOIND,2026-09-25,136019,59.85,227265,3134,81.73
AVADHSUGAR,2026-09-25,120573,25.92,465223,15930,796.5
AVALON,2026-09-25,170127,31.81,534906,57494,2328.5
AVANCE,2026-09-25,1220034,70.56,1729168,1064,0.81
AVANTEL,2026-09-25,411593,22.24,1850814,22209,155.94
AVANTIFEED,2026-09-25,85739,30.84,277971,23321,753.15
AVL,2026-09-25,59545,54.38,109489,7922,619.5
AVONMORE,2026-09-25,213214,80.13,266100,658,13.34
AVROIND,2026-09-25,94645,70.83,133618,520,6.89
AVTNPL,2026-09-25,83972,42.69,196705,2338,92.58
AWFIS,2026-09-25,298820,44.8,667000,12967,257.2
AWHCL,2026-09-25,29516,49.34,59816,3892,378.35
AWL,2026-09-25,613962,42.65,1439611,21610,184.34
AXISBANK,2026-09-25,4061493,58.67,6923162,211066,1222.4
AXISCADES,2026-09-25,58712,44.85,130914,12974,1892.1
AXITA,2026-09-25,257067,31.52,815658,1091,7.95
AXTEL,2026-09-25,1534,57.82,2653,232,446.1
AYE,2026-09-25,512467,47.52,1078430,27476,167.25
AYMSYNTEX,2026-09-25,29773,45.64,65234,4888,293.95
AZAD,2026-09-25,192636,43.9,438788,37888,2728.0
AZADIND,2026-09-25,15178,21.62,70203,1955,87.03
BAGFILMS,2026-09-25,18327,63.89,28683,147,4.28
BAIDFIN,2026-09-25,62604,60.23,103934,429,10.69
BAJAJ-AUTO,2026-09-25,66018,54.28,121620,22924,11281.0
BAJAJCON,2026-09-25,153475,50.2,305752,17085,499.5
BAJAJELEC,2026-09-25,65624,60.96,107647,4692,318.95
BAJAJFINSV,2026-09-25,833133,58.7,1419352,67796,1771.0
BAJAJHCARE,2026-09-25,43210,48.29,89487,4309,344.15
BAJAJHFL,2026-09-25,1510453,48.39,3121239,24326,83.14
BAJAJHIND,2026-09-25,6324163,20.33,31108504,34875,20.78
BAJAJHLDNG,2026-09-25,16903,40.53,41708,10037,10940.0
BAJAJINDEF,2026-09-25,7543,74.45,10132,320,218.09
BAJAJST,2026-09-25,4512,64.58,6987,416,347.25
BAJEL,2026-09-25,34732,45.35,76580,2036,173.14
BAJFINANCE,2026-09-25,3771749,68.98,5467794,93070,996.9
BALAJEE,2026-09-25,10576,50.21,21064,151,25.57
BALAJITELE,2026-09-25,42119,51.54,81715,1106,93.85
BALAMINES,2026-09-25,51133,30.99,164986,20135,2189.6
BALAXI,2026-09-25,8191,72.46,11304,158,22.82
BALKRISHNA,2026-09-25,3047,87.78,3471,47,16.0
BALKRISIND,2026-09-25,61821,53.76,114990,14623,2185.3
BALMLAWRIE,2026-09-25,44267,49.7,89064,2188,164.16
BALPHARMA,2026-09-25,24463,39.02,62694,1670,107.71
BALRAMCHIN,2026-09-25,483804,10.72,4511284,100459,685.8
BALUFORGE,2026-09-25,219714,35.34,621775,19175,506.8
BANARBEADS,2026-09-25,22315,60.7,36764,473,123.86
BANARISUG,2026-09-25,602,17.05,3531,717,3401.9
BANCOINDIA,2026-09-25,27632,61.6,44855,4464,599.85
BANDHANBNK,2026-09-25,3860628,38.15,10120013,45777,187.7
BANG,2026-09-25,6177,51.01,12110,286,32.36
BANK10ADD,2026-09-25,45196,31.84,141956,212,16.44
BANK10BETF,2026-09-25,4994,97.77,5108,12,20.25
BANKA,2026-09-25,8686,87.31,9948,105,73.42
BANKADD,2026-09-25,58756,81.06,72486,109,57.02
BANKBARODA,2026-09-25,1243103,49.85,2493756,25850,235.26
BANKBEES,2026-09-25,218382,55.61,392719,6874,576.33
BANKBETA,2026-09-25,56168,81.25,69129,356,57.6
BANKBETF,2026-09-25,48305,92.28,52348,291,56.61
BANKETF,2026-09-25,13169,65.33,20157,987,567.11
BANKIETF,2026-09-25,52133,48.52,107454,1160,57.11
BANKINDIA,2026-09-25,634230,39.89,1590019,12493,137.94
BANKNIFTY1,2026-09-25,161001,80.87,199079,664,57.69
BANKPSU,2026-09-25,2532,50.23,5041,54,83.45
BANSALWIRE,2026-09-25,30231,54.37,55601,2709,321.4
BANSWRAS,2026-09-25,11321,70.39,16084,548,108.73
BASF,2026-09-25,3363,42.64,7887,2341,3539.8
BATAINDIA,2026-09-25,41466,43.48,95375,10895,629.8
BATLIBOI,2026-09-25,8787,65.43,13429,627,83.59
BAYERCROP,2026-09-25,9256,52.44,17650,4940,3717.6
BBETF0432,2026-09-25,483,66.26,729,36,1336.0
BBL,2026-09-25,20036,65.83,30435,3760,2162.9
BBNPNBETF,2026-09-25,523,57.6,908,27,56.03
BBNPPGOLD,2026-09-25,4772,96.62,4939,50,145.25
BBOX,2026-09-25,243884,29.94,814657,46599,799.75
BBTC,2026-09-25,11454,35.93,31881,2987,1435.2
BBTCL,2026-09-25,4256,62.75,6783,283,229.02
BCG,2026-09-25,1602762,45.49,3523610,4268,9.55
BCLIND,2026-09-25,336294,42.74,786893,4238,33.72
BCONCEPTS,2026-09-25,15863,76.11,20843,635,148.16
BCPL,2026-09-25,8225,59.48,13828,294,67.7
BDL,2026-09-25,456322,48.72,936577,38846,1140.0
BEARDSELL,2026-09-25,5925,68.71,8623,91,24.47
BECTORFOOD,2026-09-25,171239,39.92,428994,11727,215.58
BEDMUTHA,2026-09-25,14159,80.18,17660,196,110.71
BEEKAY,2026-09-25,1259,93.82,1342,119,430.15
BEL,2026-09-25,3395315,55.81,6083441,95863,393.55
BELLACASA,2026-09-25,5779,39.84,14505,766,274.98
BELRISE,2026-09-25,1590243,51.74,3073786,38627,247.92
BEML,2026-09-25,38158,32.84,116211,10362,2036.5
BENARAS,2026-09-25,46,90.2,51,27,10224.0
BENGALASM,2026-09-25,90,84.91,106,36,6093.0
BEPL,2026-09-25,413338,47.35,872863,7805,126.43
BERGEPAINT,2026-09-25,96385,43.99,219110,12062,458.35
BESTAGRO,2026-09-25,300517,39.28,765101,2138,18.24
BETA,2026-09-25,5385,51.46,10464,1461,2098.7
BFINVEST,2026-09-25,8596,57.76,14882,762,442.4
BFSI,2026-09-25,156947,68.96,227600,619,26.11
BFUTILITIE,2026-09-25,28805,55.36,52034,2212,524.45
BHAGCHEM,2026-09-25,42074,64.46,65273,852,245.6
BHAGERIA,2026-09-25,407872,43.71,933103,12120,394.6
BHAGYANGR,2026-09-25,51424,56.05,91739,5073,425.55
BHANDARI,2026-09-25,60953,87.82,69403,169,2.93
BHARATCOAL,2026-09-25,1520703,52.95,2871997,14648,32.03
BHARATFORG,2026-09-25,314966,57.33,549393,27151,2008.0
BHARATRAS,2026-09-25,22098,60.87,36304,3271,1096.8
BHARATSE,2026-09-25,28111,40.8,68904,3857,214.09
BHARATWIRE,2026-09-25,56599,53.04,106706,2565,164.97
BHARTIARTL,2026-09-25,3460273,72.6,4766200,206076,1785.4
BHARTIHEXA,2026-09-25,51411,67.6,76049,9802,1481.8
BHEL,2026-09-25,2948115,43.02,6852409,61864,418.95
BIGBLOC,2026-09-25,25825,67.1,38486,703,40.01
BIKAJI,2026-09-25,22833,32.16,71004,5277,573.95
BIL,2026-09-25,2807,59.81,4693,601,1010.85
BIMETAL,2026-09-25,104,97.2,107,7,648.0
BIOCON,2026-09-25,1390773,51.62,2694397,40899,382.15
BIOFILCHEM,2026-09-25,3961,68.99,5741,105,32.44
BIRLACABLE,2026-09-25,177316,36.3,488468,11372,362.45
BIRLACORPN,2026-09-25,19256,54.47,35349,3250,850.3
BIRLAMONEY,2026-09-25,9504,52.67,18043,862,118.87
BIRLANU,2026-09-25,6053,59.19,10226,1307,1438.8
BLACKBUCK,2026-09-25,310979,47.12,660012,28507,598.95
BLAL,2026-09-25,27394,66.74,41047,753,161.96
BLBLIMITED,2026-09-25,46100,61.27,75246,326,17.1
BLEL,2026-09-25,194250,36.51,532067,17516,456.75
BLIL,2026-09-25,47464,78.71,60302,747,66.61
BLKASHYAP,2026-09-25,356526,64.17,555621,2701,54.26
BLS,2026-09-25,197920,46.05,429818,12310,224.26
BLSE,2026-09-25,91320,37.63,242706,6261,324.55
BLUECLOUDS,2026-09-25,9558465,13.73,69599422,275753,22.16
BLUECOAST,2026-09-25,3494,56.86,6145,80,21.06
BLUEDART,2026-09-25,3185,43.59,7306,2878,4746.5
BLUEJET,2026-09-25,123936,49.61,249831,12470,570.65
BLUESTARCO,2026-09-25,254703,44.61,570933,28603,1565.0
BLUESTONE,2026-09-25,450466,21.59,2086039,64526,809.3
BLUSPRING,2026-09-25,309465,40.8,758518,12675,145.12
BMWVENTLTD,2026-09-25,30930,71.13,43483,661,52.17
BNAGROCHEM,2026-09-25,1313,99.85,1315,14,208.4
BNKETFAXIS,2026-09-25,535,56.14,953,30,573.18
BODALCHEM,2026-09-25,782410,55.99,1397350,13705,202.02
BOHRAIND,2026-09-25,41884,55.24,75819,336,15.97
BOMDYEING,2026-09-25,83510,30.08,277583,2828,109.83
BONLON,2026-09-25,8919,75.76,11772,269,41.1
BORANA,2026-09-25,17304,69.45,24916,817,288.0
BOROLTD,2026-09-25,490029,36.35,1348123,24723,264.8
BORORENEW,2026-09-25,147461,50.9,289701,10075,455.15
BOROSCI,2026-09-25,36186,58.86,61474,1097,115.55
BOSCH-HCIL,2026-09-25,27787,28.28,98241,11366,1811.6
BOSCHLTD,2026-09-25,9359,49.64,18852,9458,48250.0
BPCL,2026-09-25,985016,52.02,1893466,20754,308.5
BPL,2026-09-25,19371,71.26,27183,366,44.98
BPLPHARMA,2026-09-25,19105,54.27,35202,2342,1898.0
BRAHMINFRA,2026-09-25,30286,73.13,41413,427,147.8
BRIGADE,2026-09-25,132222,54.45,242813,20094,597.9
BRIGHOTEL,2026-09-25,52196,73.43,71084,1858,56.13
BRIGHTBR,2026-09-25,1233,99.76,1236,67,240.35
BRITANNIA,2026-09-25,55383,51.45,107642,13196,4937.5
BRNL,2026-09-25,14698,67.73,21702,228,16.69
BROOKS,2026-09-25,23179,72.73,31872,375,59.01
BSE,2026-09-25,2523394,56.06,4501619,155125,3191.5
BSE500IETF,2026-09-25,49450,57.33,86250,992,38.32
BSHSL,2026-09-25,1227,67.87,1808,81,86.9
BSL,2026-09-25,1944,89.05,2183,66,120.64
BSLGOLDETF,2026-09-25,1909363,98.86,1931415,1241,132.4
BSLNIFTY,2026-09-25,319511,53.98,591858,4190,27.16
BSLSENETFG,2026-09-25,2693,54.72,4921,83,74.71
BSOFT,2026-09-25,418161,47.84,874041,20044,274.05
BTML,2026-09-25,528135,84.76,623099,482,7.46
BUILDPRO,2026-09-25,37335,72.62,51409,3048,1276.1
BUTTERFLY,2026-09-25,7157,61.37,11663,599,566.7
BVCL,2026-09-25,8867,70.26,12620,141,41.26
BYKE,2026-09-25,16988,87.38,19441,168,29.76
CAMLINFINE,2026-09-25,180499,46.7,386533,4315,97.3
CAMPUS,2026-09-25,133243,38.31,347831,8453,209.99
CAMS,2026-09-25,423542,55.49,763343,45939,707.35
CANBK,2026-09-25,3929678,47.11,8341932,38624,124.99
CANFINHOME,2026-09-25,219484,62.24,352616,18037,753.25
CANHLIFE,2026-09-25,244995,39.5,620247,17365,150.7
CANTABIL,2026-09-25,42926,44.41,96663,2045,236.75
CAPACITE,2026-09-25,68464,42.19,162257,3099,191.14
CAPILLARY,2026-09-25,417895,32.21,1297575,43366,599.45
CAPITALSFB,2026-09-25,9961,62.98,15817,482,282.75
CAPLIPOINT,2026-09-25,37049,20.45,181149,21886,2835.1
CARBORUNIV,2026-09-25,105083,29.5,356177,28929,1278.5
CARERATING,2026-09-25,10320,71.45,14444,3048,1627.6
CARRARO,2026-09-25,46099,53.52,86135,5745,535.0
CARTRADE,2026-09-25,96995,30.1,322295,38467,3002.6
CARYSIL,2026-09-25,43552,49.1,88707,8615,1064.4
CASHIETF,2026-09-25,253859,62.66,405110,126,1081.27
CASTROLIND,2026-09-25,6444928,48.69,13237379,94341,201.67
CCAVENUE,2026-09-25,2581828,42.1,6133145,9946,15.89
CCCL,2026-09-25,91533,74.75,122449,363,13.32
CCHHL,2026-09-25,17740,70.85,25038,191,13.14
CCL,2026-09-25,184411,68.61,268782,16573,1044.4
CDSL,2026-09-25,611767,49.02,1248040,44343,1318.0
CEATLTD,2026-09-25,18211,47.61,38247,6188,3352.2
CEIGALL,2026-09-25,103223,50.6,203979,4939,384.1
CEINSYS,2026-09-25,26568,57.19,46454,2580,687.45
CELEBRITY,2026-09-25,16962,89.49,18954,64,6.63
CELLO,2026-09-25,105491,39.34,268152,14870,338.5
CEMNTGROWW,2026-09-25,29292,70.24,41703,328,14.13
CEMPRO,2026-09-25,52908,47.57,111230,10070,1257.2
CENTENKA,2026-09-25,9875,51.78,19070,1416,570.95
CENTEXT,2026-09-25,77027,71.27,108079,699,18.56
CENTRALBK,2026-09-25,1950589,62.24,3133875,9559,31.18
CENTRUM,2026-09-25,236855,58.75,403133,1412,21.24
CENTUM,2026-09-25,36434,49.65,73380,12927,4802.3
CENTURYPLY,2026-09-25,26449,52.64,50249,6192,694.45
CERA,2026-09-25,18253,72.37,25221,4841,5396.5
CESC,2026-09-25,1289653,53.09,2429335,47500,139.86
CEWATER,2026-09-25,12647,44.06,28701,1787,264.45
CGCL,2026-09-25,379736,38.55,984973,12861,253.7
CGPOWER,2026-09-25,410477,42.56,964372,27208,886.0
CGVAK,2026-09-25,5425,70.69,7674,111,153.41
CHALET,2026-09-25,35939,50.56,71076,13381,881.35
CHAMBLFERT,2026-09-25,319554,57.96,551322,12620,417.95
CHEMBOND,2026-09-25,5963,73.56,8106,308,191.99
CHEMCRUX,2026-09-25,4805,89.46,5371,129,79.87
CHEMFAB,2026-09-25,6781,62.06,10927,493,352.65
CHEMICAL,2026-09-25,118475,51.81,228662,972,29.14
CHEMPLASTS,2026-09-25,136987,24.48,559516,9380,197.47
CHENNPETRO,2026-09-25,249840,22.4,1115488,52408,1376.4
CHEVIOT,2026-09-25,1859,61.07,3044,240,1182.8
CHOICEGOLD,2026-09-25,1918,64.78,2961,107,149.13
CHOICEIN,2026-09-25,31780,9.79,324562,7669,751.05
CHOLAFIN,2026-09-25,1803938,62.67,2878656,88428,1662.7
CHOLAHLDNG,2026-09-25,191449,58.24,328724,34415,1400.6
CIEINDIA,2026-09-25,84609,44.11,191799,9806,390.8
CIFL,2026-09-25,58968,69.81,84467,580,22.04
CINELINE,2026-09-25,10406,62.52,16644,537,89.19
CINEVISTA,2026-09-25,7486,90.61,8262,139,14.04
CIPLA,2026-09-25,422353,36.21,1166527,35556,1399.7
CLEAN,2026-09-25,76223,47.23,161379,11345,807.25
CLEANMAX,2026-09-25,393114,44.25,888358,53590,1393.4
CLEDUCATE,2026-09-25,23827,86.31,27607,174,54.84
CLSEL,2026-09-25,7514,34.63,21698,830,294.7
CMLL,2026-09-25,156761,46.61,336329,21033,516.85
CMPDI,2026-09-25,432206,40.08,1078380,15023,210.2
CMRGREEN,2026-09-25,292439,49.42,591723,20970,224.49
CMSINFO,2026-09-25,286387,56.76,504573,11899,233.17
CNL,2026-09-25,4082,51.22,7969,1213,1098.2
COALINDIA,2026-09-25,2790062,58.15,4798343,62601,426.1
COASTCORP,2026-09-25,83928,67.29,124729,1697,36.13
COCHINSHIP,2026-09-25,105443,25.0,421803,18229,1377.0
COCKERILL,2026-09-25,966,45.35,2130,740,7956.0
COFFEEDAY,2026-09-25,317265,63.8,497297,2238,30.29
COFORGE,2026-09-25,343978,42.83,803153,55891,1784.0
COHANCE,2026-09-25,413137,74.14,557235,10836,459.25
COLPAL,2026-09-25,197689,54.97,359623,19392,1855.8
COMFINTE,2026-09-25,614661,45.09,1363067,1378,6.51
COMMOIETF,2026-09-25,12978,63.51,20435,425,96.96
COMPEAU,2026-09-25,502,100.0,502,12,365.0
COMPUSOFT,2026-09-25,10283,86.36,11907,122,13.19
COMSYN,2026-09-25,926114,45.09,2054003,16233,282.85
CONCOR,2026-09-25,221333,31.43,704143,16918,461.5
CONCORDBIO,2026-09-25,56412,45.12,125029,16189,1453.6
CONFIPET,2026-09-25,536461,38.86,1380621,19539,88.28
CONS,2026-09-25,19678,79.47,24760,109,11.75
CONSUMAXIS,2026-09-25,222,58.42,380,20,117.27
CONSUMBEES,2026-09-25,14413,44.68,32256,763,127.51
CONSUMER,2026-09-25,44296,65.04,68101,354,11.61
CONSUMIETF,2026-09-25,6196,66.01,9386,160,118.3
CONTROLPR,2026-09-25,15101,63.23,23882,1036,591.8
CORALFINAC,2026-09-25,4102,65.79,6235,84,31.77
CORDELIA,2026-09-25,607261,56.06,1083139,10076,105.21
COROMANDEL,2026-09-25,23731,47.98,49460,8668,1963.9
CORONA,2026-09-25,4092,47.56,8603,1740,2117.7
COSMOFIRST,2026-09-25,19172,58.41,32823,2216,849.4
CPCAP,2026-09-25,10065,73.94,13613,429,153.93
CPEDU,2026-09-25,1788,90.21,1982,61,177.14
CPL,2026-09-25,11894,45.69,26032,1089,63.23
CPPLUS,2026-09-25,89348,53.85,165927,25391,3687.5
CPSEETF,2026-09-25,249963,57.38,435641,8621,93.04
CRAFTSMAN,2026-09-25,21870,55.35,39510,14128,10735.0
CRAMC,2026-09-25,95840,62.48,153397,3545,230.45
CRAVATEX,2026-09-25,385,71.03,542,89,369.75
CREATIVEYE,2026-09-25,4617,80.31,5749,88,6.19
CREDITACC,2026-09-25,59383,54.47,109014,10425,1298.8
CREST,2026-09-25,2294,52.99,4329,122,362.9
CRESTO,2026-09-25,123678,47.76,258969,1563,22.03
CRISIL,2026-09-25,17886,49.26,36310,9996,4520.0
CRIZAC,2026-09-25,78516,39.66,197948,6452,182.79
CROMPTON,2026-09-25,532495,38.73,1374776,16369,218.6
CROWN,2026-09-25,7681,81.67,9405,217,119.36
CSBBANK,2026-09-25,59040,31.69,186281,9169,333.7
CSLFINANCE,2026-09-25,10017,65.59,15271,622,215.19
CSM,2026-09-25,309697,52.77,586845,2550,102.35
CUB,2026-09-25,744880,50.19,1484087,25159,225.57
CUBEXTUB,2026-09-25,1029059,39.89,2579721,26657,152.24
CUMMINSIND,2026-09-25,215891,64.01,337303,25926,4945.0
CUPID,2026-09-25,4063342,29.7,13680181,107650,270.0
CYIENT,2026-09-25,112941,33.71,334991,27401,1094.7
CYIENTDLM,2026-09-25,83710,32.05,261221,16751,931.4
DABUR,2026-09-25,391166,56.69,690022,15004,385.6
DALBHARAT,2026-09-25,175277,68.93,254282,20652,1700.2
DALMIASUG,2026-09-25,205463,20.35,1009477,32181,428.75
DAMCAPITAL,2026-09-25,73867,41.66,177289,4657,138.18
DANGEE,2026-09-25,592654,65.13,909887,715,3.26
DATAMATICS,2026-09-25,67639,31.31,216033,12192,807.6
DATAPATTNS,2026-09-25,50963,21.83,233402,26676,4418.8
DAVANGERE,2026-09-25,17232741,59.85,28793669,4381,2.4
DBCORP,2026-09-25,23199,57.57,40295,1503,181.71
DBEIL,2026-09-25,75276,62.06,121300,511,6.63
DBL,2026-09-25,45420,45.18,100526,3401,412.45
DBOL,2026-09-25,144741,41.04,352645,7699,122.25
DBREALTY,2026-09-25,390511,58.52,667369,5965,100.08
DCAL,2026-09-25,31945,48.77,65506,1944,168.19
DCBBANK,2026-09-25,564907,59.35,951797,12814,214.09
DCI,2026-09-25,30539,26.67,114505,5979,302.0
DCM,2026-09-25,9866,99.83,9883,71,75.0
DCMFINSERV,2026-09-25,3047,72.41,4208,155,5.02
DCMNVL,2026-09-25,3224,36.25,8893,921,179.15
DCMSHRIRAM,2026-09-25,11184,54.95,20353,3983,974.3
DCMSIL,2026-09-25,141178,53.97,261587,3391,83.98
DCMSRIND,2026-09-25,1019286,42.44,2401956,20013,39.71
DCW,2026-09-25,617370,44.21,1396410,6994,48.72
DCXINDIA,2026-09-25,233697,51.28,455756,7166,161.99
DDEVPLSTIK,2026-09-25,50207,61.62,81482,2080,256.15
DECCANCE,2026-09-25,8333,62.49,13335,536,553.55
DECNGOLD,2026-09-25,454976,45.98,989554,16045,213.0
DEEDEV,2026-09-25,68886,52.77,130551,8660,666.2
DEEPA,2026-09-25,3035814,15.8,19215814,183907,213.12
DEEPAKFERT,2026-09-25,128664,32.57,394991,25546,1363.8
DEEPAKNTR,2026-09-25,33440,47.82,69925,8907,1587.1
DEEPINDS,2026-09-25,127008,37.38,339780,20023,781.1
DEFENCE,2026-09-25,40637,43.32,93808,803,78.48
DELHIVERY,2026-09-25,1948774,58.45,3334319,65923,422.7
DELTACORP,2026-09-25,4887142,18.48,26445158,113071,76.84
DELTAMAGNT,2026-09-25,7265,79.82,9102,159,57.16
DEN,2026-09-25,151488,55.78,271603,1379,26.38
DENORA,2026-09-25,3592,80.85,4443,465,766.5
DENTA,2026-09-25,49845,36.21,137637,4213,276.7
DEVIT,2026-09-25,38318,73.22,52336,823,22.28
DEVX,2026-09-25,160658,89.36,179787,707,35.97
DEVYANI,2026-09-25,400756,37.44,1070431,16265,135.02
DGCONTENT,2026-09-25,10909,81.42,13399,141,23.9
DHAMPURSUG,2026-09-25,448726,20.88,2148612,35839,174.67
DHANBANK,2026-09-25,131794,55.09,239224,1131,29.31
DHANUKA,2026-09-25,4232,62.3,6793,1089,964.35
DHARMAJ,2026-09-25,16052,68.09,23574,1043,295.15
DHATRE,2026-09-25,36743,42.96,85524,233,4.13
DHOOTTRANS,2026-09-25,134956,24.58,548949,26542,1560.5
DHRUV,2026-09-25,5488,93.59,5864,65,21.5
DHUNINV,2026-09-25,149,89.76,166,25,982.8
DIAMINESQ,2026-09-25,3235,62.95,5139,102,248.25
DIAMONDYD,2026-09-25,1767,51.23,3449,473,1071.0
DICIND,2026-09-25,3271,78.12,4187,216,656.5
DIFFNKG,2026-09-25,25937,40.46,64101,2976,430.45
DIGIDRIVE,2026-09-25,16232,97.57,16637,189,18.39
DIGISPICE,2026-09-25,84572,76.12,111103,242,16.08
DIGITIDE,2026-09-25,160751,59.7,269246,3302,78.57
DISAQ,2026-09-25,27,49.09,55,42,11773.0
DISHTV,2026-09-25,2609619,73.86,3533046,2214,2.37
DIVGIITTS,2026-09-25,31581,46.91,67322,6992,1154.6
DIVIDEND,2026-09-25,2137,99.03,2158,42,34.78
DIVISLAB,2026-09-25,268418,69.03,388859,43556,9619.5
DIVOPPBEES,2026-09-25,28364,63.43,44715,715,74.22
DIXON,2026-09-25,91028,32.98,276046,37661,13390.0
DJML,2026-09-25,32790,43.3,75725,697,71.85
DLF,2026-09-25,1856744,51.97,3573018,49070,683.0
DLINKINDIA,2026-09-25,17530,58.16,30140,1750,420.9
DMART,2026-09-25,175903,59.1,297635,20877,3834.2
DMCC,2026-09-25,67682,55.2,122619,3402,305.35
DNAMEDIA,2026-09-25,11693,67.88,17225,86,2.53
DODLA,2026-09-25,8751,59.28,14762,1835,1039.4
DOLATALGO,2026-09-25,37410,62.27,60079,899,67.48
DOLLAR,2026-09-25,46082,58.22,79148,2305,270.45
DOLLEX,2026-09-25,24641,90.19,27320,243,36.05
DOLPHIN,2026-09-25,15692,43.91,35738,2848,687.45
DOMS,2026-09-25,6927,50.85,13623,3087,2083.0
DONEAR,2026-09-25,9661,59.58,16214,159,82.64
DPABHUSHAN,2026-09-25,9838,50.04,19662,2139,1417.7
DRAGARWQ,2026-09-25,212,18.32,1157,989,5209.0
DRCSYSTEMS,2026-09-25,19923,74.68,26678,220,12.69
DREAMFOLKS,2026-09-25,23563,66.96,35192,731,63.31
DREDGECORP,2026-09-25,39385,42.84,91938,4239,984.8
DRREDDY,2026-09-25,611796,61.1,1001238,39060,1201.0
DSFCL,2026-09-25,76152,55.92,136185,642,31.09
DSSL,2026-09-25,7917,56.72,13959,1235,1021.2
DUCON,2026-09-25,2090505,91.79,2277545,776,1.56
DVL,2026-09-25,8097,46.67,17348,726,289.75
DWARKESH,2026-09-25,1781335,18.72,9515248,37819,45.01
DYCL,2026-09-25,208550,43.53,479136,17954,456.95
DYNAMATECH,2026-09-25,11117,29.16,38127,14120,13153.0
DYNPRO,2026-09-25,5430,80.31,6761,351,229.22
EASEMYTRIP,2026-09-25,5349484,35.76,14957504,7286,5.92
EASTWEST,2026-09-25,23744,70.19,33828,192,2.4
EBANK10,2026-09-25,424,100.0,424,10,16.37
EBANKNIFTY,2026-09-25,11057,99.92,11066,16,56.22
EBBETF0430,2026-09-25,1896,78.31,2421,182,1605.88
EBBETF0431,2026-09-25,3724,71.48,5210,85,1430.19
EBBETF0433,2026-09-25,4914,93.32,5266,67,1304.87
EBGNG,2026-09-25,205114,47.3,433643,19379,669.0
ECAPINSURE,2026-09-25,54451,73.05,74542,282,23.37
ECLERX,2026-09-25,58144,47.66,121985,17047,1898.8
ECORECO,2026-09-25,5728,55.43,10333,1115,418.8
ECOSMOBLTY,2026-09-25,21457,54.69,39231,1183,108.42
EDELWEISS,2026-09-25,1852621,41.79,4432948,33662,136.83
EFCIL,2026-09-25,31594,50.28,62842,1559,179.74
EGOLD,2026-09-25,187365,96.06,195047,318,150.4
EICHERMOT,2026-09-25,113360,56.34,201194,27982,7360.0
EIDPARRY,2026-09-25,138467,40.55,341486,20388,704.75
EIEL,2026-09-25,472444,45.7,1033739,10059,198.85
EIHAHOTELS,2026-09-25,11345,36.79,30841,1251,294.3
EIHOTEL,2026-09-25,54367,45.16,120396,6255,294.7
EIMCOELECO,2026-09-25,7940,47.3,16786,1967,2301.6
EKC,2026-09-25,87419,24.05,363550,4757,110.28
EKI,2026-09-25,242001,33.48,722768,7441,100.99
ELANTAS,2026-09-25,633,56.12,1128,508,13881.0
ELCIDIN,2026-09-25,7,87.5,8,7,103800.0
ELDEHSG,2026-09-25,287,82.47,348,39,765.5
ELECON,2026-09-25,175596,27.82,631253,22055,458.25
ELECTCAST,2026-09-25,342443,45.22,757352,5552,72.34
ELECTHERM,2026-09-25,16404,68.52,23940,1720,873.35
ELGIEQUIP,2026-09-25,92276,43.22,213480,14854,603.0
ELGIRUBCO,2026-09-25,74378,63.81,116560,1033,54.96
ELIN,2026-09-25,283653,70.4,402933,8029,88.57
ELIQUID,2026-09-25,2106,70.15,3002,17,1049.39
ELITECON,2026-09-25,3169092,62.87,5040510,6201,9.08
ELLEN,2026-09-25,249810,38.32,651892,15865,368.5
ELM250,2026-09-25,7520,56.31,13354,152,16.23
ELMDIV,2026-09-25,184,100.0,184,14,35.14
ELPROINTL,2026-09-25,2612,97.75,2672,55,171.8
EMAMILTD,2026-09-25,1050064,51.98,2020121,47136,389.25
EMAMIREAL,2026-09-25,24735,88.26,28025,664,68.4
EMBDL,2026-09-25,1276782,49.19,2595396,25379,58.07
EMCURE,2026-09-25,16802,51.88,32384,6720,1950.6
EMETAL,2026-09-25,8997,80.91,11120,45,12.96
EMIL,2026-09-25,2320225,34.24,6776165,73913,200.22
EMKAY,2026-09-25,25507,52.37,48704,1406,270.35
EMMVEE,2026-09-25,1024376,41.45,2471556,46113,321.9
EMPIND,2026-09-25,959,70.51,1360,287,1037.4
EMPOWER,2026-09-25,5350007,99.88,5356437,1819,1.87
EMSLIMITED,2026-09-25,40316,41.78,96500,3673,354.9
EMUDHRA,2026-09-25,117922,28.77,409910,19639,653.45
EMULTIMQ,2026-09-25,9456,77.31,12231,117,41.29
ENDURANCE,2026-09-25,65011,59.78,108756,19824,2645.9
ENERGY,2026-09-25,132245,65.18,202880,771,37.67
ENERGYAXIS,2026-09-25,7081,50.04,14151,65,19.3
ENERGYDEV,2026-09-25,11195,68.03,16457,189,15.25
ENEXT50,2026-09-25,1441,99.45,1449,7,71.76
ENGINERSIN,2026-09-25,3661615,18.67,19615591,184294,315.65
ENIFTY,2026-09-25,700,91.15,768,56,23.36
ENIL,2026-09-25,7201,77.45,9298,176,99.07
ENKEIWHEL,2026-09-25,110,100.0,110,4,388.2
ENRIN,2026-09-25,190900,41.25,462792,45027,3313.0
ENTERO,2026-09-25,65927,59.7,110434,12079,1821.8
EPACK,2026-09-25,73392,48.52,151259,3243,180.32
EPACKPEB,2026-09-25,267724,51.07,524207,14858,245.38
EPIGRAL,2026-09-25,17129,51.66,33156,3440,1060.6
EPL,2026-09-25,772490,53.66,1439511,20057,238.1
EQUAL200,2026-09-25,7407,65.97,11227,57,13.41
EQUAL50,2026-09-25,1853,56.51,3279,37,320.63
EQUAL50ADD,2026-09-25,13873,83.58,16598,266,332.75
EQUITASBNK,2026-09-25,2652717,48.76,5440394,32483,67.03
ERIS,2026-09-25,17349,57.34,30256,4743,1258.9
ESABINDIA,2026-09-25,1710,59.01,2898,1260,5527.0
ESCORTS,2026-09-25,20035,47.16,42484,7017,2855.7
ESDS,2026-09-25,64707,93.75,69023,3380,1760.5
ESENSEX,2026-09-25,311,83.83,371,16,74.65
ESG,2026-09-25,6476,98.57,6570,65,39.76
ESILVER,2026-09-25,264284,95.05,278052,1827,229.29
ESSARSHPNG,2026-09-25,35933,73.62,48806,364,16.12
ESSENTIA,2026-09-25,799524,68.57,1166081,602,1.02
ESTER,2026-09-25,13754,56.53,24329,604,86.14
ETERNAL,2026-09-25,15765205,64.33,24508361,116052,335.0
ETHOSLTD,2026-09-25,13940,48.29,28869,7259,2552.8
EUREKAFORB,2026-09-25,115720,52.53,220304,13051,370.85
EUROBOND,2026-09-25,1905,71.7,2657,51,150.56
EUROPRATIK,2026-09-25,53060,26.28,201904,3205,213.15
EVEREADY,2026-09-25,32423,67.13,48301,1429,322.0
EVIETF,2026-09-25,45023,60.21,74778,717,31.52
EVINDIA,2026-09-25,59559,72.14,82558,1216,31.5
EXCELINDUS,2026-09-25,5555,65.96,8422,1019,928.9
EXCELSOFT,2026-09-25,1065005,25.4,4192133,30469,86.62
EXICOM,2026-09-25,396904,53.66,739666,7710,160.99
EXIDEIND,2026-09-25,904854,48.52,1864971,31443,423.65
EXPLEOSOL,2026-09-25,5690,66.48,8559,1016,883.25
EXXARO,2026-09-25,124782,88.36,141227,353,6.21
FABTECH,2026-09-25,30691,55.78,55026,727,145.83
FACT,2026-09-25,20605,32.19,64010,4546,777.9
FAZE3Q,2026-09-25,2839,48.62,5839,549,434.05
FCL,2026-09-25,13615564,28.94,47041849,133219,60.48
FCSSOFT,2026-09-25,2791041,79.81,3497198,1257,1.46
FDC,2026-09-25,66801,60.05,111248,5127,341.0
FEDDERSHOL,2026-09-25,1093564,19.41,5634189,24115,62.31
FEDERALBNK,2026-09-25,2679356,43.72,6128694,63699,322.0
FEDFINA,2026-09-25,464190,48.51,956913,15398,151.68
FERMENTA,2026-09-25,16863,44.69,37736,2406,468.4
FIBERWEB,2026-09-25,6035,64.41,9370,145,26.54
FIEMIND,2026-09-25,56494,46.91,120437,19015,1965.5
FILATEX,2026-09-25,3890580,56.37,6901260,27339,106.94
FILATFASH,2026-09-25,28669359,62.7,45723506,1549,0.18
FINCABLES,2026-09-25,178472,35.6,501380,25360,1460.9
FINEORG,2026-09-25,3324,50.2,6621,2676,5083.0
FINIETF,2026-09-25,250153,65.42,382407,1810,31.1
FINKURVE,2026-09-25,13040,32.74,39834,1748,69.31
FINOPB,2026-09-25,86004,50.21,171278,2127,128.25
FINPIPE,2026-09-25,171139,49.43,346254,12965,154.16
FIRSTCRY,2026-09-25,1034018,29.78,3472092,35616,180.83
FISCHER,2026-09-25,639307,71.7,891671,2303,34.29
FIVESTAR,2026-09-25,554027,59.53,930721,36730,520.95
FLAIR,2026-09-25,36745,52.89,69478,1872,237.58
FLEXIADD,2026-09-25,50027,84.86,58950,384,9.71
FLUOROCHEM,2026-09-25,20609,54.93,37518,8068,4441.4
FMCGADD,2026-09-25,2379,50.4,4720,153,46.11
FMCGIETF,2026-09-25,443557,61.58,720342,2843,49.48
FMGOETZE,2026-09-25,108371,48.73,222375,8113,482.6
FMNL,2026-09-25,8776,67.73,12957,125,8.0
FOODSIN,2026-09-25,44723,60.52,73902,1249,52.97
FORCEMOT,2026-09-25,21308,32.91,64737,18543,17388.0
FORTIS,2026-09-25,1122356,46.13,2433292,70634,837.85
FOSECOIND,2026-09-25,11679,59.9,19496,5326,6468.0
FRACTAL,2026-09-25,102803,62.9,163432,10710,750.2
FREDUN,2026-09-25,38188,58.79,64955,4500,1356.6
FRONTSP,2026-09-25,21008,27.19,77261,8787,1438.8
FSL,2026-09-25,157782,37.81,417268,15933,259.45
FUSION,2026-09-25,199397,50.19,397315,7071,177.14
GABRIEL,2026-09-25,43224,30.6,141245,12730,1386.7
GAEL,2026-09-25,244489,44.72,546758,12910,163.87
GAIL,2026-09-25,3065459,56.2,5454851,31039,172.7
GAJA,2026-09-25,253626,45.06,562904,7990,142.26
GALAPREC,2026-09-25,27158,35.75,75963,8120,1148.6
GALAXYSURF,2026-09-25,18301,34.43,53147,9700,2261.3
GALLANTT,2026-09-25,18179,31.2,58267,3384,545.1
GANDHAR,2026-09-25,137156,45.67,300287,5686,261.65
GANDHITUBE,2026-09-25,3587,47.86,7495,741,966.5
GANECOS,2026-09-25,21798,45.39,48026,4783,1028.6
GANESHCP,2026-09-25,71055,73.76,96333,1824,159.94
GANESHHOU,2026-09-25,9488,50.77,18687,2203,734.75
GANGAFORGE,2026-09-25,2235514,66.54,3359674,1719,1.46
GANGESSECU,2026-09-25,482,57.79,834,13,114.61
GARFIBRES,2026-09-25,11210,47.73,23488,5829,773.5
GARUDA,2026-09-25,187032,45.92,407274,6161,176.87
GATEWAY,2026-09-25,177358,62.83,282280,2691,52.5
GAUDIUMIVF,2026-09-25,134283,53.46,251182,3219,115.22
GAYAHWS,2026-09-25,58761,83.53,70343,194,1.85
GAYAPROJ,2026-09-25,288496,57.1,505264,2396,22.91
GCSL,2026-09-25,173330,39.02,444252,3932,653.45
GEEKAYWIRE,2026-09-25,260624,62.71,415607,1451,32.9
GEMAROMA,2026-09-25,26943,53.37,50483,1716,158.93
GENCON,2026-09-25,29995,11.17,268643,1037,38.17
GENESYS,2026-09-25,259010,34.34,754157,12145,286.17
GENUSPAPER,2026-09-25,235790,77.82,303009,530,10.83
GENUSPOWER,2026-09-25,425348,49.07,866753,15553,305.7
GEOJITFSL,2026-09-25,257550,47.05,547369,6284,81.51
GESHIP,2026-09-25,257382,56.63,454472,22812,1497.2
GFLLIMITED,2026-09-25,38646,64.65,59780,1473,57.29
GHCL,2026-09-25,44094,54.95,80239,4248,419.8
GHCLTEXTIL,2026-09-25,283298,51.12,554170,11054,139.12
GICHSGFIN,2026-09-25,20212,54.8,36885,1099,137.32
GICRE,2026-09-25,129338,49.28,262473,9266,337.5
GILLANDERS,2026-09-25,19551,94.58,20672,140,108.69
GILLETTE,2026-09-25,10179,46.23,22019,7119,7072.0
GILT10BETA,2026-09-25,1101,73.25,1503,25,26.46
GILT5BETA,2026-09-25,407,66.29,614,20,65.66
GILT5YBEES,2026-09-25,232365,82.47,281752,635,65.97
GIPCL,2026-09-25,100676,45.89,219387,5264,185.84
GKB,2026-09-25,839,96.11,873,20,68.54
GKENERGY,2026-09-25,105205,54.07,194586,2419,123.68
GKSL,2026-09-25,531480,29.03,1830502,28587,178.02
GKWLIMITED,2026-09-25,1320,97.06,1360,31,1556.0
GLAND,2026-09-25,62645,50.39,124312,16875,2917.2
GLASSWALL,2026-09-25,1324686,8.22,16111693,131275,274.19
GLAXO,2026-09-25,6985,45.42,15380,3598,2815.7
GLENMARK,2026-09-25,450492,57.37,785299,61416,2380.0
GLFL,2026-09-25,3787,43.84,8638,28,5.12
GLOBAL,2026-09-25,146490,64.36,227619,3949,135.4
GLOBALE,2026-09-25,1222,94.0,1300,24,10.59
GLOBALVECT,2026-09-25,2393,58.38,4099,206,134.06
GLOBE,2026-09-25,348133,83.59,416495,267,2.24
GLOBECIVIL,2026-09-25,6547,72.53,9026,241,43.12
GLOBUSSPR,2026-09-25,16611,47.35,35079,3926,832.55
GLOSTERLTD,2026-09-25,3239,89.18,3632,310,552.7
GLOTTIS,2026-09-25,105707,44.01,240211,2896,65.62
GMBREW,2026-09-25,32909,44.91,73282,4385,978.8
GMDCLTD,2026-09-25,294461,42.4,694551,20107,538.0
GMMPFAUDLR,2026-09-25,103435,47.0,220062,19010,1505.2
GMRAIRPORT,2026-09-25,5613775,55.53,10108888,41187,97.95
GMRP&UI,2026-09-25,916262,42.13,2175028,22274,102.68
GNA,2026-09-25,190114,30.49,623477,17690,617.65
GNFC,2026-09-25,937974,54.08,1734397,36832,630.3
GNRL,2026-09-25,33738,43.39,77761,2022,100.18
GOACARBON,2026-09-25,8907,60.73,14667,864,401.8
GOCLCORP,2026-09-25,44954,42.53,105705,4032,384.1
GOCOLORS,2026-09-25,12067,46.82,25771,2139,317.35
GODAVARIB,2026-09-25,30009,59.39,50525,1245,236.52
GODFRYPHLP,2026-09-25,25037,36.33,68917,6828,1970.4
GODIGIT,2026-09-25,170352,46.65,365201,20962,253.7
GODREJAGRO,2026-09-25,54636,45.41,120326,8750,657.8
GODREJCP,2026-09-25,138571,48.08,288234,8758,880.0
GODREJIND,2026-09-25,41364,15.77,262360,25346,1105.3
GODREJPROP,2026-09-25,112993,41.3,273610,18451,1700.1
GOKEX,2026-09-25,71834,45.41,158193,9789,689.6
GOKUL,2026-09-25,19287,13.26,145483,1911,39.69
GOKULAGRO,2026-09-25,77797,44.67,174168,6734,221.89
GOLD1,2026-09-25,973336,60.52,1608175,5170,125.72
GOLD360,2026-09-25,4427,54.61,8107,243,146.5
GOLDADD,2026-09-25,4664692,41.07,11357073,6102,14.62
GOLDAXIS,2026-09-25,299243,66.58,449418,1996,125.36
GOLDBEES,2026-09-25,6099869,44.52,13701949,74791,124.43
GOLDBETA,2026-09-25,384405,85.6,449086,1936,126.65
GOLDBND,2026-09-25,14407,94.4,15262,107,150.62
GOLDCASE,2026-09-25,2352233,46.31,5079230,7744,23.67
GOLDETF,2026-09-25,326184,62.71,520173,5204,146.34
GOLDIAM,2026-09-25,99703,38.81,256884,7142,325.05
GOLDIETF,2026-09-25,4162237,77.39,5378475,23284,129.03
GOODLUCK,2026-09-25,112113,46.77,239704,13410,525.65
GOODYEAR,2026-09-25,1531,61.96,2471,488,707.8
GOPAL,2026-09-25,57734,55.99,103108,5370,260.95
GOYALALUM,2026-09-25,26992,66.63,40513,376,5.91
GPIL,2026-09-25,401522,46.51,863273,16672,229.42
GPPL,2026-09-25,793564,59.73,1328565,13121,163.2
GPTHEALTH,2026-09-25,31948,47.76,66898,2240,161.27
GPTINFRA,2026-09-25,59844,47.89,124954,1583,114.43
GRANDOAK,2026-09-25,1511,61.8,2445,103,34.77
GRANULES,2026-09-25,280684,46.98,597420,24691,868.65
GRAPHITE,2026-09-25,291484,21.57,1351331,49787,820.7
GRASIM,2026-09-25,461742,59.7,773413,22488,3191.0
GRAUWEIL,2026-09-25,598787,54.45,1099667,8742,88.02
GRAVITA,2026-09-25,145351,54.58,266305,16895,1495.4
GREAVESCOT,2026-09-25,2416567,22.52,10729752,113870,234.78
GREENLAM,2026-09-25,58171,70.63,82357,1378,224.32
GREENPANEL,2026-09-25,106536,54.87,194144,4177,162.61
GREENPLY,2026-09-25,248855,69.6,357533,5942,287.25
GREENPOWER,2026-09-25,951729,51.57,1845566,3384,8.96
GRINDWELL,2026-09-25,4318,47.77,9040,2417,1972.7
GRINFRA,2026-09-25,5193,40.95,12680,1595,812.4
GRMOVER,2026-09-25,159344,15.97,997560,3870,80.63
GROBTEA,2026-09-25,139,75.96,183,24,894.35
GROWW,2026-09-25,7807091,55.44,14081481,127467,187.06
GROWWCAPM,2026-09-25,2607649,94.15,2769816,1138,11.12
GROWWCHEM,2026-09-25,13652,47.4,28804,246,29.44
GROWWDEFNC,2026-09-25,61443,52.02,118117,2370,93.87
GROWWEV,2026-09-25,404938,83.74,483550,1625,31.43
GROWWGOLD,2026-09-25,338936,40.19,843288,2590,14.7
GROWWHOSPI,2026-09-25,257012,80.64,318735,1680,51.64
GROWWLIQID,2026-09-25,95817,61.92,154736,195,110.91
GROWWLOVOL,2026-09-25,3625,53.48,6778,116,10.06
GROWWMC150,2026-09-25,220,81.18,271,26,226.09
GROWWMETAL,2026-09-25,158435,53.82,294393,1482,12.53
GROWWMOM50,2026-09-25,393127,94.33,416743,407,10.82
GROWWN200,2026-09-25,20795,48.49,42885,292,10.91
GROWWNET,2026-09-25,3462404,91.47,3785444,1417,10.25
GROWWNIFTY,2026-09-25,493857,64.86,761413,3475,9.36
GROWWNXT50,2026-09-25,3486,53.26,6545,87,71.77
GROWWPOWER,2026-09-25,384000,42.89,895236,2122,11.08
GROWWPSE,2026-09-25,1624,82.77,1962,125,96.62
GROWWPSUBK,2026-09-25,1855,55.09,3367,146,83.75
GROWWRAIL,2026-09-25,236108,50.17,470644,2827,26.75
GROWWRLTY,2026-09-25,72611,58.56,123987,393,9.71
GROWWSC250,2026-09-25,64575,80.8,79923,464,10.47
GROWWSLVR,2026-09-25,244996,32.73,748536,1626,22.4
GRPLTD,2026-09-25,373,81.8,456,114,1999.0
GRSE,2026-09-25,93940,37.16,252777,21470,2319.0
GRWRHITECH,2026-09-25,40911,45.23,90455,17205,6640.0
GSEC10ABSL,2026-09-25,6,100.0,6,3,111.63
GSEC10ADD,2026-09-25,404,97.58,414,5,26.77
GSEC10IETF,2026-09-25,5,100.0,5,4,262.05
GSEC10YEAR,2026-09-25,278,61.92,449,18,29.99
GSEC5IETF,2026-09-25,9451,53.97,17513,27,65.85
GSFC,2026-09-25,424452,57.68,735930,10459,156.8
GSLSU,2026-09-25,17502,46.54,37609,573,31.13
GSPCROP,2026-09-25,20997,8.04,261036,3726,498.25
GSS,2026-09-25,28111,78.03,36024,210,10.72
GTECJAINX,2026-09-25,1265,67.65,1870,23,26.52
GTL,2026-09-25,54231,69.25,78314,392,7.03
GTLINFRA,2026-09-25,10543804,39.43,26743520,10850,1.12
GTPL,2026-09-25,24822,53.94,46020,690,56.57
GUFICBIO,2026-09-25,15859,50.82,31206,2160,423.75
GUJALKALI,2026-09-25,25123,54.39,46193,4998,630.9
GUJAPOLLO,2026-09-25,2717,74.93,3626,203,329.1
GUJENERGY,2026-09-25,254855,56.46,451419,19989,236.02
GUJRAFFIA,2026-09-25,677,87.13,777,19,40.69
GUJTHEM,2026-09-25,79495,49.83,159525,5995,417.0
GULFOILLUB,2026-09-25,36533,61.22,59678,4930,1106.6
GULPOLY,2026-09-25,30914,38.28,80764,2244,170.36
GVPIL,2026-09-25,47708,45.92,103896,6654,669.7
GVT&D,2026-09-25,160094,49.25,325045,29946,4280.0
GYFTR,2026-09-25,21342,45.41,47001,2227,166.3
HAL,2026-09-25,190961,49.67,384467,30272,4800.0
HALDER,2026-09-25,1878,55.12,3407,344,241.45
HALEOSLABS,2026-09-25,443,79.82,555,113,1501.8
HAMPTON,2026-09-25,8246,68.41,12054,131,8.1
HAPPSTMNDS,2026-09-25,180354,43.66,413053,10364,310.5
HAPPYFORGE,2026-09-25,21738,58.36,37247,7878,2063.5
HARDWYN,2026-09-25,1034894,76.3,1356392,763,9.27
HARIOMPIPE,2026-09-25,41895,53.24,78696,3059,344.55
HARRMALAYA,2026-09-25,7403,74.46,9942,325,172.59
HARSHA,2026-09-25,71275,47.32,150621,7149,462.05
HATHWAY,2026-09-25,471331,43.99,1071495,2361,9.93
HATSUN,2026-09-25,15629,34.95,44714,5621,1165.3
HAVELLS,2026-09-25,150582,48.84,308307,22117,1096.5
HAVISHA,2026-09-25,25838,80.56,32071,138,1.38
HAWKINCOOK,2026-09-25,763,77.38,986,379,8047.5
HAZOOR,2026-09-25,691857,45.1,1533958,3126,19.36
HBESD,2026-09-25,128,99.22,129,12,68.04
HBLENGINE,2026-09-25,1417357,27.26,5199842,120054,806.0
HBPOR,2026-09-25,791,64.68,1223,59,60.6
HBSL,2026-09-25,3107,93.42,3326,57,56.08
HCC,2026-09-25,3815234,38.16,9997995,20111,21.26
HCG,2026-09-25,31526,50.64,62254,11862,698.65
HCL-INSYS,2026-09-25,108497,72.08,150513,681,10.57
HCLTECH,2026-09-25,637460,40.65,1568243,50450,1258.0
HDBFS,2026-09-25,167554,65.49,255839,15013,648.15
HDFCAMC,2026-09-25,212214,58.39,363424,26129,2378.0
HDFCBANK,2026-09-25,12291121,61.91,19853034,231573,735.6
HDFCBSE500,2026-09-25,1067547,96.59,1105274,288,36.38
HDFCGOLD,2026-09-25,6931938,79.5,8719548,9696,128.63
HDFCGROWTH,2026-09-25,7671,67.37,11386,140,113.41
HDFCLIFE,2026-09-25,1530444,35.71,4285606,61156,531.0
HDFCLIQUID,2026-09-25,51274,86.52,59263,68,1079.63
HDFCLOWVOL,2026-09-25,6484,64.27,10088,89,19.81
HDFCMID150,2026-09-25,524357,74.95,699608,1664,22.7
HDFCMOMENT,2026-09-25,46485,43.31,107340,572,30.51
HDFCNEXT50,2026-09-25,64689,54.06,119653,1063,73.21
HDFCNIF100,2026-09-25,18128,63.62,28496,235,25.18
HDFCNIFBAN,2026-09-25,17647,63.26,27898,318,57.29
HDFCNIFIT,2026-09-25,78535,63.07,124528,419,30.07
HDFCNIFTY,2026-09-25,202664,83.69,242156,1088,261.22
HDFCNIMEG,2026-09-25,310,53.63,578,31,130.71
HDFCPSUBK,2026-09-25,16929,62.04,27288,159,83.61
HDFCPVTBAN,2026-09-25,56151,40.64,138169,447,27.45
HDFCQUAL,2026-09-25,2486,36.32,6845,81,56.53
HDFCSENSEX,2026-09-25,22713,47.11,48210,748,84.03
HDFCSILVER,2026-09-25,755955,38.95,1940902,10064,218.66
HDFCSML250,2026-09-25,727089,65.48,1110435,14764,183.33
HDFCVALUE,2026-09-25,18713,80.23,23323,205,121.27
HEADSUP,2026-09-25,7474,87.01,8590,72,6.65
HEALTHADD,2026-09-25,14820,81.82,18113,174,16.99
HEALTHAXIS,2026-09-25,3328,87.53,3802,119,169.85
HEALTHCARE,2026-09-25,24543,61.75,39747,204,21.84
HEALTHIETF,2026-09-25,42668,53.23,80158,1246,172.01
HEALTHX,2026-09-25,8320,89.05,9343,107,288.65
HEALTHY,2026-09-25,229478,72.05,318507,987,17.17
HECPROJECT,2026-09-25,950,82.61,1150,47,115.48
HEGAM,2026-09-25,845316,25.83,3273043,55670,244.35
HEIDELBERG,2026-09-25,298823,69.61,429293,5674,134.97
HEMIPROP,2026-09-25,127178,54.98,231330,2745,120.36
HERANBA,2026-09-25,228503,6.86,3333268,41391,187.6
HERITGFOOD,2026-09-25,76902,40.49,189918,7370,407.4
HEROMOTOCO,2026-09-25,152341,50.85,299598,30771,5360.0
HEROMOTORS,2026-09-25,18858550,18.38,102618013,418689,141.69
HESTERBIO,2026-09-25,696,44.3,1571,418,2182.9
HEXATRADEX,2026-09-25,612,62.07,986,47,157.35
HEXT,2026-09-25,29003,46.04,62991,6318,496.7
HGINFRA,2026-09-25,98228,21.74,451893,15999,453.1
HGM,2026-09-25,1368,99.85,1370,26,42.18
HGS,2026-09-25,7101,64.45,11018,1372,376.6
HIKAL,2026-09-25,156296,25.9,603533,14080,217.58
HILINFRA,2026-09-25,66348,77.06,86095,1009,42.86
HILTON,2026-09-25,63673,72.94,87300,467,16.85
HIMATSEIDE,2026-09-25,624957,46.91,1332162,11267,68.79
HINDADH,2026-09-25,1294,79.83,1621,85,386.3
HINDALCO,2026-09-25,1485726,60.16,2469481,44556,977.0
HINDALUMI,2026-09-25,974,80.5,1210,72,92.43
HINDCOMPOS,2026-09-25,1763,84.56,2085,124,387.35
HINDCON,2026-09-25,121333,64.38,188464,957,27.6
HINDCOPPER,2026-09-25,1252473,34.32,3649150,60094,494.65
HINDOILEXP,2026-09-25,153345,46.41,330435,5541,173.38
HINDPETRO,2026-09-25,3239499,65.34,4957719,37560,351.0
HINDUNILVR,2026-09-25,393977,53.82,732074,40117,1942.9
HINDWAREAP,2026-09-25,53832,48.3,111443,2582,173.68
HINDZINC,2026-09-25,1704482,50.89,3349241,39252,588.95
HIRECT,2026-09-25,11403,46.68,24429,2937,1212.9
HISARMETAL,2026-09-25,327,78.99,414,35,152.88
HITECH,2026-09-25,281346,58.62,479980,4544,73.6
HLEGLAS,2026-09-25,106775,41.52,257150,9535,441.1
HLVLTD,2026-09-25,67807,78.11,86809,410,6.53
HMAAGRO,2026-09-25,481239,38.33,1255633,4230,23.98
HNDFDS,2026-09-25,13732,56.38,24358,2126,612.35
HNGSNGBEES,2026-09-25,46544,60.1,77439,3699,457.74
HOMEFIRST,2026-09-25,289351,45.16,640771,44056,1123.1
HONASA,2026-09-25,193768,44.3,437409,15331,465.5
HONAUT,2026-09-25,409,32.31,1266,927,33865.0
HONDAPOWER,2026-09-25,1208,62.01,1948,442,1915.2
HORIZONIND,2026-09-25,3845295,72.61,5295503,19472,50.52
HPAL,2026-09-25,28475,67.91,41928,462,34.96
HPIL,2026-09-25,15,71.43,21,7,115.4
HPL,2026-09-25,34104,36.09,94501,3619,278.15
HRYNSHP,2026-09-25,1226,78.64,1559,82,97.01
HSBCGOLD,2026-09-25,1434,66.51,2156,57,130.64
HSCL,2026-09-25,486797,36.02,1351330,26472,678.75
HTEL,2026-09-25,601269,45.97,1308035,12590,67.03
HTMEDIA,2026-09-25,65334,70.84,92225,648,24.06
HUBTOWN,2026-09-25,74153,49.24,150592,2417,171.67
HUDCO,2026-09-25,300262,35.91,836257,17086,173.99
HUHTAMAKI,2026-09-25,35901,53.1,67613,3348,243.25
HYBRIDETF,2026-09-25,2197,99.41,2210,61,9.93
HYUNDAI,2026-09-25,538779,34.83,1546794,65236,2115.0
IBULLSLTD,2026-09-25,7814745,55.09,14185546,11914,29.83
ICEMAKE,2026-09-25,36013,55.54,64841,3369,663.8
ICICIAMC,2026-09-25,111948,59.97,186676,16753,3184.6
ICICIB22,2026-09-25,172873,78.7,219666,2138,112.4
ICICIBANK,2026-09-25,6632395,61.18,10841310,163043,1326.8
ICICIGI,2026-09-25,439070,51.64,850179,42097,1553.7
ICICIPRULI,2026-09-25,463736,41.33,1121971,33811,463.0
ICIL,2026-09-25,113134,38.0,297727,17512,445.75
ICRA,2026-09-25,16492,67.4,24469,5973,4377.9
IDBI,2026-09-25,4800991,26.19,18328262,58701,84.4
IDEA,2026-09-25,110476443,35.72,309260435,314260,14.26
IDEAFORGE,2026-09-25,63728,46.87,135969,8113,729.85
IDFCFIRSTB,2026-09-25,10911151,53.42,20425204,61886,83.8
IDFNIFTYET,2026-09-25,1380,82.78,1667,95,256.59
IEX,2026-09-25,882789,42.46,2079348,19439,112.7
IFBAGRO,2026-09-25,928,74.36,1248,169,858.6
IFBIND,2026-09-25,7380,55.17,13377,1649,1225.2
IFCI,2026-09-25,6791524,18.79,36139840,87921,73.95
IFGLEXPOR,2026-09-25,10167,55.2,18417,716,197.45
IGARASHI,2026-09-25,21303,38.33,55573,2868,422.8
IGCL,2026-09-25,72364,53.15,136156,1546,59.94
IGIL,2026-09-25,323306,58.6,551729,20840,330.55
IGL,2026-09-25,596880,61.2,975286,26984,144.95
IGPL,2026-09-25,36453,58.75,62045,3086,593.15
IIFL,2026-09-25,405980,48.12,843724,35034,616.95
IIFLCAPS,2026-09-25,167816,63.7,263461,9526,346.7
IITL,2026-09-25,102742,53.28,192851,1232,137.27
IKIO,2026-09-25,72478,48.48,149515,2951,205.43
IKS,2026-09-25,109395,48.82,224086,29614,1815.8
IMAGICAA,2026-09-25,320787,37.34,859001,5275,52.29
IMFA,2026-09-25,29835,49.82,59887,7879,1230.4
IMPAL,2026-09-25,1152,78.31,1471,206,1064.2
INA,2026-09-25,154871,50.49,306734,3098,90.4
INCREDIBLE,2026-09-25,6840,87.96,7776,86,32.74
INDBANK,2026-09-25,9156,61.38,14918,358,26.15
INDGN,2026-09-25,480889,22.94,2095862,77108,608.95
INDHOTEL,2026-09-25,975769,63.42,1538596,32255,726.8
INDIACEM,2026-09-25,76897,31.12,247095,13533,323.1
INDIAGLYCO,2026-09-25,328886,16.01,2054007,47832,309.9
INDIAMART,2026-09-25,19535,62.19,31410,6857,1642.1
INDIANB,2026-09-25,597167,57.66,1035590,25765,832.0
INDIANCARD,2026-09-25,10066,93.21,10799,214,200.59
INDIANHUME,2026-09-25,39320,74.57,52732,1383,357.45
INDIASHLTR,2026-09-25,22946,44.67,51372,4127,654.3
INDIGO,2026-09-25,232868,56.98,408716,47935,4940.0
INDIGOPNTS,2026-09-25,20112,47.14,42663,8926,1128.6
INDIQUBE,2026-09-25,22111,52.58,42054,1502,198.94
INDNIPPON,2026-09-25,35351,39.85,88704,9670,1318.2
INDOBORAX,2026-09-25,19347,51.92,37260,2027,449.95
INDOCO,2026-09-25,43627,43.59,100085,3499,254.46
INDOFARM,2026-09-25,33593,37.55,89452,1455,138.16
INDOKEM,2026-09-25,1919,52.65,3645,379,613.25
INDOMIM,2026-09-25,706247,43.12,1637687,119424,1275.95
INDORAMA,2026-09-25,307332,37.15,827174,11315,99.36
INDOSTAR,2026-09-25,39455,58.61,67323,1720,218.64
INDOTECH,2026-09-25,14649,57.04,25681,5845,3177.7
INDOTHAI,2026-09-25,540473,44.84,1205309,4333,31.86
INDOUS,2026-09-25,2334,94.38,2473,54,77.6
INDOWIND,2026-09-25,63411,77.6,81711,375,8.88
INDPRUD,2026-09-25,58,92.06,63,12,6200.0
INDRAMEDCO,2026-09-25,288323,75.95,379626,7343,365.7
INDSWFTLAB,2026-09-25,149646,33.89,441614,10179,404.35
INDTERRAIN,2026-09-25,2219,70.09,3166,63,29.93
INDUSINDBK,2026-09-25,694266,48.69,1426025,29579,912.2
INDUSTOWER,2026-09-25,1871862,63.4,2952516,34186,374.65
INFOBEAN,2026-09-25,87767,51.19,171469,2734,146.55
INFOMEDIA,2026-09-25,8269,41.29,20025,66,5.31
INFRA,2026-09-25,6639,65.17,10187,162,11.74
INFRABEES,2026-09-25,6260,60.49,10349,513,929.45
INFRAIETF,2026-09-25,22607,56.75,39834,1154,92.43
INFY,2026-09-25,5519877,53.9,10240700,265153,1000.2
INGERRAND,2026-09-25,3263,48.7,6700,1695,4233.6
INNOVACAP,2026-09-25,18887,54.78,34476,5653,1281.0
INNOVANA,2026-09-25,15554,36.57,42530,1046,301.0
INNOVISION,2026-09-25,5979,61.09,9787,410,253.65
INOXGREEN,2026-09-25,326101,33.44,975212,13335,172.32
INOXINDIA,2026-09-25,72813,19.31,377035,33236,2156.8
INOXWIND,2026-09-25,3836303,34.78,11031367,34532,74.75
INSECTICID,2026-09-25,2256,47.77,4723,750,602.5
INSPIRISYS,2026-09-25,5193,87.16,5958,76,88.48
INSUREIETF,2026-09-25,872558,73.53,1186700,339,14.92
INTELLECT,2026-09-25,84178,38.59,218132,14088,633.05
INTENTECH,2026-09-25,22784,85.01,26803,234,85.07
INTERARCH,2026-09-25,37142,35.99,103195,12013,1719.7
INTERNET,2026-09-25,292603,64.97,450393,640,13.93
INTLCONV,2026-09-25,29941,52.96,56540,1390,81.17
INVENTURE,2026-09-25,373078,63.68,585864,298,0.87
IOB,2026-09-25,577755,52.29,1104893,6924,31.98
IOC,2026-09-25,3803734,48.95,7769991,42339,135.7
IOLCP,2026-09-25,509690,20.75,2455948,31109,204.19
IONEXCHANG,2026-09-25,51463,47.5,108351,13497,420.15
IPCALAB,2026-09-25,145320,55.08,263825,23274,1970.8
IPL,2026-09-25,90742,32.53,278960,3087,133.92
IPRINGLTD,2026-09-25,1787,61.22,2919,60,142.67
IRB,2026-09-25,3623558,44.08,8219678,17744,17.68
IRCON,2026-09-25,779936,37.28,2092105,22805,105.95
IRCTC,2026-09-25,182403,50.31,362569,18491,458.7
IREDA,2026-09-25,3115712,23.35,13343910,59465,113.22
IRFC,2026-09-25,1759549,37.43,4701461,28103,79.95
IRIS,2026-09-25,15741,60.26,26122,1022,235.94
IRISDOREME,2026-09-25,181684,27.24,666872,3322,66.15
IRMENERGY,2026-09-25,15489,54.78,28275,1424,268.25
ISFT,2026-09-25,13365,9.17,145764,1468,98.79
ISGEC,2026-09-25,77892,35.61,218727,23274,890.55
ISHANCH,2026-09-25,29477,88.23,33410,326,50.22
ISTLTD,2026-09-25,248,92.54,268,29,660.0
IT,2026-09-25,241936,59.98,403375,1255,31.34
ITADD,2026-09-25,8444,65.47,12897,113,29.9
ITAXIS,2026-09-25,3723,54.52,6829,38,311.36
ITBEES,2026-09-25,3208701,41.02,7822671,15799,31.3
ITBETA,2026-09-25,955,68.85,1387,49,296.55
ITC,2026-09-25,3496255,56.03,6240148,87605,269.0
ITCHOTELS,2026-09-25,542747,43.29,1253849,19144,161.9
ITDC,2026-09-25,29857,39.24,76097,6512,679.7
ITETF,2026-09-25,87876,31.16,281999,822,29.87
ITI,2026-09-25,33812,35.01,96575,3927,252.9
ITIETF,2026-09-25,654654,68.74,952377,1996,31.35
ITL,2026-09-25,457,97.03,471,28,359.0
IVALUE,2026-09-25,45553,52.66,86508,2436,225.22
IVC,2026-09-25,97968,62.33,157173,809,7.8
IVZBANKNF,2026-09-25,602,100.0,602,16,55.5
IVZINGOLD,2026-09-25,29183,83.84,34807,248,131.4
IVZINNIFTY,2026-09-25,143,87.73,163,14,266.56
IVZSENSEX,2026-09-25,6660,99.11,6720,27,73.8
IWP,2026-09-25,2735,98.99,2763,41,34.97
IXIGO,2026-09-25,882831,70.71,1248580,11339,156.8
IZMO,2026-09-25,23048,49.79,46289,3702,903.95
J&KBANK,2026-09-25,585153,48.18,1214432,16200,146.1
JAGRAN,2026-09-25,160457,71.43,224626,1373,62.65
JAGSNPHARM,2026-09-25,168746,29.85,565222,12554,242.29
JAIBALAJI,2026-09-25,146249,64.61,226361,1819,64.96
JAICORPLTD,2026-09-25,87492,34.43,254150,4359,94.43
JAINREC,2026-09-25,254391,42.48,598886,13758,286.85
JAIPURKURT,2026-09-25,15906,45.59,34887,200,25.13
JAMNAAUTO,2026-09-25,1198296,34.27,3496903,35401,138.2
JARO,2026-09-25,71907,36.51,196929,5155,442.95
JASH,2026-09-25,148243,46.0,322251,10374,593.85
JAYAGROGN,2026-09-25,11131,81.73,13619,420,234.84
JAYBARMARU,2026-09-25,560167,44.53,1257855,13684,121.55
JAYKAY,2026-09-25,282225,37.47,753223,16687,203.75
JAYNECOIND,2026-09-25,603547,48.91,1234021,10542,88.55
JAYSREETEA,2026-09-25,7975,46.16,17278,415,89.37
JBMA,2026-09-25,72159,39.96,180569,9973,586.6
JENBURPH,2026-09-25,722,81.21,889,108,948.0
JETFREIGHT,2026-09-25,40908,24.47,167163,2564,21.43
JGCHEM,2026-09-25,73458,29.91,245613,9912,620.1
JHS,2026-09-25,62329,63.31,98454,361,8.43
JINDALPHOT,2026-09-25,342,64.29,532,105,1058.4
JINDALPOLY,2026-09-25,6587,47.5,13867,1096,694.1
JINDALSAW,2026-09-25,297085,23.83,1246596,30898,285.5
JINDALSTEL,2026-09-25,143550,33.91,423334,17855,1164.8
JINDRILL,2026-09-25,28344,25.1,112911,5544,592.2
JINDWORLD,2026-09-25,1871017,25.7,7279293,21848,46.76
JIOFIN,2026-09-25,3652893,47.19,7741336,63745,227.0
JISLDVREQS,2026-09-25,10933,82.43,13264,146,19.85
JISLJALEQS,2026-09-25,768778,54.28,1416429,6516,28.75
JITFINFRA,2026-09-25,8700,57.51,15129,927,279.15
JKCEMENT,2026-09-25,10752,45.11,23835,6511,5000.0
JKIL,2026-09-25,44353,72.29,61355,1796,473.55
JKIPL,2026-09-25,1706,74.3,2296,95,96.28
JKLAKSHMI,2026-09-25,31449,49.79,63165,5254,510.35
JKPAPER,2026-09-25,91193,47.52,191915,8064,408.45
JKTYRE,2026-09-25,332443,44.67,744180,25067,345.85
JLHL,2026-09-25,28452,48.59,58557,4547,265.65
JMA,2026-09-25,3454,76.28,4528,158,88.19
JMFINANCIL,2026-09-25,963714,57.33,1681050,27212,127.68
JNKINDIA,2026-09-25,45623,47.56,95931,4370,420.4
JNPR,2026-09-25,699008,68.14,1025878,33941,266.05
JOCIL,2026-09-25,1472,75.68,1945,63,147.6
JPOLYINVST,2026-09-25,1895,67.51,2807,300,957.05
JPPOWER,2026-09-25,8513460,27.8,30626176,392082,15.87
JSFB,2026-09-25,1000543,32.42,3086326,65557,535.25
JSL,2026-09-25,1161573,65.46,1774357,81460,748.25
JSLL,2026-09-25,75814,46.75,162157,7665,508.25
JSWCEMENT,2026-09-25,1168384,47.74,2447516,71503,115.47
JSWDULUX,2026-09-25,14401,27.56,52257,12031,3199.6
JSWENERGY,2026-09-25,1040067,54.26,1916836,35180,506.55
JSWHL,2026-09-25,604,42.69,1415,648,11062.0
JSWINFRA,2026-09-25,2312862,58.99,3920526,45086,362.05
JSWSTEEL,2026-09-25,615932,59.66,1032391,27890,1277.0
JTEKTINDIA,2026-09-25,33512,56.41,59407,997,118.07
JTLIND,2026-09-25,553599,35.74,1548897,13527,91.16
JUBLCPL,2026-09-25,2640,60.1,4393,788,2210.1
JUBLFOOD,2026-09-25,412795,43.68,945073,36140,484.55
JUBLINGREA,2026-09-25,158466,42.57,372268,18121,656.1
JUBLPHARMA,2026-09-25,70976,45.42,156277,12371,1071.95
JUNIORBEES,2026-09-25,257111,74.89,343338,10826,776.69
JUNIPER,2026-09-25,48364,64.01,75553,2412,216.29
JUSTDIAL,2026-09-25,30343,44.34,68435,3197,672.2
JWL,2026-09-25,307768,45.5,676385,13410,226.73
JYOTHYLAB,2026-09-25,171060,52.77,324174,14648,191.07
JYOTICNC,2026-09-25,429246,54.12,793087,30493,1065.1
JYOTIRES,2026-09-25,4181,64.86,6446,689,843.25
JYOTISTRUC,2026-09-25,3606229,55.66,6479450,4452,9.03
KABRAEXTRU,2026-09-25,233923,51.46,454583,11278,846.4
KAJARIACER,2026-09-25,162276,64.55,251382,18627,1218.1
KAKATCEM,2026-09-25,846,57.01,1484,35,106.72
KALAMANDIR,2026-09-25,288730,65.81,438726,3905,77.19
KALPATARU,2026-09-25,35651,27.64,128997,2412,281.85
KALYANKJIL,2026-09-25,964054,34.05,2831344,38898,573.0
KAMAHOLD,2026-09-25,1173,54.94,2135,403,2238.1
KAMATHOTEL,2026-09-25,21637,55.36,39082,1264,237.13
KAMDHENU,2026-09-25,286405,59.18,483951,2429,39.96
KAMOPAINTS,2026-09-25,192358,58.35,329674,1012,4.19
KANANIIND,2026-09-25,69308,82.59,83916,143,1.4
KANCHI,2026-09-25,223,88.49,252,36,390.5
KANCOTEA,2026-09-25,389,99.23,392,5,54.0
KANOHAR,2026-09-25,379226,9.8,3871540,124831,862.55
KANPRPLA,2026-09-25,11526,58.46,19717,855,257.45
KANSAINER,2026-09-25,80958,52.76,153445,6241,180.63
KAPSTON,2026-09-25,1328303,68.03,1952645,25579,535.7
KARAMTARA,2026-09-25,563213,32.03,1758524,35084,358.7
KARMAENG,2026-09-25,1208,56.29,2146,46,38.97
KARURVYSYA,2026-09-25,774053,62.73,1233878,27541,327.95
KAYNES,2026-09-25,389684,29.35,1327893,74779,3650.0
KCP,2026-09-25,65160,44.3,147091,3144,163.29
KDDL,2026-09-25,22313,48.11,46381,9347,4033.4
KDGREEN,2026-09-25,42339,21.42,197677,835,50.1
KEC,2026-09-25,229322,43.42,528148,16577,396.95
KECL,2026-09-25,47794,51.38,93028,1954,126.17
KEEPLEARN,2026-09-25,6820,71.12,9589,69,1.85
KEI,2026-09-25,48786,34.63,140880,17408,4673.5
KELLTONTEC,2026-09-25,423624,37.82,1120196,2647,13.46
KENNAMET,2026-09-25,14279,53.64,26620,5448,4207.2
KERNEX,2026-09-25,41290,44.05,93740,9148,1693.5
KEYFINSERV,2026-09-25,947,61.57,1538,116,227.35
KFINTECH,2026-09-25,190452,43.64,436454,21494,888.8
KHAICHEM,2026-09-25,41261,54.78,75324,1403,49.59
KHAITANLTD,2026-09-25,1717,69.37,2475,86,146.01
KHANDSE,2026-09-25,1372,64.87,2115,84,17.82
KICL,2026-09-25,585,68.42,855,214,5009.5
KIMS,2026-09-25,192256,55.54,346140,23360,780.15
KINGFA,2026-09-25,3098,54.62,5672,2063,6237.5
KIOCL,2026-09-25,13267,22.34,59387,2603,340.75
KIRANVYPAR,2026-09-25,2784,70.86,3929,160,201.15
KIRIINDUS,2026-09-25,252191,39.94,631430,13082,557.5
KIRLFER,2026-09-25,75700,51.78,146189,7737,483.2
KIRLOSBROS,2026-09-25,8677,38.74,22399,3889,1771.9
KIRLOSENG,2026-09-25,86997,52.24,166543,18762,2137.2
KIRLOSIND,2026-09-25,2627,48.62,5403,1366,3597.5
KIRLPNU,2026-09-25,40303,55.86,72155,5898,691.95
KISSHT,2026-09-25,541964,45.94,1179779,34560,348.4
KITEX,2026-09-25,167364,30.35,551363,6248,117.68
KJMCFIN,2026-09-25,56,100.0,56,3,60.05
KKCL,2026-09-25,58057,86.65,67003,1515,467.85
KLBRENG-B,2026-09-25,42090,48.26,87220,3549,521.75
KMCSHIL,2026-09-25,58501,42.34,138169,3368,156.23
KMEW,2026-09-25,12802,41.21,31064,6674,2865.1
KMSUGAR,2026-09-25,512163,43.41,1179803,8320,32.46
KNACK,2026-09-25,134103,41.24,325182,6338,181.98
KNAGRI,2026-09-25,3608,61.08,5907,321,204.76
KNRCON,2026-09-25,351086,43.86,800438,8607,120.27
KOHINOOR,2026-09-25,18317,20.29,90283,1635,31.05
KOKUYOCMLN,2026-09-25,6252,66.75,9366,265,76.03
KOLTEPATIL,2026-09-25,18457,55.71,33128,1784,432.0
KOPRAN,2026-09-25,265543,40.08,662546,9510,284.53
KOTAKBANK,2026-09-25,13329647,73.34,18175573,135524,404.0
KOTHARIPET,2026-09-25,9823,49.06,20022,646,133.52
KOTHARIPRO,2026-09-25,9000,81.62,11027,259,67.97
KOTIC,2026-09-25,9054,47.82,18933,851,150.41
KOVAI,2026-09-25,1897,57.75,3285,953,6090.5
KPEL,2026-09-25,168129,59.19,284030,5860,222.43
KPIGREEN,2026-09-25,649057,41.67,1557582,25566,339.75
KPIL,2026-09-25,36076,28.07,128530,15424,1391.2
KPITTECH,2026-09-25,474903,38.16,1244484,29752,519.4
KPL,2026-09-25,12439,38.65,32185,6856,3672.3
KPRMILL,2026-09-25,38962,49.27,79073,12563,1106.4
KRBL,2026-09-25,225059,48.93,459998,12505,398.65
KREBSBIO,2026-09-25,1107,43.72,2532,68,56.94
KRIDHANINF,2026-09-25,44532,76.62,58123,125,1.86
KRISHANA,2026-09-25,209685,58.9,356024,4193,187.24
KRISHIVAL,2026-09-25,10001,87.39,11444,362,413.4
KRISHNADEF,2026-09-25,29944,49.26,60791,4541,1006.8
KRITI,2026-09-25,5827,83.58,6972,173,61.21
KRITIKA,2026-09-25,73576,83.59,88017,393,5.04
KRITINUT,2026-09-25,6235,88.6,7037,145,77.49
KRN,2026-09-25,96076,53.36,180039,19600,1381.8
KROSS,2026-09-25,303754,37.39,812431,20303,267.87
KRSNAA,2026-09-25,11358,48.28,23523,2230,548.45
KRYSTAL,2026-09-25,3769,56.58,6661,468,631.55
KSB,2026-09-25,160304,59.22,270689,13326,819.1
KSCL,2026-09-25,549300,5.83,9425259,198021,804.55
KSE,2026-09-25,4602,71.29,6455,295,180.76
KSHINTL,2026-09-25,51807,39.39,131534,11027,1035.5
KSHITIJPOL,2026-09-25,497252,100.0,497252,824,4.81
KSL,2026-09-25,56087,59.2,94739,5297,964.7
KSOLVES,2026-09-25,22531,51.07,44119,2236,248.5
KTKBANK,2026-09-25,315673,46.38,680592,14494,335.5
KUANTUM,2026-09-25,52802,54.19,97440,1468,79.59
KUSUMGAR,2026-09-25,89384,46.87,190712,11380,626.7
KWIL,2026-09-25,2076479,40.34,5147575,20765,41.03
LAGNAM,2026-09-25,719,76.65,938,31,74.99
LAHOTIOV,2026-09-25,3421,93.42,3662,41,39.9
LAKSHMIMIL,2026-09-25,62,71.26,87,33,7729.0
LAL,2026-09-25,9173,60.48,15168,130,8.83
LALITHAA,2026-09-25,4818382,40.27,11964094,127391,366.35
LALPATHLAB,2026-09-25,151424,33.49,452137,43609,1952.3
LAMBODHARA,2026-09-25,93836,14.55,644953,8239,144.57
LANCER,2026-09-25,75173,67.66,111096,506,11.62
LANDMARK,2026-09-25,23929,43.61,54874,3374,488.55
LANDSMILL,2026-09-25,5037276,72.63,6935351,692,0.62
LAOPALA,2026-09-25,18850,47.06,40051,1295,160.78
LARGEMID50,2026-09-25,2027,90.9,2230,16,35.02
LASERPOWER,2026-09-25,211496,57.99,364686,8592,272.1
LATENTVIEW,2026-09-25,207258,54.14,382848,12173,243.75
LATTEYS,2026-09-25,54118,70.25,77039,160,20.67
LAURUSLABS,2026-09-25,674813,46.79,1442142,41192,2007.0
LAXMICOT,2026-09-25,4439,85.45,5195,66,13.31
LAXMIDENTL,2026-09-25,37289,57.82,64495,3366,199.07
LAXMIINDIA,2026-09-25,155284,55.4,280318,2549,122.06
LCCINFOTEC,2026-09-25,405402,68.62,590793,471,4.23
LCCPROJECT,2026-09-25,1055518,15.03,7022813,58279,149.14
LCL,2026-09-25,524764,31.38,1672547,81031,594.7
LEAPIND,2026-09-25,511366,46.24,1105790,15181,139.92
LEMERITE,2026-09-25,52838,24.12,219022,628,21.06
LEMONTREE,2026-09-25,1076824,58.16,1851366,15470,106.15
LENSKART,2026-09-25,1315390,55.41,2373847,76856,680.25
LEXUS,2026-09-25,12522,82.27,15220,148,12.18
LFIC,2026-09-25,440,67.18,655,51,133.06
LGBBROSLTD,2026-09-25,7675,46.93,16354,3183,1735.3
LGEINDIA,2026-09-25,427887,48.46,883000,86078,1725.4
LGHL,2026-09-25,17712,63.61,27844,119,182.99
LIBAS,2026-09-25,31145,57.4,54262,291,12.38
LIBERTSHOE,2026-09-25,11013,50.1,21983,986,235.92
LICHSGFIN,2026-09-25,484704,45.28,1070523,16819,566.0
LICI,2026-09-25,7803023,67.3,11594970,85536,409.05
LICMFGOLD,2026-09-25,10890,64.9,16779,301,135.7
LICNETFGSC,2026-09-25,12918,91.06,14187,77,29.07
LICNETFN50,2026-09-25,340,95.51,356,25,260.11
LICNETFSEN,2026-09-25,65,98.48,66,4,829.39
LICNFNHGP,2026-09-25,2235,91.64,2439,42,267.86
LICNMID100,2026-09-25,1869,66.49,2811,75,61.67
LIKHITHA,2026-09-25,19166,54.08,35441,1192,230.23
LINC,2026-09-25,4548,78.39,5802,253,93.23
LINCOLN,2026-09-25,14582,59.11,24670,2102,591.0
LINDEINDIA,2026-09-25,5215,53.48,9751,4030,6142.5
LIQGRWBEES,2026-09-25,11648,40.18,28990,183,1057.1
LIQUID,2026-09-25,141568,78.95,179303,140,999.99
LIQUID1,2026-09-25,1008810,81.38,1239705,995,1124.41
LIQUIDADD,2026-09-25,804293,84.01,957341,658,1146.53
LIQUIDBEES,2026-09-25,3521913,83.59,4213190,4323,999.99
LIQUIDBETA,2026-09-25,158,81.44,194,7,1009.64
LIQUIDBETF,2026-09-25,367856,72.0,510890,131,1100.48
LIQUIDCASE,2026-09-25,13771060,81.6,16875461,8629,116.1
LIQUIDETF,2026-09-25,43416,73.04,59439,208,999.99
LIQUIDIETF,2026-09-25,452576,49.61,912286,213,999.99
LIQUIDPLUS,2026-09-25,249561,74.47,335120,248,1104.95
LIQUIDSBI,2026-09-25,6297,94.56,6659,28,1000.0
LIQUIDSHRI,2026-09-25,17781,84.5,21042,27,1123.13
LKPSEC,2026-09-25,11781,97.32,12106,75,15.02
LLOYDSENGG,2026-09-25,16795474,27.68,60674433,223114,98.56
LLOYDSENT,2026-09-25,4788258,40.03,11961867,67000,79.67
LLOYDSME,2026-09-25,134823,42.46,317553,22721,1838.0
LMW,2026-09-25,1107,46.14,2399,1221,17133.0
LODHA,2026-09-25,351620,42.97,818279,22506,1165.0
LOKESHMACH,2026-09-25,6998,34.45,20313,983,340.2
LORDSCHLO,2026-09-25,175429,57.91,302916,2969,148.2
LOTUSCHO,2026-09-25,2358,75.1,3140,339,556.6
LOTUSEYE,2026-09-25,5039,80.46,6263,235,115.07
LOVABLE,2026-09-25,3317,67.61,4906,236,69.68
LOWVOL,2026-09-25,411,84.74,485,11,198.45
LOWVOL1,2026-09-25,145966,65.9,221497,15542,20.17
LOWVOLIETF,2026-09-25,307032,54.0,568565,16210,21.18
LOYALTEX,2026-09-25,770,77.54,993,78,222.19
LPDC,2026-09-25,15213,75.58,20129,187,6.51
LT,2026-09-25,759705,61.74,1230579,67845,3876.2
LTF,2026-09-25,1520316,24.58,6184736,50982,284.0
LTFOODS,2026-09-25,109662,44.08,248790,18246,422.35
LTGILTBEES,2026-09-25,959644,85.06,1128149,700,29.65
LTGILTCASE,2026-09-25,250823,99.89,251096,162,30.22
LTM,2026-09-25,117781,39.0,302018,21453,4083.0
LTTS,2026-09-25,9685,41.27,23468,7300,3206.1
LUMAXIND,2026-09-25,1743,38.42,4537,2232,5769.0
LUMAXTECH,2026-09-25,31936,46.37,68866,13457,2026.8
LUMINO,2026-09-25,980181,24.18,4053465,22738,105.26
LUPIN,2026-09-25,259599,60.14,431672,27400,2092.0
LUXIND,2026-09-25,17788,35.23,50486,4896,1174.7
LXCHEM,2026-09-25,191752,31.03,617908,12812,181.42
M&M,2026-09-25,1351546,64.97,2080300,88682,3035.0
M&MFIN,2026-09-25,862995,51.92,1662139,42521,333.1
MAANALU,2026-09-25,78880,76.16,103573,1633,100.18
MACPOWER,2026-09-25,9962,43.35,22980,3252,2062.5
MADHAV,2026-09-25,3017,94.55,3191,72,35.77
MADHAVIPL,2026-09-25,61055,75.69,80667,392,7.52
MADHUCON,2026-09-25,45219,74.74,60505,86,4.19
MADRASFERT,2026-09-25,17598,59.02,29816,599,60.17
MAFANG,2026-09-25,326267,53.69,607693,12739,238.42
MAFATIND,2026-09-25,57331,64.85,88400,2060,116.92
MAGADSUGAR,2026-09-25,45085,15.7,287247,14569,551.45
MAGNUM,2026-09-25,11844,78.69,15051,102,19.02
MAHABANK,2026-09-25,5718813,47.0,12167444,41470,84.88
MAHAPEXLTD,2026-09-25,6379,63.88,9986,126,51.58
MAHEPC,2026-09-25,15073,65.44,23032,410,99.02
MAHESHWARI,2026-09-25,4991,58.91,8472,125,73.4
MAHKTECH,2026-09-25,225150,56.84,396128,3797,21.78
MAHLIFE,2026-09-25,87978,56.47,155801,15498,356.85
MAHLOG,2026-09-25,329350,73.58,447609,7719,420.25
MAHSCOOTER,2026-09-25,2718,68.65,3959,1191,13052.0
MAHSEAMLES,2026-09-25,74002,35.11,210790,13132,715.65
MAITHANALL,2026-09-25,46760,58.46,79988,5816,955.15
MAKEINDIA,2026-09-25,4487,37.83,11860,359,161.55
MAKERSL,2026-09-25,1364,85.52,1595,47,188.4
MALLCOM,2026-09-25,1924,77.15,2494,171,946.85
MALUPAPER,2026-09-25,6205,42.4,14634,124,32.59
MAMATA,2026-09-25,22193,42.06,52767,3053,411.9
MANAKALUCO,2026-09-25,12368,78.08,15840,262,35.63
MANAKCOAT,2026-09-25,83886,50.56,165927,2613,129.91
MANAKSIA,2026-09-25,8100,37.13,21816,536,64.11
MANALIPETC,2026-09-25,259721,24.37,1065632,8642,84.65
MANAPPURAM,2026-09-25,1741563,38.76,4493331,39627,334.0
MANBA,2026-09-25,25011,28.87,86634,994,139.35
MANCREDIT,2026-09-25,2993,2.84,105468,1033,221.93
MANGALAM,2026-09-25,19744,82.91,23815,509,31.83
MANGLMCEM,2026-09-25,12102,44.11,27439,2777,1028.6
MANINDS,2026-09-25,336711,19.1,1762428,66540,1020.35
MANINFRA,2026-09-25,1783604,46.56,3830660,18845,129.95
MANIPALHOS,2026-09-25,261164,42.91,608591,27414,727.5
MANKIND,2026-09-25,195627,58.61,333769,22445,2474.9
MANOMAY,2026-09-25,12175,6.82,178641,7359,229.12
MANORAMA,2026-09-25,63219,53.8,117509,15915,1872.8
MANORG,2026-09-25,2379,66.86,3558,221,458.9
MANUFGBEES,2026-09-25,16232,84.57,19194,118,159.12
MANUGRAPH,2026-09-25,168311,85.7,196400,517,19.82
MANYAVAR,2026-09-25,79819,40.09,199080,12821,532.5
MAPMYINDIA,2026-09-25,29422,38.33,76763,5282,881.9
MARALOVER,2026-09-25,5404,80.02,6753,147,58.61
MARATHON,2026-09-25,10652,42.85,24860,1620,411.7
MARICO,2026-09-25,244990,53.27,459905,15500,819.0
MARINE,2026-09-25,560894,39.41,1423212,34577,413.75
MARKOLINES,2026-09-25,32217,16.92,190364,1424,169.78
MARKSANS,2026-09-25,482493,33.21,1452979,39411,336.95
MARSONS,2026-09-25,280103,19.14,1463687,9144,122.87
MARUTI,2026-09-25,173044,61.01,283642,36473,12065.0
MASFIN,2026-09-25,129320,57.21,226045,9349,282.75
MASKINVEST,2026-09-25,127,71.75,177,9,145.06
MASPTOP50,2026-09-25,569544,42.43,1342201,14643,98.49
MASTEK,2026-09-25,42203,21.37,197473,21528,1582.8
MASTERTR,2026-09-25,110898,30.63,362110,2605,84.87
MATRIMONY,2026-09-25,2003,77.1,2598,218,535.4
MAWANASUG,2026-09-25,500060,19.52,2561542,27053,149.64
MAXESTATES,2026-09-25,64111,40.98,156458,7243,594.65
MAXHEALTH,2026-09-25,1090852,57.39,1900715,39404,1014.0
MAXIND,2026-09-25,10505,62.13,16908,638,148.45
MAYURUNIQ,2026-09-25,73860,60.39,122295,4842,729.6
MAZDOCK,2026-09-25,153479,35.98,426521,21487,2199.6
MBAPL,2026-09-25,290049,48.64,596290,9824,168.47
MBEL,2026-09-25,45946,53.26,86275,2360,257.7
MBLINFRA,2026-09-25,71303,81.83,87140,264,21.12
MCCHRLS-B,2026-09-25,127,87.59,145,39,681.0
MCL,2026-09-25,37257,45.4,82072,2242,59.36
MCLEODRUSS,2026-09-25,432447,68.9,627661,2762,43.08
MCLOUD,2026-09-25,562046,50.7,1108651,3601,24.44
MCX,2026-09-25,856654,35.89,2386852,117918,3324.9
MEDANTA,2026-09-25,82399,52.1,158143,20988,1495.4
MEDIASSIST,2026-09-25,344537,70.05,491837,12994,319.85
MEDICO,2026-09-25,1858588,52.51,3539670,8488,26.0
MEDPLUS,2026-09-25,89727,73.28,122436,7228,654.9
MEESHO,2026-09-25,11892238,37.76,31497166,229061,217.06
MEGASTAR,2026-09-25,3278,87.27,3756,191,253.6
MEIL,2026-09-25,16144,55.72,28972,1386,270.8
MERCANTILE,2026-09-25,488,93.13,524,25,22.72
MERCURYEV,2026-09-25,127414,53.98,236021,1505,39.65
METAL,2026-09-25,701660,43.81,1601435,4511,13.22
METALIETF,2026-09-25,1408848,52.21,2698251,7092,13.18
METROBRAND,2026-09-25,83047,68.77,120763,16291,882.0
METROGLOBL,2026-09-25,842,87.53,962,28,127.6
METROPOLIS,2026-09-25,71991,55.16,130509,9184,582.6
MFML,2026-09-25,2485,89.94,2763,34,18.75
MFSL,2026-09-25,1481000,40.94,3617694,145991,1458.0
MGEL,2026-09-25,2767529,86.35,3205087,3201,15.99
MGL,2026-09-25,65429,62.53,104630,8021,1071.3
MHRIL,2026-09-25,21491,48.8,44040,2632,200.0
MID150,2026-09-25,28151,95.47,29486,265,23.39
MID150BEES,2026-09-25,520389,55.19,942928,17962,231.12
MID150CASE,2026-09-25,610008,72.72,838893,3209,11.33
MIDBANKADD,2026-09-25,101529,78.45,129418,29,16.84
MIDCAP,2026-09-25,216610,68.55,315970,1169,17.88
MIDCAPADD,2026-09-25,2494,67.59,3690,82,23.4
MIDCAPBETA,2026-09-25,5032,95.56,5266,112,227.32
MIDCAPETF,2026-09-25,1587319,80.36,1975289,5632,22.96
MIDCAPIETF,2026-09-25,404800,50.67,798870,2340,23.31
MIDHANI,2026-09-25,138769,37.63,368821,12397,405.05
MIDQ50ADD,2026-09-25,4840,75.76,6389,167,24.23
MIDSELIETF,2026-09-25,222163,53.43,415830,937,19.03
MIDSMALL,2026-09-25,94291,72.27,130473,1187,50.99
MIDWESTLTD,2026-09-25,26933,59.44,45309,5111,929.5
MIIL,2026-09-25,15961,39.55,40352,1045,704.0
MINDACORP,2026-09-25,41877,55.89,74927,10539,678.85
MINDTECK,2026-09-25,5888,56.16,10484,539,156.55
MIRZAINT,2026-09-25,58959,55.02,107153,809,28.92
MITCON,2026-09-25,18023,57.78,31191,337,86.77
MITTAL,2026-09-25,3321196,81.36,4082181,702,0.71
MKEXIM,2026-09-25,22206,72.37,30682,402,69.84
MKPL,2026-09-25,20809,61.39,33897,213,4.03
MLKFOOD,2026-09-25,1800,69.61,2586,56,82.56
MMFL,2026-09-25,19875,41.89,47442,4102,616.15
MMP,2026-09-25,14585,38.46,37919,2272,460.25
MMTC,2026-09-25,277488,28.86,961605,7546,58.35
MMWL,2026-09-25,179856,99.42,180905,103,15.09
MNC,2026-09-25,15640,62.19,25150,388,32.2
MOALPHA50,2026-09-25,5033,68.35,7364,92,54.59
MOBANK10,2026-09-25,12841,77.4,16590,51,16.66
MOBIKWIK,2026-09-25,356642,42.86,832129,10177,200.62
MOCAPITAL,2026-09-25,207728,49.31,421273,2399,52.97
MODEFENCE,2026-09-25,439101,49.78,882029,6078,103.08
MODINATUR,2026-09-25,3891,59.03,6592,255,338.7
MODIRUBBER,2026-09-25,694,68.85,1008,42,121.62
MODIS,2026-09-25,13541,68.67,19718,810,363.1
MODTHREAD,2026-09-25,1595,79.95,1995,68,47.32
MOENERGY,2026-09-25,38389,65.14,58932,458,37.64
MOGOLD,2026-09-25,4833,54.36,8891,285,148.7
MOGSEC,2026-09-25,17016,92.04,18488,141,65.32
MOHEALTH,2026-09-25,33440,83.23,40177,500,52.4
MOHITE,2026-09-25,24209,87.2,27764,126,2.37
MOHITIND,2026-09-25,1573,73.68,2135,56,23.0
MOIL,2026-09-25,132795,43.63,304344,8197,241.88
MOINFRA,2026-09-25,6482,99.13,6539,47,57.92
MOIPO,2026-09-25,2488,99.64,2497,50,47.42
MOKSH,2026-09-25,40725,88.75,45888,128,9.92
MOL,2026-09-25,582639,52.16,1117006,7784,58.52
MOLBIO,2026-09-25,103660,19.24,538647,29957,1246.0
MOLDTKPAC,2026-09-25,12083,47.42,25483,2756,669.85
MOLOWVOL,2026-09-25,1781,82.72,2153,34,34.92
MOM100,2026-09-25,250193,49.91,501249,2617,66.36
MOM30IETF,2026-09-25,181882,63.43,286765,1695,30.66
MOM50,2026-09-25,4476,89.25,5015,99,242.31
MOMENTUM,2026-09-25,14212,70.83,20064,189,30.63
MOMENTUM30,2026-09-25,77669,81.87,94863,192,30.69
MOMENTUM50,2026-09-25,169860,57.88,293448,16684,53.46
MOMETAL,2026-09-25,91085,42.19,215867,321,13.15
MOMGF,2026-09-25,678,91.75,739,25,159.97
MOMIDMTM,2026-09-25,52508,81.78,64203,333,63.53
MOMMIDCAP,2026-09-25,657407,88.79,740388,537,12.76
MOMNC,2026-09-25,7618,97.73,7795,19,31.35
MOMOMENTUM,2026-09-25,18475,48.77,37882,355,61.0
MOMSBELIEF,2026-09-25,54197,45.01,120424,3269,232.85
MON100,2026-09-25,313635,61.65,508774,15649,324.11
MON50EQUAL,2026-09-25,28459,67.03,42459,105,32.13
MONARCH,2026-09-25,16757,60.78,27569,1014,362.75
MONEXT50,2026-09-25,1537,49.82,3085,63,71.52
MONEYBOXX,2026-09-25,21275,77.92,27305,221,51.21
MONIFTY100,2026-09-25,14583,15.5,94056,81,24.5
MONIFTY500,2026-09-25,249585,70.62,353444,1266,23.19
MONQ50,2026-09-25,673692,32.06,2101057,39498,214.61
MONTECARLO,2026-09-25,15469,54.7,28282,1135,524.1
MOOILGAS,2026-09-25,2871,59.4,4833,59,10.89
MOPSE,2026-09-25,2631,84.17,3126,26,97.57
MOQUALITY,2026-09-25,163,72.12,226,26,207.59
MOREALTY,2026-09-25,151795,56.21,270062,1470,87.07
MOREPENLAB,2026-09-25,2633247,29.27,8996779,36703,120.38
MOSCHIP,2026-09-25,276399,36.82,750714,10837,204.07
MOSERVICE,2026-09-25,4641,97.48,4761,33,29.82
MOSILVER,2026-09-25,19253,51.58,37324,1131,226.0
MOSMALL250,2026-09-25,1371458,87.19,1573028,1936,18.33
MOTHERSON,2026-09-25,7291227,51.2,14239797,55301,165.71
MOTILALOFS,2026-09-25,289618,33.44,866039,40322,1029.0
MOTISONS,2026-09-25,19567028,16.37,119558121,167805,17.85
MOTOGENFIN,2026-09-25,8195,19.99,40987,315,25.92
MOTOUR,2026-09-25,5112,72.18,7082,124,76.7
MOVALUE,2026-09-25,19419,66.24,29317,501,110.69
MPHASIS,2026-09-25,63575,32.16,197680,19367,2234.0
MPIMANIPAL,2026-09-25,389586,37.19,1047464,30361,360.4
MPSLTD,2026-09-25,3525,64.4,5474,1302,2666.9
MRF,2026-09-25,1244,53.21,2338,1284,124035.0
MRPL,2026-09-25,669705,20.64,3244699,30500,164.6
MSCI360,2026-09-25,13737,100.0,13737,47,9.74
MSCIADD,2026-09-25,86,22.51,382,13,28.58
MSCIINDIA,2026-09-25,4945,74.26,6659,180,28.86
MSL,2026-09-25,67,100.0,67,6,136.0
MSPL,2026-09-25,602183,70.93,848940,2653,33.73
MSTCLTD,2026-09-25,131589,31.44,418504,20736,740.8
MSUMI,2026-09-25,7279826,65.02,11196717,31307,34.29
MTNL,2026-09-25,179354,44.81,400259,1984,23.61
MUFIN,2026-09-25,176461,41.8,422205,2950,133.02
MUFTI,2026-09-25,17305,55.55,31152,541,72.14
MUKANDLTD,2026-09-25,436664,39.37,1109036,12583,167.05
MUKESHB,2026-09-25,600,100.0,600,2,131.5
MULTICAP,2026-09-25,42559,87.61,48576,464,16.29
MUNJALAU,2026-09-25,183432,38.41,477592,9666,109.02
MUNJALSHOW,2026-09-25,11022,46.63,23637,739,129.2
MURUDCERA,2026-09-25,3753,86.94,4317,72,28.89
MUTHOOTCAP,2026-09-25,5481,53.94,10162,417,226.16
MUTHOOTFIN,2026-09-25,191336,61.22,312523,38458,2835.0
MUTHOOTMF,2026-09-25,183476,59.37,309028,4065,181.56
MVELECTRO,2026-09-25,159737,17.32,922003,27524,813.8
MVGJL,2026-09-25,329729,36.5,903282,16751,224.38
MWL,2026-09-25,158389,58.87,269047,2034,43.07
NACLIND,2026-09-25,162773,42.13,386366,6520,139.67
NAGREEKCAP,2026-09-25,77956,56.42,138167,843,28.06
NAGREEKEXP,2026-09-25,30416,53.25,57115,541,23.47
NAHARCAP,2026-09-25,270,81.57,331,26,248.7
NAHARINDUS,2026-09-25,7426,73.81,10061,236,132.9
NAHARPOLY,2026-09-25,977,61.1,1599,126,227.68
NAHARSPING,2026-09-25,4411,54.84,8044,423,269.95
NAM-INDIA,2026-09-25,421056,55.99,752030,20342,1157.0
NARMADA,2026-09-25,559122,30.31,1844506,3547,13.37
NATCOPHARM,2026-09-25,161736,43.71,369981,25419,839.3
NATHBIOGEN,2026-09-25,5508,55.41,9940,347,149.35
NATIONALUM,2026-09-25,728866,38.99,1869148,34643,358.7
NATIONSTD,2026-09-25,12985,84.37,15391,277,116.15
NAUKRI,2026-09-25,396309,34.9,1135428,34388,1254.8
NAVA,2026-09-25,260674,57.91,450107,17758,551.45
NAVINFLUOR,2026-09-25,64971,60.46,107462,24116,8584.5
NAVKARCORP,2026-09-25,79263,53.05,149406,2313,88.21
NAVKARURB,2026-09-25,498341,80.09,622237,277,0.89
NAVNETEDUL,2026-09-25,52072,73.57,70780,876,122.76
NAZARA,2026-09-25,830363,34.65,2396562,26234,376.45
NBCC,2026-09-25,1433669,37.09,3865127,20907,82.86
NBIFIN,2026-09-25,32,54.24,59,19,1926.4
NCC,2026-09-25,1057018,49.9,2118247,24930,132.82
NCLIND,2026-09-25,29317,57.73,50784,2332,179.26
NDGL,2026-09-25,38,92.68,41,29,2575.6
NDL,2026-09-25,798633,60.22,1326115,1519,2.61
NDLVENTURE,2026-09-25,5305,70.84,7489,239,119.69
NDRAUTO,2026-09-25,7278,67.08,10850,661,746.6
NDTV,2026-09-25,15299,54.8,27919,807,70.08
NECLIFE,2026-09-25,76506,73.87,103563,294,10.84
NELCAST,2026-09-25,341034,48.53,702669,7129,118.39
NELCO,2026-09-25,45133,35.48,127194,6216,976.5
NEOGEN,2026-09-25,67407,41.34,163069,25117,2385.2
NEPHROPLUS,2026-09-25,454580,76.67,592871,15796,696.65
NESCO,2026-09-25,11446,41.07,27868,3623,1070.3
NESTLEIND,2026-09-25,201803,52.71,382857,21157,1362.6
NETF,2026-09-25,1325,66.15,2003,140,253.62
NETWEB,2026-09-25,189579,27.23,696170,63397,4545.0
NETWORK18,2026-09-25,1361608,46.99,2897376,7199,26.75
NEULANDLAB,2026-09-25,16358,38.96,41988,16655,21890.0
NEWGEN,2026-09-25,144579,41.8,345857,13822,485.3
NEXT30ADD,2026-09-25,5050,87.11,5797,150,41.92
NEXT50,2026-09-25,46383,75.85,61149,6451,741.58
NEXT50ADD,2026-09-25,234,38.36,610,27,72.22
NEXT50BETA,2026-09-25,372949,93.94,396987,3364,77.65
NEXT50ETF,2026-09-25,5690,45.44,12521,179,73.76
NEXT50IETF,2026-09-25,1072141,78.78,1360948,6935,75.81
NEXTMEDIA,2026-09-25,4824,90.66,5321,58,3.75
NFL,2026-09-25,152430,34.61,440381,3070,66.67
NGIL,2026-09-25,60570,63.68,95109,443,39.5
NGLFINE,2026-09-25,1958,31.46,6224,1562,2906.1
NH,2026-09-25,47482,53.38,88949,11882,1861.4
NHPC,2026-09-25,3258526,50.27,6481994,29780,76.0
NIACL,2026-09-25,447112,27.31,1637051,22291,176.6
NIBE,2026-09-25,24872,52.25,47604,4134,1261.4
NIBL,2026-09-25,6614,83.28,7942,129,32.65
NICCOPAR,2026-09-25,1072,99.63,1076,31,82.48
NIF100BEES,2026-09-25,43589,85.63,50901,552,258.25
NIF100IETF,2026-09-25,33668,51.32,65601,1157,27.16
NIF500BETA,2026-09-25,2764,99.93,2766,10,36.19
NIFTY1,2026-09-25,33081,50.02,66135,1265,257.49
NIFTY100EW,2026-09-25,33126,67.06,49398,382,34.09
NIFTYADD,2026-09-25,2179,81.03,2689,110,244.21
NIFTYAXIS,2026-09-25,3816,69.89,5460,192,258.99
NIFTYBEES,2026-09-25,3449172,65.65,5254198,84447,264.13
NIFTYBETA,2026-09-25,32126,48.25,66583,457,256.69
NIFTYBETF,2026-09-25,905,65.2,1388,100,239.1
NIFTYCASE,2026-09-25,626752,89.37,701336,1758,9.3
NIFTYETF,2026-09-25,139679,80.9,172650,881,252.15
NIFTYIETF,2026-09-25,325630,58.48,556853,10450,262.67
NIFTYJBLK,2026-09-25,82195,68.43,120115,749,11.92
NIFTYQLITY,2026-09-25,15039,86.42,17402,155,20.37
NIITLTD,2026-09-25,46942,40.27,116579,1985,88.5
NIITMTS,2026-09-25,67478,45.73,147551,9079,212.08
NILAINFRA,2026-09-25,196712,72.05,273026,670,6.87
NILASPACES,2026-09-25,683750,62.4,1095668,2667,11.06
NILE,2026-09-25,2456,75.36,3259,497,1369.7
NILKAMAL,2026-09-25,15252,58.44,26097,3631,1884.0
NIMBSPROJ,2026-09-25,1286,69.21,1858,130,197.07
NINSYS,2026-09-25,1134,56.59,2004,235,708.75
NIPPOBATRY,2026-09-25,1190,76.14,1563,113,320.15
NIRAJ,2026-09-25,22400,66.22,33826,189,28.11
NIRLON,2026-09-25,415,82.5,503,69,605.1
NITCO,2026-09-25,211164,61.48,343465,3302,87.96
NITINSPIN,2026-09-25,11350,47.8,23745,3113,612.35
NITIRAJ,2026-09-25,2236,68.61,3259,111,217.84
NITTAGELA,2026-09-25,2028,71.43,2839,830,1699.9
NIVABUPA,2026-09-25,544134,48.96,1111284,22891,77.19
NKIND,2026-09-25,15,71.43,21,8,60.36
NLCINDIA,2026-09-25,323574,39.69,815195,17318,262.55
NMDC,2026-09-25,5263256,47.5,11080041,40041,79.9
NOCIL,2026-09-25,415215,37.34,1112045,13023,188.41
NOIDATOLL,2026-09-25,23936,69.48,34452,182,3.96
NORBTEAEXP,2026-09-25,3326,79.91,4162,64,70.12
NORTHARC,2026-09-25,284612,55.98,508385,12747,300.9
NOVAAGRI,2026-09-25,32466,52.66,61655,532,22.9
NOVARTIND,2026-09-25,6250,36.55,17098,2450,1965.6
NPBET,2026-09-25,15,68.18,22,12,278.87
NPST,2026-09-25,17995,45.63,39440,5100,1796.3
NRAIL,2026-09-25,15393,61.84,24892,1676,677.25
NRBBEARING,2026-09-25,125813,35.43,355143,17367,534.8
NSIL,2026-09-25,747,57.11,1308,254,5468.0
NSLNISP,2026-09-25,1254561,43.18,2905193,13607,42.17
NTCIND,2026-09-25,2849,99.1,2875,31,139.8
NTPC,2026-09-25,3755958,61.82,6075589,74730,326.6
NTPCGREEN,2026-09-25,971641,41.68,2331281,23104,93.47
NUCLEUS,2026-09-25,13368,65.87,20296,1211,679.55
NUVAMA,2026-09-25,537376,79.73,674021,23894,1681.4
NUVOCO,2026-09-25,105472,51.58,204487,12666,335.45
NV20,2026-09-25,87775,81.45,107771,330,13.38
NV20BEES,2026-09-25,8110,69.13,11732,322,134.44
NV20IETF,2026-09-25,250363,46.5,538367,1740,13.11
NYKAA,2026-09-25,1857233,52.5,3537870,37126,333.7
OAL,2026-09-25,7970,28.26,28203,1297,533.65
OBCL,2026-09-25,353,96.71,365,21,57.6
OBEROIRLTY,2026-09-25,256745,40.23,638248,30814,1858.5
ODIGMA,2026-09-25,8028,67.15,11955,288,21.0
ODYCORP,2026-09-25,8387,88.3,9498,86,7.03
OFSS,2026-09-25,86646,15.89,545314,77477,10770.0
OIL,2026-09-25,210710,31.59,666997,15244,475.15
OILIETF,2026-09-25,474948,73.58,645500,2144,11.01
OLAELEC,2026-09-25,41081236,21.11,194568434,313251,38.48
OLECTRA,2026-09-25,156788,43.88,357307,19608,1207.2
OMAXAUTO,2026-09-25,26500,50.76,52206,1279,200.24
OMAXE,2026-09-25,173858,21.13,822641,10223,118.53
OMINFRAL,2026-09-25,16567,46.87,35345,1217,79.03
OMNI,2026-09-25,177278,56.03,316403,12631,533.95
OMPOWER,2026-09-25,48309,58.67,82345,1111,168.84
ONEGLOBAL,2026-09-25,6339,58.55,10827,751,538.75
ONEPOINT,2026-09-25,2329997,41.28,5644105,28801,69.6
ONESOURCE,2026-09-25,133421,58.67,227395,14719,1602.6
ONGC,2026-09-25,2721372,53.71,5066494,69285,235.86
ONIDA,2026-09-25,178964,58.99,303378,1505,33.68
ONIXSOLAR,2026-09-25,16312,100.0,16312,73,337.85
ONWARDTEC,2026-09-25,4398,60.7,7246,268,287.65
OPTIEMUS,2026-09-25,132760,27.24,487355,24477,758.55
OPTIFIN,2026-09-25,31471,73.28,42946,169,14.99
ORCHASP,2026-09-25,54226,96.55,56162,133,1.38
ORCHPHARMA,2026-09-25,24878,39.14,63555,8730,1064.9
ORICONENT,2026-09-25,8126,63.86,12725,309,51.4
ORIENTALTL,2026-09-25,29028,85.13,34099,203,4.99
ORIENTBELL,2026-09-25,17604,60.21,29237,2223,407.55
ORIENTCEM,2026-09-25,315143,64.18,491051,5654,122.16
ORIENTCER,2026-09-25,22691,72.42,31332,744,47.8
ORIENTELEC,2026-09-25,68165,55.28,123313,3887,162.26
ORIENTHOT,2026-09-25,248282,64.99,382049,1977,140.93
ORIENTPPR,2026-09-25,105066,57.17,183765,1510,16.76
ORIENTTECH,2026-09-25,69110,48.16,143504,1995,237.3
ORIRAIL,2026-09-25,43029,57.75,74506,1195,121.12
ORISSAMINE,2026-09-25,1964,48.77,4027,985,3734.7
ORKLAINDIA,2026-09-25,61263,62.25,98422,10732,555.95
ORTINGLOBE,2026-09-25,1811,60.83,2977,24,15.23
OSWALAGRO,2026-09-25,17100,88.09,19413,180,34.0
OSWALGREEN,2026-09-25,37119,68.66,54062,528,19.99
OSWALPUMPS,2026-09-25,178476,57.43,310754,6235,274.95
OSWALSEEDS,2026-09-25,46544,67.18,69285,391,13.08
PACEDIGITK,2026-09-25,167749,35.41,473697,6234,166.35
PACIFICI,2026-09-25,8606,99.5,8649,43,141.94
PAGEIND,2026-09-25,5725,37.01,15467,7608,37695.0
PAISALO,2026-09-25,2782626,36.04,7721853,20764,89.02
PAKKA,2026-09-25,61711,64.02,96390,2251,75.06
PALASHSECU,2026-09-25,1011,93.78,1078,15,88.92
PALREDTEC,2026-09-25,4555,76.52,5953,57,46.84
PANACEABIO,2026-09-25,31211,42.0,74313,3156,372.6
PANAMAPET,2026-09-25,41578,56.23,73939,3244,473.4
PANCHMAHQ,2026-09-25,154,29.28,526,32,290.1
PANORAMA,2026-09-25,343052,38.29,895953,5061,60.46
PANSARI,2026-09-25,211,99.53,212,7,289.95
PARACABLES,2026-09-25,633589,34.2,1852499,12166,59.81
PARADEEP,2026-09-25,592747,40.44,1465807,26925,155.49
PARAGMILK,2026-09-25,1165038,41.24,2825359,42100,268.9
PARAS,2026-09-25,137281,26.02,527679,28145,1321.0
PARASPETRO,2026-09-25,45453,69.37,65519,197,2.08
PARIN,2026-09-25,16367,11.4,143542,2213,736.8
PARKHOSPS,2026-09-25,445654,61.67,722620,9377,286.35
PARKHOTELS,2026-09-25,146017,56.37,259036,5130,104.9
PARNAXLAB,2026-09-25,8258,74.56,11075,557,118.22
PASHUPATI,2026-09-25,146436,54.45,268925,3999,79.69
PASUPTAC,2026-09-25,148412,53.28,278575,3123,75.87
PATANJALI,2026-09-25,558518,33.88,1648377,55278,403.95
PATELENG,2026-09-25,837421,50.46,1659476,6504,27.61
PATELRMART,2026-09-25,7230,52.52,13767,588,206.28
PATINTLOG,2026-09-25,174514,79.08,220678,751,13.59
PAUSHAKLTD,2026-09-25,16959,57.39,29553,2131,667.15
PAVNAIND,2026-09-25,22938,78.07,29382,155,15.46
PAYTM,2026-09-25,2602692,50.3,5174169,155160,1674.0
PBMPOLY,2026-09-25,462,99.57,464,29,59.91
PCBL,2026-09-25,214188,31.98,669776,19243,339.6
PCJEWELLER,2026-09-25,80005197,25.86,309343445,146536,14.11
PDMJEPAPER,2026-09-25,69587,44.25,157250,2702,94.47
PDSL,2026-09-25,36770,59.85,61436,7206,357.65
PEARLPOLY,2026-09-25,6063,54.68,11088,68,18.03
PENIND,2026-09-25,514749,39.72,1295945,17568,184.9
PENINLAND,2026-09-25,99067,74.9,132272,424,16.7
PERMAGN,2026-09-25,1725,77.15,2236,332,852.45
PERNIASPOP,2026-09-25,69125,17.37,398066,16322,545.55
PERSISTENT,2026-09-25,85938,27.91,307915,26291,5372.0
PETRONET,2026-09-25,527975,59.97,880374,16012,286.5
PFC,2026-09-25,6233229,72.28,8623661,70604,338.0
PFIZER,2026-09-25,7798,49.4,15786,7324,4000.8
PFOCUS,2026-09-25,530859,12.57,4224123,39358,315.45
PFS,2026-09-25,223205,64.27,347305,3107,26.37
PGEL,2026-09-25,130934,27.08,483547,10886,518.5
PGHH,2026-09-25,8189,52.13,15709,5100,7037.5
PGHL,2026-09-25,2186,61.28,3567,1276,5406.0
PGIL,2026-09-25,103666,21.73,477150,39201,1329.1
PHARMABEES,2026-09-25,2894595,69.76,4149103,8686,27.8
PHOENIXLTD,2026-09-25,260151,56.11,463656,26276,1978.4
PHOENXINTL,2026-09-25,470,100.0,470,19,28.68
PICCADIL,2026-09-25,44020,37.84,116320,7749,613.0
PIDILITIND,2026-09-25,221595,44.03,503315,31006,1517.2
PIGL,2026-09-25,72766,82.08,88650,778,100.47
PIIND,2026-09-25,261485,58.57,446431,27705,2400.0
PILANIINVS,2026-09-25,571,55.98,1020,196,4015.0
PILITA,2026-09-25,55790,84.72,65850,245,7.71
PINELABS,2026-09-25,5690074,32.21,17665754,130191,176.57
PIONEEREMB,2026-09-25,4634,88.1,5260,61,21.35
PIRAMALFIN,2026-09-25,139891,45.43,307942,29799,2142.7
PITTIENG,2026-09-25,36871,39.42,93537,8111,1162.4
PIXTRANS,2026-09-25,3119,54.83,5689,977,1734.8
PLASTIBLEN,2026-09-25,102818,49.24,208830,5219,202.99
PLATIND,2026-09-25,29403,51.37,57233,1374,210.64
PLAZACABLE,2026-09-25,22011,62.83,35030,698,59.94
PML,2026-09-25,299,93.15,321,64,475.15
PNB,2026-09-25,3859452,47.83,8069096,36017,116.6
PNBGILTS,2026-09-25,87885,45.95,191265,1964,74.73
PNBHOUSING,2026-09-25,179803,45.02,399362,29445,1094.9
PNC,2026-09-25,2608,95.71,2725,52,16.89
PNCINFRA,2026-09-25,758587,52.49,1445306,17587,135.45
PNGJL,2026-09-25,319812,42.36,754981,30966,605.5
PNGSREVA,2026-09-25,132201,32.93,401441,16647,524.85
POCL,2026-09-25,139242,38.78,359098,13396,466.8
PODDARMENT,2026-09-25,1951,79.5,2454,108,271.4
POEL,2026-09-25,12222,31.53,38758,1729,145.34
POKARNA,2026-09-25,29047,57.68,50362,3070,728.95
POLICYBZR,2026-09-25,13931016,33.5,41589859,789155,1166.0
POLYCAB,2026-09-25,158208,53.34,296612,31619,8408.5
POLYMED,2026-09-25,25933,49.36,52539,7851,1724.4
POLYPLEX,2026-09-25,18516,73.32,25252,1780,1086.2
POLYSPIN,2026-09-25,336,93.85,358,30,28.98
PONNIERODE,2026-09-25,52069,39.28,132564,6576,399.8
POONAWALLA,2026-09-25,913595,61.82,1477854,26052,461.55
POWERGRID,2026-09-25,4018547,64.39,6241140,50721,269.5
POWERICA,2026-09-25,94374,46.96,200960,8924,582.95
POWERINDIA,2026-09-25,57756,44.36,130207,30991,31035.0
POWERMECH,2026-09-25,9776,46.89,20848,5631,2407.3
PPLPHARMA,2026-09-25,1381410,41.09,3361746,38745,210.31
PRABHA,2026-09-25,89723,55.59,161400,2020,230.87
PRAENG,2026-09-25,184098,72.23,254874,707,23.7
PRAJIND,2026-09-25,110700,32.78,337732,11142,315.9
PRAKASH,2026-09-25,218934,47.18,464030,6138,118.81
PRAKASHSTL,2026-09-25,55231,73.4,75243,349,3.62
PRANAV,2026-09-25,833035,33.53,2484193,20742,100.64
PRASOLCHEM,2026-09-25,134082,28.21,475369,25628,756.0
PRAVEG,2026-09-25,8410,67.36,12486,446,259.25
PRAXIS,2026-09-25,135605,95.58,141877,186,4.67
PRECAM,2026-09-25,40183,51.65,77805,1855,120.66
PRECOT,2026-09-25,1683,90.92,1851,91,640.7
PRECWIRE,2026-09-25,174040,28.09,619641,27976,502.6
PREMCO,2026-09-25,871,99.77,873,76,395.35
PREMEXPLN,2026-09-25,69403,71.41,97193,2063,680.35
PREMIERENE,2026-09-25,162706,35.73,455438,15439,896.4
PREMIERPOL,2026-09-25,232584,29.66,784231,13825,95.4
PRESTIGE,2026-09-25,135751,43.39,312842,18284,1477.8
PRICOLLTD,2026-09-25,52227,36.45,143267,9352,759.4
PRIMESECU,2026-09-25,16948,43.41,39045,627,301.9
PRIMO,2026-09-25,781486,56.87,1374230,5233,25.28
PRINCEPIPE,2026-09-25,39732,50.77,78264,2723,261.8
PRIORITY,2026-09-25,357468,25.67,1392680,45977,311.73
PRISMX,2026-09-25,150631,93.61,160921,84,0.52
PRITI,2026-09-25,2614,68.72,3804,101,33.78
PRIVISCL,2026-09-25,59594,61.05,97623,18871,3594.1
PROSTARM,2026-09-25,210068,26.29,798903,12394,141.17
PROTEAN,2026-09-25,897556,25.21,3560004,77972,690.7
PROZONER,2026-09-25,794772,70.63,1125326,6352,56.75
PRSMJOHNSN,2026-09-25,78409,35.34,221858,4134,116.31
PRUDENT,2026-09-25,37695,67.15,56132,11952,3097.9
PRUDMOULI,2026-09-25,11193,94.48,11847,60,13.93
PSB,2026-09-25,248761,46.61,533659,3020,21.82
PSPPROJECT,2026-09-25,24688,53.53,46119,3097,806.65
PSUBANK,2026-09-25,26158,35.19,74327,411,82.95
PSUBANKADD,2026-09-25,2831,50.56,5599,266,83.89
PSUBNKBEES,2026-09-25,267364,57.84,462230,3299,92.35
PSUBNKIETF,2026-09-25,18121,52.66,34414,555,83.85
PTC,2026-09-25,652082,65.39,997223,11760,155.09
PTCIL,2026-09-25,3982,37.61,10588,4330,21810.0
PTL,2026-09-25,14368,84.81,16942,747,38.24
PUNJABCHEM,2026-09-25,1912,50.96,3752,361,1077.6
PURVA,2026-09-25,35072,44.55,78727,2472,213.87
PVP,2026-09-25,1273039,51.86,2454711,3846,61.94
PVRINOX,2026-09-25,153982,41.08,374832,21303,1254.6
PVSL,2026-09-25,9304,74.97,12411,403,98.67
PVTBANIETF,2026-09-25,398425,40.46,984660,1893,27.24
PVTBANK,2026-09-25,14734,79.73,18480,72,27.31
PVTBANKADD,2026-09-25,118858,69.51,170983,127,27.33
PVTBKGROWW,2026-09-25,4249,79.72,5330,70,27.06
PWL,2026-09-25,3491837,53.55,6520141,49712,134.36
PYRAMID,2026-09-25,16842,56.94,29578,1109,162.29
QGOLDHALF,2026-09-25,100728,79.39,126885,583,124.8
QNIFTY,2026-09-25,2041,36.78,5549,118,254.68
QPOWER,2026-09-25,79527,49.27,161416,14183,1517.8
QUADFUTURE,2026-09-25,307415,15.76,1950037,57343,547.5
QUAL30IETF,2026-09-25,19752,49.21,40140,220,20.2
QUALITY30,2026-09-25,2237,73.59,3040,49,20.2
QUESS,2026-09-25,719568,47.32,1520564,40260,340.9
QUICKHEAL,2026-09-25,27283,36.45,74851,1848,147.04
RACE,2026-09-25,36894,26.97,136785,2141,117.9
RACLGEAR,2026-09-25,13521,54.36,24872,2840,1686.5
RADAAN,2026-09-25,37446,81.52,45937,150,2.99
RADIANTCMS,2026-09-25,42138,54.9,76758,913,35.67
RADICO,2026-09-25,87993,35.02,251300,28496,4557.1
RADIOCITY,2026-09-25,18928,61.35,30851,138,6.05
RAILTEL,2026-09-25,128917,32.81,392954,10570,260.15
RAIN,2026-09-25,1200967,37.01,3244552,23273,219.35
RAINBOW,2026-09-25,240964,55.64,433047,45064,1374.2
RAJMET,2026-09-25,137487,67.85,202636,570,3.11
RAJPALAYAM,2026-09-25,1120,88.96,1259,72,761.75
RAJRATAN,2026-09-25,11618,45.91,25305,2226,472.5
RAJSREESUG,2026-09-25,482449,74.86,644442,2291,31.81
RAJTV,2026-09-25,80365,94.4,85135,188,10.76
RALLIS,2026-09-25,178893,47.28,378388,13182,200.38
RAMANEWS,2026-09-25,12245,86.73,14119,110,31.1
RAMAPHO,2026-09-25,12037,78.74,15287,328,122.25
RAMBHAJO,2026-09-25,193211,29.75,649377,12138,286.23
RAMCOCEM,2026-09-25,197086,65.42,301245,25243,867.55
RAMCOIND,2026-09-25,28888,44.42,65040,2452,319.95
RAMCOSYS,2026-09-25,12269,44.51,27563,1668,580.2
RAMKY,2026-09-25,13932,59.65,23356,1133,312.15
RAMRAT,2026-09-25,120251,41.16,292137,15052,570.0
RANASUG,2026-09-25,478049,40.57,1178227,2323,14.41
RANEHOLDIN,2026-09-25,1889,60.84,3105,492,1580.6
RATEGAIN,2026-09-25,56454,47.18,119666,10932,827.75
RATNAMANI,2026-09-25,12701,49.39,25715,6660,2778.3
RATNAVEER,2026-09-25,1693538,27.66,6123089,43809,333.95
RAYMOND,2026-09-25,449184,14.49,3100301,102460,1196.65
RAYMONDLSL,2026-09-25,74198,30.88,240261,12918,687.6
RAYMONDREL,2026-09-25,885865,10.2,8688746,148479,711.3
RBA,2026-09-25,1105562,42.78,2584085,26142,92.51
RBLBANK,2026-09-25,934260,27.32,3419454,32000,415.05
RCF,2026-09-25,208778,32.5,642414,7683,108.58
RECLTD,2026-09-25,2218461,56.93,3896789,24918,312.95
REDINGTON,2026-09-25,1049118,42.41,2473777,36643,407.25
REDTAPE,2026-09-25,205278,40.48,507124,7198,121.05
REFEX,2026-09-25,82748,35.95,230207,5273,285.8
REGAAL,2026-09-25,99882,43.09,231775,2551,89.98
REGENCERAM,2026-09-25,1423,71.94,1978,34,33.39
RELAXO,2026-09-25,56128,43.19,129942,6481,297.0
RELCHEMQ,2026-09-25,382,65.52,583,52,118.22
RELIABLE,2026-09-25,8468,71.61,11825,466,147.7
RELIANCE,2026-09-25,8311348,63.26,13138735,212698,1226.0
RELIGARE,2026-09-25,215996,51.08,422871,7864,242.27
RELTD,2026-09-25,45421,45.77,99232,2080,148.77
REMSONSIND,2026-09-25,1292002,30.31,4262134,34231,116.8
RENTOMOJO,2026-09-25,413927,20.2,2048727,47991,507.75
RENUKA,2026-09-25,6196291,25.26,24534315,33997,23.31
REPCOHOME,2026-09-25,38867,58.34,66626,2344,347.7
REPL,2026-09-25,2165,58.8,3682,74,61.49
REPRO,2026-09-25,163895,67.04,244479,4728,288.25
RESPONIND,2026-09-25,302778,12.36,2449470,35959,161.23
RETAIL,2026-09-25,102879,92.25,111518,419,20.06
RGL,2026-09-25,164370,34.87,471415,10168,167.47
RHETAN,2026-09-25,803120,100.0,803125,1186,15.17
RHIM,2026-09-25,98659,35.09,281131,10293,386.45
RHL,2026-09-25,1299,95.16,1365,33,171.41
RICOAUTO,2026-09-25,283587,29.95,946822,13193,132.23
RIIL,2026-09-25,18065,37.84,47746,2375,694.55
RIR,2026-09-25,335960,16.18,2076996,22665,188.01
RISHABH,2026-09-25,90594,41.09,220502,11195,711.8
RITCO,2026-09-25,18935,57.51,32924,893,285.7
RITES,2026-09-25,162022,47.29,342582,11207,199.31
RKDL,2026-09-25,1341,68.28,1964,61,18.6
RKEC,2026-09-25,262150,34.1,768771,3356,24.26
RKFORGE,2026-09-25,138036,48.3,285768,13143,704.5
RKSWAMY,2026-09-25,17687,71.4,24773,389,90.59
RMC,2026-09-25,11153,48.55,22974,1138,219.89
RML,2026-09-25,18564,41.08,45192,6093,1322.3
ROHLTD,2026-09-25,17109,69.04,24782,894,308.6
ROLEXRINGS,2026-09-25,2162377,30.16,7169312,66834,195.35
ROML,2026-09-25,1075,71.1,1512,29,42.79
ROSSARI,2026-09-25,11402,55.76,20447,2044,444.2
ROSSELLIND,2026-09-25,12875,50.26,25615,1472,51.63
ROSSTECH,2026-09-25,48745,36.75,132626,14067,1402.7
ROTO,2026-09-25,133970,34.53,388024,3810,62.8
ROUTE,2026-09-25,40328,39.97,100904,5046,463.0
RPEL,2026-09-25,26260,53.48,49098,5859,1699.5
RPGLIFE,2026-09-25,54842,49.41,111001,12415,3050.6
RPOWER,2026-09-25,4866736,33.32,14606424,25091,20.57
RPPINFRA,2026-09-25,41118,71.45,57550,651,53.63
RPSGVENT,2026-09-25,21453,85.2,25180,822,837.3
RPTECH,2026-09-25,93814,43.68,214767,13293,893.0
RRECL,2026-09-25,330,96.21,343,23,123.4
RRIL,2026-09-25,14395,82.32,17486,99,16.01
RRKABEL,2026-09-25,68726,33.22,206897,22384,2528.3
RSL,2026-09-25,46473,36.84,126146,3201,183.46
RSSOFTWARE,2026-09-25,19287,78.78,24481,187,30.56
RSWM,2026-09-25,22317,47.73,46759,1402,218.34
RSYSTEMS,2026-09-25,61881,48.07,128718,3292,235.62
RTNINDIA,2026-09-25,397265,43.0,923840,5317,26.96
RTNPOWER,2026-09-25,6734683,46.82,14384293,13510,7.0
RTSPOWR,2026-09-25,13730,96.55,14220,143,104.59
RUBFILA,2026-09-25,31501,56.09,56164,926,63.31
RUBICON,2026-09-25,64093,49.88,128501,17199,1676.3
RUBYMILLS,2026-09-25,6029,44.9,13428,1072,491.85
RUCHINFRA,2026-09-25,27089,83.17,32572,255,5.09
RUCHIRA,2026-09-25,17008,68.36,24880,591,104.96
RUDRA,2026-09-25,9401,64.07,14673,105,19.45
RUPA,2026-09-25,61543,53.06,115990,3738,136.07
RUSHIL,2026-09-25,430009,63.71,674897,1087,16.1
RUSTOMJEE,2026-09-25,506799,94.35,537143,3326,366.5
RVHL,2026-09-25,493,71.55,689,45,39.32
RVNL,2026-09-25,660997,27.48,2405229,26890,207.0
RVTH,2026-09-25,656,75.06,874,88,654.6
S&SPOWER,2026-09-25,4039,59.22,6820,311,307.9
SAATVIKGL,2026-09-25,64636,69.79,92616,2994,427.45
SAB,2026-09-25,5,100.0,5,1,170.0
SADBHAV,2026-09-25,69093,70.36,98193,245,7.46
SADBHIN,2026-09-25,88280,85.38,103401,225,2.65
SAFARI,2026-09-25,29842,67.52,44195,11159,1464.2
SAGARDEEP,2026-09-25,4141,54.5,7598,85,23.19
SAGCEM,2026-09-25,4512,53.23,8476,348,152.64
SAGILITY,2026-09-25,4518731,46.95,9623863,18928,44.69
SAHLIBHFI,2026-09-25,12845,60.25,21320,451,77.55
SAHYADRI,2026-09-25,2715,48.22,5630,372,362.6
SAICAPI,2026-09-25,107,91.45,117,14,156.99
SAIL,2026-09-25,2541221,26.25,9681139,48062,185.0
SAILIFE,2026-09-25,137731,51.8,265877,24905,1592.2
SAIPARENT,2026-09-25,18464,62.45,29566,1350,503.95
SAKAR,2026-09-25,45065,45.39,99278,8449,1135.85
SAKHTISUG,2026-09-25,317481,50.81,624810,2270,19.0
SAKSOFT,2026-09-25,63149,54.71,115426,2377,141.52
SAKUMA,2026-09-25,730608,62.48,1169361,918,1.67
SALASAR,2026-09-25,6343641,68.62,9245213,6275,4.7
SALONA,2026-09-25,319,88.86,359,91,274.75
SALSTEEL,2026-09-25,369491,49.83,741473,3994,93.6
SALZERELEC,2026-09-25,10571,48.7,21706,1501,541.25
SAMBANDAM,2026-09-25,1647,99.1,1662,27,111.83
SAMBHAAV,2026-09-25,42238,50.96,82882,192,5.92
SAMBHV,2026-09-25,1453198,28.34,5127428,50862,159.12
SAMHI,2026-09-25,177095,50.21,352713,9069,159.19
SAMMAANCAP,2026-09-25,1496479,43.32,3454356,20830,140.61
SAMPANN,2026-09-25,32289,86.19,37461,231,24.56
SANATHAN,2026-09-25,95222,50.25,189507,12410,523.2
SANDESH,2026-09-25,423,74.73,566,69,1034.4
SANDHAR,2026-09-25,44907,50.53,88878,5290,574.0
SANDUMA,2026-09-25,167558,49.61,337776,8877,184.79
SANGAMIND,2026-09-25,110550,25.43,434786,14752,619.9
SANGHVIMOV,2026-09-25,129430,47.97,269827,10451,456.0
SANOFI,2026-09-25,4113,30.88,13319,3058,3140.2
SANOFICONR,2026-09-25,1800,53.86,3342,1186,3945.3
SANSERA,2026-09-25,148371,47.05,315334,49591,4662.4
SANSTAR,2026-09-25,29197,52.95,55139,1002,108.42
SAPPHIRE,2026-09-25,136870,37.39,366017,11376,223.61
SAPPL,2026-09-25,118,79.73,148,15,276.9
SARDAEN,2026-09-25,148576,59.31,250490,15702,493.15
SAREGAMA,2026-09-25,96024,48.5,197993,8186,496.9
SARLAPOLY,2026-09-25,33523,78.34,42794,499,100.29
SARVESHWAR,2026-09-25,1778220,59.06,3010745,2751,3.53
SASKEN,2026-09-25,21803,65.15,33465,3208,1691.1
SATIA,2026-09-25,42529,55.87,76122,1186,67.0
SATIN,2026-09-25,226742,53.79,421528,7437,236.65
SAURASHCEM,2026-09-25,171163,40.04,427455,4599,55.72
SAYAJIIND,2026-09-25,501,100.0,501,7,120.0
SBC,2026-09-25,7413712,31.06,23868200,35552,53.02
SBCL,2026-09-25,68245,47.75,142912,10233,1154.5
SBFC,2026-09-25,467940,60.06,779068,7079,88.86
SBGLP,2026-09-25,31235,50.55,61789,574,23.55
SBIBPB,2026-09-25,9710,59.96,16193,258,48.09
SBICARD,2026-09-25,663930,50.66,1310548,37898,611.2
SBIETFCON,2026-09-25,1537,60.9,2524,68,117.65
SBIETFIT,2026-09-25,2839,62.4,4550,200,312.14
SBIETFPB,2026-09-25,4160,90.71,4586,83,274.29
SBIETFQLTY,2026-09-25,739,76.34,968,61,212.19
SBIFUNDS,2026-09-25,482795,52.24,924166,57814,531.15
SBILIFE,2026-09-25,577919,56.74,1018504,50423,1742.0
SBILIQETF,2026-09-25,53116,97.91,54249,67,1057.62
SBIMIDMOM,2026-09-25,43251,95.87,45114,193,62.41
SBIN,2026-09-25,1679428,44.68,3759097,100755,983.0
SBINEQWETF,2026-09-25,11830,77.66,15234,167,32.15
SBINMID150,2026-09-25,72912,77.37,94237,158,22.61
SBISILVER,2026-09-25,420540,62.82,669388,7403,224.28
SBISMLETF,2026-09-25,26234,67.79,38701,212,18.16
SBIVALETF,2026-09-25,6410,90.13,7112,43,14.37
SCHAEFFLER,2026-09-25,8827,43.41,20334,5636,4007.7
SCHAND,2026-09-25,38557,58.13,66326,2178,145.18
SCHNEIDER,2026-09-25,116074,68.39,169734,13468,1209.5
SCI,2026-09-25,294169,35.0,840491,19637,274.4
SCILAL,2026-09-25,125615,61.6,203912,2664,37.14
SCODATUBES,2026-09-25,260712,42.18,618113,6101,136.61
SDBL,2026-09-25,2251734,9.87,22824335,91999,74.36
SEAMECLTD,2026-09-25,18061,57.11,31625,3841,1712.2
SECLEDBETA,2026-09-25,1178,99.92,1179,16,14.92
SECMARK,2026-09-25,1407,54.24,2594,113,137.12
SECURKLOUD,2026-09-25,8172,81.03,10085,84,17.1
SEDEMAC,2026-09-25,162581,20.3,801056,92454,3444.9
SEIL,2026-09-25,95829,64.48,148612,1485,191.94
SEJALLTD,2026-09-25,150780,98.68,152803,242,682.7
SEKURITIND,2026-09-25,5034,46.62,10797,249,111.93
SELECTIPO,2026-09-25,33695,53.19,63354,150,47.2
SEMAC,2026-09-25,1613,100.0,1613,50,255.0
SENCO,2026-09-25,283789,41.63,681767,27065,331.1
SENORES,2026-09-25,105485,37.54,280996,26947,1355.2
SENSEXADD,2026-09-25,3368,69.17,4869,153,76.28
SENSEXAXIS,2026-09-25,101429,90.62,111922,52,76.8
SENSEXBETA,2026-09-25,1621,68.98,2350,121,817.29
SENSEXETF,2026-09-25,21236,48.67,43637,271,76.34
SENSEXIETF,2026-09-25,7592,59.22,12820,483,851.76
SEPC,2026-09-25,3128485,51.84,6035158,3392,5.12
SERVOTECH,2026-09-25,190433,50.21,379256,4313,70.76
SESHAPAPER,2026-09-25,19178,56.24,34098,1081,246.27
SETF10GILT,2026-09-25,3979,83.68,4755,66,262.51
SETFGOLD,2026-09-25,3615553,74.46,4855940,9604,128.43
SETFNIF50,2026-09-25,550978,70.41,782484,4423,249.47
SETFNIFBK,2026-09-25,23040,84.24,27349,1058,571.3
SETFNN50,2026-09-25,60015,77.14,77801,4279,770.95
SETL,2026-09-25,290473,58.06,500272,9248,402.55
SFL,2026-09-25,54522,51.58,105699,8712,634.6
SGFIN,2026-09-25,60468,43.86,137855,6411,609.7
SGIL,2026-09-25,2826,61.5,4595,418,642.5
SGL,2026-09-25,48364,75.28,64242,379,9.03
SGLRES,2026-09-25,22533,71.54,31495,176,2.39
SGMART,2026-09-25,76212,47.33,161034,11917,731.0
SGRL,2026-09-25,23402,56.74,41244,3714,673.75
SHADOWFAX,2026-09-25,1321242,52.68,2507956,52928,282.45
SHAH,2026-09-25,1255147,76.53,1640107,802,3.22
SHAILY,2026-09-25,32494,42.41,76625,10324,3142.3
SHAKTIPUMP,2026-09-25,82306,40.02,205670,10658,466.9
SHALBY,2026-09-25,44170,41.31,106923,2554,147.12
SHANKARA,2026-09-25,41915,70.12,59779,871,132.98
SHANKESH,2026-09-25,1453939,40.23,3614271,19504,91.36
SHANTI,2026-09-25,8106,77.73,10428,56,5.68
SHANTIGEAR,2026-09-25,13800,48.57,28415,1904,666.55
SHANTIGOLD,2026-09-25,3290057,9.04,36407266,366921,325.68
SHARDACROP,2026-09-25,30441,40.36,75418,6194,749.6
SHARDAMOTR,2026-09-25,19642,43.22,45449,6790,956.35
SHAREINDIA,2026-09-25,281769,26.07,1080901,14088,209.62
SHARIABEES,2026-09-25,5311,65.65,8090,592,432.52
SHBAJRG,2026-09-25,1275,61.83,2062,51,165.32
SHERVANI,2026-09-25,30,100.0,30,9,344.9
SHILCTECH,2026-09-25,6691,53.35,12541,3599,4103.6
SHILGRAVQ,2026-09-25,1899,99.63,1906,70,149.5
SHILPAMED,2026-09-25,196023,32.43,604526,33897,1013.45
SHINDL,2026-09-25,128505,38.46,334150,1317,161.16
SHIPROCKET,2026-09-25,1277888,40.47,3157738,34568,120.25
SHIVAAGRO,2026-09-25,1668,71.56,2331,82,39.5
SHIVACEM,2026-09-25,114526,87.41,131022,226,15.47
SHIVALIK,2026-09-25,24820,36.72,67598,3932,408.45
SHIVAMAUTO,2026-09-25,28800,65.28,44118,290,17.37
SHIVAMILLS,2026-09-25,1210,79.14,1529,23,58.51
SHIVATEX,2026-09-25,1978,83.07,2381,66,167.73
SHIVAUM,2026-09-25,22713,95.46,23793,133,510.15
SHK,2026-09-25,59687,48.85,122196,2523,142.36
SHOPERSTOP,2026-09-25,137705,3.84,3588100,64572,423.55
SHRADDHA,2026-09-25,3432,93.92,3654,43,146.97
SHRADHA,2026-09-25,1560,74.53,2093,91,29.75
SHREDIGCEM,2026-09-25,21224,50.5,42025,760,67.85
SHREECEM,2026-09-25,4295,42.47,10112,5394,22520.0
SHREEJISPG,2026-09-25,562852,47.02,1197147,15929,752.45
SHREEPUSHK,2026-09-25,42787,29.06,147225,5989,506.05
SHREERAMA,2026-09-25,31917,58.53,54527,1239,45.04
SHREYANIND,2026-09-25,2023,81.38,2486,61,130.15
SHRIKRISH,2026-09-25,79,75.96,104,12,35.89
SHRINGARMS,2026-09-25,114621,10.29,1114220,8158,214.06
SHRIPISTON,2026-09-25,55175,50.16,110008,21013,4746.8
SHRIRAMFIN,2026-09-25,1575759,58.35,2700614,91682,994.1
SHRIRAMPPS,2026-09-25,94110,55.72,168887,2041,71.2
SHRJAGP,2026-09-25,153,84.07,182,53,660.25
SHUKRAPHAR,2026-09-25,945485,52.42,1803626,6966,55.93
SHYAMMETL,2026-09-25,484634,81.99,591086,9452,1085.6
SHYAMTEL,2026-09-25,600,82.64,726,31,11.07
SICAGEN,2026-09-25,9346,86.37,10821,121,53.13
SIEMENS,2026-09-25,24430,30.4,80353,8321,3877.0
SIGACHI,2026-09-25,1213405,47.44,2558006,8283,29.43
SIGMA,2026-09-25,40659,55.47,73296,917,45.61
SIGNATURE,2026-09-25,52391,16.04,326668,13806,788.85
SIGNPOST,2026-09-25,16053,66.26,24226,990,271.2
SIKA,2026-09-25,7958,39.67,20058,1878,1045.45
SIL,2026-09-25,19690,69.23,28440,386,16.74
SILGO,2026-09-25,9669,75.02,12888,152,69.79
SILINV,2026-09-25,1256,65.31,1923,97,452.95
SILVER,2026-09-25,159872,33.52,476881,7037,228.33
SILVER001,2026-09-25,17576,74.87,23474,48,23.2
SILVER1,2026-09-25,2719503,39.43,6897794,3871,22.19
SILVER360,2026-09-25,4022,56.32,7141,304,225.19
SILVERADD,2026-09-25,2952394,47.94,6158711,4823,22.04
SILVERAG,2026-09-25,29325,25.41,115426,1974,222.76
SILVERAXIS,2026-09-25,43238,23.62,183082,2387,227.3
SILVERBEES,2026-09-25,5325812,37.18,14322964,52260,218.8
SILVERBETA,2026-09-25,204657,66.2,309159,3109,220.87
SILVERBND,2026-09-25,8247,80.2,10283,119,229.78
SILVERCASE,2026-09-25,1956229,49.48,3953843,5065,23.18
SILVERIETF,2026-09-25,748320,38.36,1950556,13988,228.35
SILVERTUC,2026-09-25,118802,28.83,412116,3491,147.79
SIMPLEXINF,2026-09-25,27608,67.44,40939,928,250.7
SIMPLXREA,2026-09-25,428,59.69,717,20,125.4
SINCLAIR,2026-09-25,5169,54.93,9410,240,78.96
SINDHUTRAD,2026-09-25,145245,42.1,345032,919,23.75
SINGERIND,2026-09-25,27586,66.41,41542,578,77.6
SINTERCOM,2026-09-25,2779,87.69,3169,96,77.93
SIRCA,2026-09-25,29352,24.66,119005,1989,410.3
SIS,2026-09-25,50827,60.56,83932,7477,418.4
SIYSIL,2026-09-25,5084,54.74,9287,984,538.05
SJS,2026-09-25,36279,52.86,68630,9464,2317.6
SJVN,2026-09-25,827277,43.36,1907772,19444,61.76
SKFINDIA,2026-09-25,11449,54.08,21172,4214,1539.8
SKFINDUS,2026-09-25,13152,54.68,24054,7865,2918.0
SKIPPER,2026-09-25,136234,36.51,373119,15037,551.15
SKMEGGPROD,2026-09-25,77304,59.33,130288,2602,220.4
SKYGOLD,2026-09-25,143778,46.48,309335,16263,793.55
SKYWAYS,2026-09-25,891713,20.97,4253205,29522,126.97
SMALL250,2026-09-25,141307,55.24,255806,652,18.21
SMALLADD,2026-09-25,9291,65.33,14221,99,18.28
SMALLCAP,2026-09-25,263023,43.27,607893,2543,48.69
SMALLGROWW,2026-09-25,3412,45.65,7475,69,48.59
SMALLIETF,2026-09-25,10166,45.64,22272,115,18.26
SMARTWORKS,2026-09-25,51857,65.51,79157,2177,529.9
SMCGLOBAL,2026-09-25,466442,52.27,892402,7765,85.6
SML100CASE,2026-09-25,744160,58.95,1262270,1364,11.19
SMLMAH,2026-09-25,19488,38.9,50096,8740,6825.5
SMLT,2026-09-25,5377,74.74,7194,211,59.35
SMSPHARMA,2026-09-25,139346,38.51,361831,9977,475.0
SNOWMAN,2026-09-25,76325,53.82,141817,1467,34.91
SNXT30BEES,2026-09-25,7001,94.42,7415,61,41.61
SNXT50BETA,2026-09-25,894,88.69,1008,90,91.87
SOBHA,2026-09-25,23597,40.81,57820,9866,1226.6
SOFTTECH,2026-09-25,3503,67.13,5218,360,479.8
SOLARA,2026-09-25,82713,28.73,287888,14364,739.15
SOLARINDS,2026-09-25,39060,32.44,120411,34760,19745.0
SOLARWORLD,2026-09-25,37220,45.95,80994,2062,134.75
SOLEX,2026-09-25,39438,48.11,81974,5546,705.2
SOMANYCERA,2026-09-25,116680,42.78,272762,15350,618.05
SOMATEX,2026-09-25,3479,95.97,3625,57,80.04
SOMICONVEY,2026-09-25,3258,64.39,5060,119,89.59
SONACOMS,2026-09-25,1591897,51.33,3101062,64623,824.5
SONATSOFTW,2026-09-25,149532,31.55,473878,12369,279.9
SOTL,2026-09-25,51284,32.44,158106,9852,713.2
SOUTHBANK,2026-09-25,11350491,39.29,28889000,68180,49.95
SOUTHWEST,2026-09-25,48139,54.21,88796,2874,186.71
SPAL,2026-09-25,24039,53.46,44966,3336,965.6
SPANDANA,2026-09-25,51779,53.06,97580,3749,225.53
SPARC,2026-09-25,746829,33.43,2233858,29862,209.05
SPCENET,2026-09-25,464185,71.71,647300,540,3.35
SPENCERS,2026-09-25,36293,88.17,41164,355,28.07
SPIC,2026-09-25,214687,61.73,347792,2966,64.73
SPLIL,2026-09-25,11919,59.91,19895,94,30.99
SPLPETRO,2026-09-25,69320,42.58,162786,14288,880.0
SPMLINFRA,2026-09-25,275298,54.42,505854,6029,165.86
SPORTKING,2026-09-25,86609,63.76,135844,4935,213.62
SRD,2026-09-25,3285,74.88,4387,99,39.19
SRF,2026-09-25,29993,28.4,105615,8316,2540.0
SRGHFL,2026-09-25,13141,84.83,15491,227,146.8
SRHHYPOLTD,2026-09-25,11804,51.24,23038,2015,594.8
SRM,2026-09-25,12056,56.65,21282,1177,416.25
SRTL,2026-09-25,8810,62.13,14179,268,38.15
SSDL,2026-09-25,217173,50.81,427404,6468,73.31
SSRETAIL,2026-09-25,2951128,8.57,34422519,823811,728.2
SSWL,2026-09-25,526770,31.92,1650357,44082,378.75
STANLEY,2026-09-25,125010,33.28,375595,4558,144.32
STAR,2026-09-25,78414,54.83,143012,14094,1184.9
STARCEMENT,2026-09-25,25690,50.75,50622,1902,186.61
STARHEALTH,2026-09-25,337242,26.33,1280937,54555,558.15
STARPAPER,2026-09-25,1855,78.5,2363,83,155.06
STARTECK,2026-09-25,211,100.0,211,19,262.5
STCINDIA,2026-09-25,3958,64.18,6167,216,109.35
STEAMHOUSE,2026-09-25,3122550,37.04,8430848,41067,110.81
STEELCAS,2026-09-25,338709,31.41,1078414,32875,376.5
STEELCITY,2026-09-25,8964,68.86,13018,320,80.82
STEELXIND,2026-09-25,4452943,49.08,9072805,5734,11.29
STEL,2026-09-25,981,59.03,1662,266,619.3
STLNETWORK,2026-09-25,3566561,39.71,8981723,16296,54.61
STLSTRINF,2026-09-25,3142,46.92,6696,233,23.2
STOVEKRAFT,2026-09-25,22884,42.62,53691,4249,814.4
STUDDS,2026-09-25,32980,72.1,45741,5412,410.0
STYL,2026-09-25,89938,19.19,468659,13114,381.85
STYLAMIND,2026-09-25,16563,39.92,41489,7542,3369.4
STYLEBAAZA,2026-09-25,315142,50.35,625952,8380,375.8
STYRENIX,2026-09-25,13389,56.85,23553,3438,2067.0
SUBEXLTD,2026-09-25,3798713,26.6,14283273,33108,21.41
SUBROS,2026-09-25,8409,32.46,25909,2069,720.9
SUDARCOLOR,2026-09-25,3068,65.19,4706,235,394.55
SUDARSCHEM,2026-09-25,34094,47.78,71354,6273,1218.9
SUDEEPPHRM,2026-09-25,41638,52.76,78922,7297,1164.9
SUKHJITS,2026-09-25,16965,74.42,22795,347,159.86
SULA,2026-09-25,122421,42.75,286393,5142,135.13
SUMEDHA,2026-09-25,200,100.0,200,14,42.95
SUMEETINDS,2026-09-25,1628723,84.94,1917462,663,12.18
SUMICHEM,2026-09-25,51880,49.12,105623,7697,446.35
SUMIT,2026-09-25,44938,82.68,54349,240,49.19
SUMMITSEC,2026-09-25,853,61.06,1397,314,1384.3
SUNCLAY,2026-09-25,6304,81.11,7772,938,1236.7
SUNDARAM,2026-09-25,271136,88.08,307834,295,1.14
SUNDARMFIN,2026-09-25,17090,47.79,35762,8227,4508.0
SUNDRMFAST,2026-09-25,40847,61.49,66426,10230,1178.9
SUNDROP,2026-09-25,5437,46.89,11595,819,745.75
SUNFLAG,2026-09-25,556951,26.95,2066226,49036,410.65
SUNLOC,2026-09-25,139,100.0,139,18,70.9
SUNPHARMA,2026-09-25,402844,58.96,683246,44621,1852.2
SUNRAKSHAK,2026-09-25,3013,89.04,3384,213,366.2
SUNSHIEL,2026-09-25,2708,73.81,3669,407,1132.4
SUNSHINE,2026-09-25,199545,45.64,437261,4179,437.45
SUNTECK,2026-09-25,37577,47.02,79920,3372,283.0
SUNTV,2026-09-25,242280,30.61,791506,24825,513.2
SUPERHOUSE,2026-09-25,3470,71.71,4839,121,164.71
SUPRAJIT,2026-09-25,34246,62.93,54422,3431,488.0
SUPREME,2026-09-25,3435,82.91,4143,84,31.39
SUPREMEIND,2026-09-25,41968,37.27,112619,19225,3550.0
SUPREMEINF,2026-09-25,11302,66.15,17086,154,81.29
SUPRIYA,2026-09-25,118287,36.21,326713,22451,985.2
SURAJEST,2026-09-25,33202,43.87,75687,1601,221.75
SURAJLTD,2026-09-25,92,94.85,97,16,198.08
SURAKSHA,2026-09-25,19670,52.18,37699,2354,343.3
SURANASOL,2026-09-25,12793,75.07,17041,313,25.3
SURANAT&P,2026-09-25,22761,66.71,34118,302,15.92
SURYALA,2026-09-25,263,86.8,303,9,390.0
SURYALAXMI,2026-09-25,2334,70.32,3319,78,57.0
SURYAROSNI,2026-09-25,425821,46.11,923512,12410,227.45
SURYODAY,2026-09-25,115605,54.82,210889,2555,149.12
SUVEN,2026-09-25,105831,42.1,251356,8416,335.0
SUVIDHAA,2026-09-25,62139,70.48,88167,191,2.21
SUYOG,2026-09-25,9798,76.83,12753,702,650.4
SUZLON,2026-09-25,22816586,39.98,57074067,110203,40.8
SVGLOBAL,2026-09-25,998,70.48,1416,87,145.79
SVLL,2026-09-25,61227,99.61,61467,70,834.7
SVPGLOB,2026-09-25,19988,79.86,25029,39,3.27
SWANCORP,2026-09-25,103103,20.39,505644,9013,294.85
SWARAJENG,2026-09-25,2729,58.68,4651,1775,3545.7
SWARNSAR,2026-09-25,10035,97.65,10276,64,41.68
SWELECTES,2026-09-25,25707,35.54,72324,3787,587.0
SWIGGY,2026-09-25,3285765,34.24,9596392,60983,264.85
SWSOLAR,2026-09-25,204952,38.51,532217,6569,176.65
SYMBIOTEC,2026-09-25,308676,45.67,675920,34253,1003.35
SYMPHONY,2026-09-25,15928,42.82,37195,2784,588.8
SYNCOMF,2026-09-25,1540672,21.68,7105116,12877,20.05
SYNGENE,2026-09-25,93806,52.75,177820,9035,378.7
SYRMA,2026-09-25,218498,21.29,1026235,51313,1732.6
TAALTECH,2026-09-25,25760,40.1,64240,6861,1085.4
TAINWALCHM,2026-09-25,4499,87.99,5113,160,209.2
TAJGVK,2026-09-25,12900,44.63,28904,1411,324.35
TAKE,2026-09-25,101112,70.15,144138,578,15.51
TALBROAUTO,2026-09-25,84123,38.62,217822,9498,457.35
TANAA,2026-09-25,45750,38.94,117489,4524,345.1
TANLA,2026-09-25,100460,40.44,248415,12419,494.75
TARACHAND,2026-09-25,51137,71.95,71075,776,48.46
TARAPUR,2026-09-25,8892,56.93,15620,136,12.19
TARC,2026-09-25,82132,45.36,181062,2709,129.36
TARIL,2026-09-25,344664,49.01,703274,14682,277.65
TARMAT,2026-09-25,7954,63.82,12463,556,55.84
TARSONS,2026-09-25,36808,37.9,97118,3677,332.75
TASTYBITE,2026-09-25,743,57.6,1290,614,9856.0
TATACAP,2026-09-25,871214,58.7,1484301,45342,339.15
TATACHEM,2026-09-25,376264,33.25,1131484,24608,643.75
TATACOMM,2026-09-25,63657,50.16,126901,18926,1666.5
TATACONSUM,2026-09-25,583547,65.87,885948,29062,983.2
TATAELXSI,2026-09-25,65170,36.78,177199,23600,3186.9
TATAGOLD,2026-09-25,21558903,57.07,37775952,55161,14.62
TATAINVEST,2026-09-25,90816,33.79,268798,14205,651.6
TATAPOWER,2026-09-25,769980,44.56,1727813,24391,367.5
TATASTEEL,2026-09-25,7417410,46.68,15890667,90841,187.97
TATATECH,2026-09-25,304716,46.67,652847,28832,703.05
TATSILV,2026-09-25,11375176,40.43,28133247,36597,22.21
TATVA,2026-09-25,28727,43.14,66589,7957,1793.2
TBOTEK,2026-09-25,25239,47.82,52783,6988,1696.9
TCC,2026-09-25,76893,19.56,393062,3859,50.75
TCI,2026-09-25,296296,5.13,5770660,191367,883.7
TCIEXP,2026-09-25,11018,32.59,33811,2910,501.55
TCIFINANCE,2026-09-25,12479,81.64,15285,80,14.86
TCPLPACK,2026-09-25,2928,30.32,9656,2396,4106.8
TCS,2026-09-25,1581726,47.33,3342195,130106,2082.0
TDPOWERSYS,2026-09-25,428372,41.16,1040836,55654,751.55
TEAMGTY,2026-09-25,269,98.9,272,7,241.45
TEAMLEASE,2026-09-25,13011,34.54,37668,6108,1173.0
TECH,2026-09-25,20988,75.79,27693,203,30.92
TECHM,2026-09-25,516051,54.91,939846,35771,1548.0
TECHNOCRAF,2026-09-25,343182,25.39,1351541,31925,491.05
TECHNOE,2026-09-25,52814,50.61,104359,10039,1006.2
TECHNVISN,2026-09-25,287,73.4,391,130,4071.0
TECILCHEM,2026-09-25,123399,86.45,142745,336,8.81
TEGA,2026-09-25,101316,38.78,261282,21197,2091.6
TEJASNET,2026-09-25,271530,30.38,893736,21149,503.85
TEMBO,2026-09-25,1750756,44.09,3971032,26723,58.28
TEMPSENS,2026-09-25,471471,35.68,1321440,28553,531.05
TENNIND,2026-09-25,272739,57.8,471856,16161,515.25
TERAI,2026-09-25,301,72.71,414,33,117.86
TERASOFT,2026-09-25,16106,61.78,26068,1497,218.9
TEXINFRA,2026-09-25,46447,33.56,138397,1456,118.25
TEXMOPIPES,2026-09-25,43806,63.1,69419,1278,56.91
TEXRAIL,2026-09-25,1119842,32.13,3485269,36258,125.67
TFCILTD,2026-09-25,12584822,41.87,30056074,69590,138.31
TFL,2026-09-25,2277,62.2,3661,49,11.76
TGBHOTELS,2026-09-25,11879,82.84,14339,117,9.58
TGVSL,2026-09-25,1134788,10.93,10384184,68785,124.78
THACKER,2026-09-25,4,100.0,4,4,975.0
THAKDEV,2026-09-25,23,100.0,23,8,134.99
THANGAMAYL,2026-09-25,17312,50.96,33970,7623,5134.5
THEINVEST,2026-09-25,2338,55.1,4243,161,93.86
THEJO,2026-09-25,2677,58.4,4584,455,2185.0
THELEELA,2026-09-25,85982,59.49,144533,13562,546.15
THEMISMED,2026-09-25,28907,50.75,56963,1313,116.93
THERMAX,2026-09-25,35236,49.31,71452,14149,3447.2
THOMASCOOK,2026-09-25,97059,46.4,209188,3923,103.47
THOMASCOTT,2026-09-25,73896,46.09,160337,2720,248.65
THYROCARE,2026-09-25,76969,59.51,129345,9021,566.85
TI,2026-09-25,1082742,78.87,1372795,20436,581.7
TIGERLOGS,2026-09-25,66484,73.08,90978,726,26.33
TIIL,2026-09-25,17982,65.09,27627,4151,3003.4
TIINDIA,2026-09-25,38095,48.23,78988,10349,2511.1
TIMETECHNO,2026-09-25,438008,21.06,2079844,16243,181.22
TIMEX,2026-09-25,148908,45.07,330363,22857,732.05
TIMKEN,2026-09-25,7137,50.27,14197,4634,3206.1
TINNARUBR,2026-09-25,14226,49.34,28833,2866,978.1
TIPSFILMS,2026-09-25,13150,53.07,24778,980,341.45
TIPSMUSIC,2026-09-25,115337,47.06,245082,13820,668.95
TIRUMALCHM,2026-09-25,123712,48.93,252816,6197,160.93
TITAGARH,2026-09-25,86735,31.31,277001,15297,822.6
TITAN,2026-09-25,171981,46.65,368677,37248,4884.0
TMB,2026-09-25,59974,50.62,118477,10842,881.9
TMCV,2026-09-25,3140154,50.05,6273947,106466,441.5
TMPV,2026-09-25,11673605,51.57,22634929,151997,290.45
TNIDETF,2026-09-25,32729,53.66,60997,754,85.7
TNPETRO,2026-09-25,1101564,15.67,7029643,74431,132.93
TNPL,2026-09-25,155800,42.19,369264,7276,151.6
TNTELE,2026-09-25,55824,60.21,92723,705,9.91
TOKYOPLAST,2026-09-25,139,98.58,141,11,74.0
TOLINS,2026-09-25,35851,56.54,63412,2038,88.11
TOP100CASE,2026-09-25,285080,87.75,324865,877,10.22
TOP10ADD,2026-09-25,136735,78.66,173821,2578,83.88
TOP15IETF,2026-09-25,414629,59.82,693086,281,9.35
TOP20,2026-09-25,29814,74.63,39948,107,8.55
TORNTPHARM,2026-09-25,252493,65.31,386632,24535,4988.5
TORNTPOWER,2026-09-25,67360,55.82,120680,11405,1254.6
TOUCHWOOD,2026-09-25,2151,98.17,2191,15,60.14
TOYAMSL,2026-09-25,1342825,45.47,2953375,427,0.81
TPLPLASTEH,2026-09-25,23768,24.19,98266,1003,65.85
TRACXN,2026-09-25,52373,62.33,84028,1929,32.63
TRANSCOR,2026-09-25,2050,62.25,3293,82,24.05
TRANSRAILL,2026-09-25,177172,25.41,697224,27205,469.25
TRAVELFOOD,2026-09-25,30134,46.52,64775,8274,1213.3
TREEHOUSE,2026-09-25,19126,83.19,22991,77,6.05
TREJHARA,2026-09-25,34431,74.43,46259,1322,144.79
TREL,2026-09-25,74050,63.78,116098,4437,28.32
TRENT,2026-09-25,543013,51.47,1054993,71292,2669.3
TRF,2026-09-25,5201,75.53,6886,192,215.65
TRIDENT,2026-09-25,883364,40.28,2193149,11422,23.12
TRIGYN,2026-09-25,92397,40.93,225719,2685,56.62
TRITONV,2026-09-25,545,41.23,1322,347,1109.0
TRITURBINE,2026-09-25,106774,44.8,238357,35727,554.2
TRIVENI,2026-09-25,424572,31.46,1349570,28155,247.55
TRU,2026-09-25,34865,78.29,44534,209,4.2
TRUALT,2026-09-25,327771,74.11,442258,5566,441.9
TSFINV,2026-09-25,90146,67.42,133702,3546,456.85
TTKHLTCARE,2026-09-25,8033,66.16,12141,1225,1031.1
TTKPRESTIG,2026-09-25,12847,58.56,21938,2279,524.4
TTL,2026-09-25,123370,69.83,176663,458,7.13
TTML,2026-09-25,765782,43.13,1775354,8359,34.44
TURTLEMINT,2026-09-25,5490974,30.53,17986707,97845,87.24
TUTIALKA,2026-09-25,2623,77.95,3365,62,55.51
TVSELECT,2026-09-25,7386,42.01,17581,1297,383.3
TVSHLTD,2026-09-25,1345,44.88,2997,1453,12601.0
TVSMOTOR,2026-09-25,245514,59.69,411326,33668,4157.3
TVSSCS,2026-09-25,205837,48.9,420956,7347,130.26
TVSSRICHAK,2026-09-25,3286,31.55,10416,2673,4609.5
TVTODAY,2026-09-25,7151,62.87,11374,654,106.36
TWCGOLDETF,2026-09-25,9145,98.08,9324,140,149.99
UBL,2026-09-25,124744,74.23,168060,7613,1251.3
UCOBANK,2026-09-25,1182876,45.23,2615016,10128,23.9
UDAYJEW,2026-09-25,16061,18.74,85689,2146,162.91
UDS,2026-09-25,46215,44.67,103467,2570,207.9
UEL,2026-09-25,8847,53.97,16391,819,183.73
UFLEX,2026-09-25,39650,51.38,77164,3153,664.2
UFO,2026-09-25,18255,69.47,26279,470,59.73
UGARSUGAR,2026-09-25,1278357,9.33,13699429,62779,64.03
UGROCAP,2026-09-25,64602,71.28,90627,1074,82.02
UJJIVANSFB,2026-09-25,7496599,56.03,13378426,86721,64.71
ULTRACEMCO,2026-09-25,106237,55.58,191155,39230,11155.0
ULTRAMAR,2026-09-25,15496,53.87,28763,1784,425.3
UMESLTD,2026-09-25,14363,66.88,21477,128,4.55
UMIYA-MRO,2026-09-25,3147,49.49,6359,338,97.25
UNICHEMLAB,2026-09-25,15456,30.61,50490,2951,549.7
UNIDT,2026-09-25,85652,61.52,139221,4906,241.71
UNIECOM,2026-09-25,145461,28.29,514134,6433,83.78
UNIENTER,2026-09-25,1994,93.48,2133,57,90.1
UNIINFO,2026-09-25,1603,69.48,2307,17,10.97
UNIMECH,2026-09-25,55875,40.2,138995,17906,1665.1
UNIONBANK,2026-09-25,3393941,52.49,6466107,27211,180.2
UNIONGOLD,2026-09-25,226,47.28,478,49,147.55
UNIPARTS,2026-09-25,41208,48.14,85608,6759,847.2
UNITDSPR,2026-09-25,228593,63.07,362455,20394,1423.8
UNITECH,2026-09-25,1805516,64.51,2798979,1760,4.09
UNITEDPOLY,2026-09-25,332341,32.02,1037819,1968,46.81
UNITEDTEA,2026-09-25,2184,90.4,2416,160,425.1
UNIVCABLES,2026-09-25,24731,35.36,69934,7462,1494.0
UNOMINDA,2026-09-25,136861,50.22,272547,23575,1218.0
UPHOT,2026-09-25,8,100.0,8,2,1500.0
UPL,2026-09-25,1232257,59.6,2067628,43353,550.05
URBANCO,2026-09-25,717500,34.78,2063119,24222,168.99
URJA,2026-09-25,303667,60.3,503556,2206,8.95
USHAMART,2026-09-25,143505,35.48,404445,14401,518.8
USK,2026-09-25,20477,66.62,30738,269,19.86
UTIAMC,2026-09-25,31694,60.39,52484,7572,901.85
UTKARSHBNK,2026-09-25,1703072,42.65,3993057,4977,13.8
UTLSOLAR,2026-09-25,200538,63.52,315720,12567,422.1
UTTAMSUGAR,2026-09-25,274447,9.78,2805051,53401,293.15
V2RETAIL,2026-09-25,351267,57.34,612614,9338,214.72
VADILALIND,2026-09-25,2565,41.55,6174,2034,7534.5
VADILENT,2026-09-25,7,70.0,10,9,10265.0
VAIBHAVGBL,2026-09-25,96810,53.13,182205,4931,206.38
VAISHALI,2026-09-25,45461,84.06,54082,197,8.62
VAKRANGEE,2026-09-25,451130,34.8,1296324,2465,5.27
VAL30IETF,2026-09-25,78361,57.08,137283,421,14.85
VALIANTORG,2026-09-25,19089,62.21,30685,842,410.45
VALUE,2026-09-25,72230,99.67,72466,81,15.76
VALUEAXIS,2026-09-25,31418,68.87,45619,259,32.13
VAML,2026-09-25,3529999,59.7,5912626,82572,426.75
VARDMNPOLY,2026-09-25,65867,74.73,88139,228,5.85
VARROC,2026-09-25,38088,44.44,85714,8456,834.85
VASCONEQ,2026-09-25,1566712,23.32,6719189,24054,34.76
VASUPRADA,2026-09-25,6,100.0,6,2,99.9
VASWANI,2026-09-25,16364,75.57,21654,382,45.35
VBL,2026-09-25,3246176,60.5,5365431,39209,434.8
VEDAVAAG,2026-09-25,128747,49.19,261746,2143,23.45
VEDL,2026-09-25,1874383,49.73,3768892,41274,266.35
VEDPOWER,2026-09-25,6198973,43.44,14269362,42809,32.95
VEEDOL,2026-09-25,9197,66.12,13910,1316,1393.4
VENKEYS,2026-09-25,9452,49.1,19252,2338,1652.8
VENTIVE,2026-09-25,8364,62.87,13304,668,565.05
VENUSPIPES,2026-09-25,66310,44.73,148235,14708,2163.2
VENUSREM,2026-09-25,22292,61.87,36028,2822,1668.4
VERANDA,2026-09-25,247274,60.27,410254,7250,232.59
VERTOZ,2026-09-25,21503,80.47,26721,326,36.29
VESUVIUS,2026-09-25,31844,61.35,51904,2752,389.1
VETO,2026-09-25,219402,61.92,354342,5150,150.32
VGCL,2026-09-25,54,100.0,54,6,47.89
VGL,2026-09-25,28933,67.68,42751,529,67.28
VGUARD,2026-09-25,190481,60.72,313680,17509,304.35
VHL,2026-09-25,41,58.57,70,47,3358.1
VIDHIING,2026-09-25,8324,67.27,12374,530,345.75
VIDYAWIRES,2026-09-25,1204406,66.07,1822959,7627,90.54
VIJAYA,2026-09-25,29585,50.85,58184,12728,1513.6
VIKASECO,2026-09-25,542115,60.95,889394,866,1.04
VIKASLIFE,2026-09-25,657794,49.83,1320140,7988,1.23
VIKRAMSOLR,2026-09-25,517009,57.59,897713,9681,160.31
VIKRAN,2026-09-25,658011,25.43,2587537,15186,59.18
VIMTALABS,2026-09-25,50820,33.64,151067,8573,599.3
VINATIORGA,2026-09-25,12175,55.97,21752,3931,1206.4
VINCOFE,2026-09-25,412704,45.29,911215,14020,184.15
VINDHYATEL,2026-09-25,16932,40.36,41951,5980,2719.8
VINEETLAB,2026-09-25,35082,60.85,57655,929,34.85
VINNY,2026-09-25,111197,83.4,133335,161,0.93
VINYLINDIA,2026-09-25,1586,79.58,1993,133,219.85
VIPCLOTHNG,2026-09-25,35889,78.09,45956,239,21.63
VIPIND,2026-09-25,104576,50.08,208836,4126,301.2
VIRAT,2026-09-25,4285,54.25,7899,318,364.7
VIRINCHI,2026-09-25,29880,78.32,38149,188,13.81
VISACHROME,2026-09-25,14835,71.35,20791,384,34.54
VISAKAIND,2026-09-25,244168,69.8,349833,5177,90.98
VISHAL,2026-09-25,24877,72.25,34434,258,18.03
VISHNU,2026-09-25,36648,55.49,66047,4187,697.65
VISHWARAJ,2026-09-25,290883,43.16,673898,1130,5.48
VISL,2026-09-25,8171540,47.59,17169111,36867,32.78
VITAL,2026-09-25,7100,77.34,9180,84,53.0
VIVIANA,2026-09-25,10938,55.51,19704,1624,719.55
VIVIDHA,2026-09-25,158605,69.5,228223,145,0.53
VIVOBIOT,2026-09-25,6124,90.86,6740,54,16.79
VIYASH,2026-09-25,629160,47.45,1325870,21331,244.35
VLEGOV,2026-09-25,58784,65.83,89296,297,10.59
VLSFINANCE,2026-09-25,3917,55.92,7005,227,239.74
VMART,2026-09-25,60764,56.11,108294,9423,760.1
VMM,2026-09-25,5040188,53.72,9381538,32594,103.5
VMSTMT,2026-09-25,11182,58.83,19008,391,46.48
VOEPL,2026-09-25,34102,52.2,65331,3051,512.3
VOGL,2026-09-25,6357550,45.13,14085738,35511,34.37
VOITHPAPR,2026-09-25,339,86.26,393,103,1450.0
VOLTAMP,2026-09-25,4869,50.79,9587,4563,10709.0
VOLTAS,2026-09-25,183854,49.86,368727,15376,1118.2
VPRPL,2026-09-25,93211,41.35,225414,1188,32.5
VRAJ,2026-09-25,5430,57.89,9380,347,126.24
VRLLOG,2026-09-25,76421,64.35,118757,3997,289.7
VSSL,2026-09-25,38136,48.76,78218,3846,411.5
VSTIND,2026-09-25,61009,68.25,89396,2544,204.54
VSTL,2026-09-25,2455,69.57,3529,138,113.76
VSTTILLERS,2026-09-25,6048,40.92,14779,3137,4473.3
VTL,2026-09-25,51133,37.0,138210,8948,554.0
VTMLTD,2026-09-25,42474,58.32,72833,1548,41.53
WAAREEENER,2026-09-25,264800,42.93,616888,40284,2495.0
WAAREEINDO,2026-09-25,166175,84.63,196353,1235,230.85
WAAREERTL,2026-09-25,30149,38.84,77627,7444,832.9
WABAG,2026-09-25,110632,40.66,272100,22100,2008.4
WAKEFIT,2026-09-25,118065,22.38,527519,6825,141.35
WALCHANNAG,2026-09-25,161408,34.8,463868,9514,210.99
WANBURY,2026-09-25,54928,45.78,119977,2397,224.15
WARDINMOBI,2026-09-25,264259,61.59,429093,1069,5.57
WATERBASE,2026-09-25,5568,73.8,7545,197,45.43
WCIL,2026-09-25,45542,25.33,179760,1882,94.77
WEALTH,2026-09-25,50827,98.96,51360,163,834.95
WEBELSOLAR,2026-09-25,669069,52.8,1267143,9149,73.23
WEIZMANIND,2026-09-25,1093,66.28,1649,24,73.0
WEL,2026-09-25,218835,49.74,439933,2196,74.62
WELCORP,2026-09-25,567837,20.55,2763523,134337,2832.4
WELENT,2026-09-25,149580,52.78,283394,9579,754.5
WELSPLSOL,2026-09-25,223403,39.64,563618,3421,55.0
WELSPUNLIV,2026-09-25,1139606,39.87,2858135,34713,224.68
WENDT,2026-09-25,3301,41.81,7895,2501,8646.0
WESTLIFE,2026-09-25,338846,77.41,437736,14352,578.1
WEWIN,2026-09-25,2279,99.26,2296,48,48.26
WEWORK,2026-09-25,96939,56.99,170103,13405,652.55
WHBRADY,2026-09-25,26,74.29,35,8,491.0
WHEELS,2026-09-25,291375,47.35,615400,34288,2296.4
WHIRLPOOL,2026-09-25,1546571,5.53,27943285,575247,918.9
WILLAMAGOR,2026-09-25,3154,94.07,3353,55,22.44
WINDLAS,2026-09-25,18149,43.45,41768,4061,1102.55
WINDMACHIN,2026-09-25,11372,44.4,25613,745,299.5
WIPL,2026-09-25,222,70.7,314,28,168.46
WIPRO,2026-09-25,4782890,49.31,9700283,80693,164.02
WOCKPHARMA,2026-09-25,244845,35.49,689934,36745,2265.6
WONDERLA,2026-09-25,30941,71.18,43470,2124,510.15
WORTHPERI,2026-09-25,755,79.31,952,32,144.94
WPIL,2026-09-25,30039,46.89,64064,2746,430.4
WSI,2026-09-25,15390,68.93,22326,472,55.94
WSTCSTPAPR,2026-09-25,81539,45.51,179172,11060,731.9
XCHANGING,2026-09-25,35832,55.62,64422,1036,61.42
XELPMOC,2026-09-25,88004,68.01,129401,1129,89.5
XPROINDIA,2026-09-25,23907,52.67,45394,5319,1197.1
XTGLOBAL,2026-09-25,4104,19.84,20689,342,29.44
XTRANET,2026-09-25,292427,40.34,724833,14589,300.79
YASHO,2026-09-25,20523,44.64,45970,8733,4234.1
YATHARTH,2026-09-25,122422,40.16,304843,22963,1121.4
YATRA,2026-09-25,369145,46.19,799222,7679,103.84
YESBANK,2026-09-25,11217697,36.87,30426808,61339,22.5
YOGI,2026-09-25,3292,44.77,7353,99,161.1
YUKEN,2026-09-25,5397,45.81,11780,1341,1127.6
ZAGGLE,2026-09-25,348944,40.86,853946,9351,178.84
ZEEL,2026-09-25,2939649,33.43,8793820,39847,76.87
ZEELEARN,2026-09-25,217729,68.62,317285,661,6.94
ZEEMEDIA,2026-09-25,608792,62.79,969637,1378,7.52
ZENITHEXPO,2026-09-25,101,99.02,102,3,203.0
ZENITHSTL,2026-09-25,69276,83.57,82896,266,5.26
ZENSARTECH,2026-09-25,351736,33.51,1049624,24633,434.9
ZENTEC,2026-09-25,135613,42.53,318892,25850,1682.4
ZFCVINDIA,2026-09-25,18461,53.2,34703,9186,2354.2
ZFSTEERING,2026-09-25,1193,55.28,2158,336,750.85
ZIMLAB,2026-09-25,70126,38.98,179885,3093,138.48
ZODIAC,2026-09-25,7347,55.9,13144,815,223.04
ZODIACLOTH,2026-09-25,1489,66.89,2226,69,70.27
ZOTA,2026-09-25,11329,37.63,30110,2814,1336.6
ZSARACOM,2026-09-25,31,65.96,47,27,10307.0
ZUARI,2026-09-25,23337,34.58,67478,2612,221.1
ZUARIIND,2026-09-25,132532,58.32,227243,5202,290.2
ZYDUSLIFE,2026-09-25,836167,41.98,1991779,50760,1203.9
ZYDUSWELL,2026-09-25,23751,39.18,60614,5140,520.6
