Symbol,Date,DelivQty,DelivPct,TotalQty,Trades,Close
20MICRONS,2026-09-24,33449,50.75,65908,2566,213.87
21STCENMGM,2026-09-24,1560,49.79,3133,37,39.77
360ONE,2026-09-24,723029,53.31,1356395,42931,1080.8
3BBLACKBIO,2026-09-24,4692,67.39,6962,776,1406.0
3MINDIA,2026-09-24,615,38.25,1608,984,34590.0
3PLAND,2026-09-24,302,100.0,302,22,30.52
5PAISA,2026-09-24,15570,59.77,26049,1150,308.4
63MOONS,2026-09-24,183497,32.69,561321,25983,862.9
A2ZINFRA,2026-09-24,168527,71.16,236843,821,14.74
AAATECH,2026-09-24,10314,8.01,128773,893,91.84
AADHARHFC,2026-09-24,97212,53.09,183120,9756,446.7
AAKASH,2026-09-24,150677,52.21,288598,590,9.09
AAREYDRUGS,2026-09-24,124706,35.53,350999,1015,100.26
AARON,2026-09-24,32562,66.95,48639,959,116.68
AARTIDRUGS,2026-09-24,151805,39.13,387992,13267,437.25
AARTIIND,2026-09-24,138381,47.5,291316,11580,489.45
AARTIPHARM,2026-09-24,314068,39.24,800441,41353,934.25
AARVI,2026-09-24,7811,90.23,8657,97,135.85
AASTHA,2026-09-24,1534561,41.51,3696534,14159,80.8
AAVAS,2026-09-24,44518,50.15,88763,13280,1256.4
ABANSENT,2026-09-24,1811,83.61,2166,92,27.25
ABB,2026-09-24,64136,45.37,141360,17896,7129.0
ABBOTINDIA,2026-09-24,1858,41.33,4496,2467,26860.0
ABCAPITAL,2026-09-24,2290126,56.5,4053381,38319,390.1
ABCOTS,2026-09-24,4732,89.47,5289,130,201.58
ABDL,2026-09-24,1602964,24.32,6590774,154282,712.15
ABFRL,2026-09-24,2557825,50.43,5072424,22393,48.06
ABGSEC,2026-09-24,1019,69.56,1465,8,113.95
ABLBL,2026-09-24,516825,54.81,942973,9704,78.59
ABMKNO,2026-09-24,1091,87.07,1253,54,170.8
ABREL,2026-09-24,122928,24.55,500792,36941,1211.8
ABSL10BANK,2026-09-24,287,98.29,292,28,164.16
ABSLAMC,2026-09-24,35086,51.94,67545,9326,1024.2
ABSLBANETF,2026-09-24,69211,45.13,153368,403,57.26
ABSLLIQUID,2026-09-24,5849,99.44,5882,58,1000.01
ABSLMSCIN,2026-09-24,539,100.0,539,19,28.51
ABSLNN50ET,2026-09-24,3615,79.24,4562,185,75.26
ABSLPSE,2026-09-24,80569,65.34,123310,438,9.97
ACC,2026-09-24,58886,65.69,89640,6694,1236.1
ACCELYA,2026-09-24,3500,67.31,5200,364,1120.9
ACE,2026-09-24,127913,47.26,270648,19867,1241.0
ACEINTEG,2026-09-24,920,100.0,920,16,17.71
ACGL,2026-09-24,692,88.6,781,115,1716.5
ACI,2026-09-24,180358,41.45,435141,19172,491.4
ACL,2026-09-24,3753,82.85,4530,169,42.56
ACMESOLAR,2026-09-24,801897,51.88,1545806,40898,446.65
ACUTAAS,2026-09-24,131045,40.72,321801,39072,3283.7
ADANIENSOL,2026-09-24,971564,52.87,1837547,61657,1340.5
ADANIENT,2026-09-24,466774,43.12,1082462,53908,2900.0
ADANIGREEN,2026-09-24,1358234,57.08,2379526,44329,1280.1
ADANIPORTS,2026-09-24,1028458,64.69,1589739,76347,1785.3
ADANIPOWER,2026-09-24,9955882,49.08,20283670,96066,199.48
ADDIND,2026-09-24,109,85.16,128,22,76.99
ADFFOODS,2026-09-24,53493,62.37,85764,4028,271.65
ADL,2026-09-24,589,35.29,1669,66,69.82
ADOR,2026-09-24,14782,43.97,33616,4444,1612.9
ADROITINFO,2026-09-24,114038,66.78,170767,1225,12.73
ADSL,2026-09-24,60641,49.19,123273,2521,96.27
ADVAIT,2026-09-24,19974,57.92,34484,5154,1922.4
ADVANCE,2026-09-24,82940,41.99,197531,3233,118.67
ADVANIHOTR,2026-09-24,14728,92.5,15922,292,47.75
ADVENTHTL,2026-09-24,75978,57.08,133111,1728,127.04
ADVENZYMES,2026-09-24,105797,51.47,205547,5960,292.75
ADVIKCA,2026-09-24,141141,79.46,177622,250,0.99
AEGISLOG,2026-09-24,187517,34.24,547668,32659,1369.7
AEGISVOPAK,2026-09-24,962907,39.27,2451978,48438,289.1
AEPL,2026-09-24,10552,84.91,12427,147,16.13
AEQUS,2026-09-24,872069,45.72,1907443,41212,242.79
AEROENTER,2026-09-24,176471,35.17,501763,5875,126.86
AEROFLEX,2026-09-24,386368,30.7,1258585,32267,527.2
AERONEU,2026-09-24,71058,80.41,88367,482,80.64
AEROPLANE,2026-09-24,100524,56.64,177483,3895,201.98
AETHER,2026-09-24,50018,44.45,112531,16340,1646.2
AFCONS,2026-09-24,367375,43.47,845057,18241,253.75
AFFLE,2026-09-24,48140,48.61,99024,13610,1588.1
AFFORDABLE,2026-09-24,42524,70.23,60546,2236,177.35
AFIL,2026-09-24,409707,80.18,510964,758,8.04
AFSL,2026-09-24,535,40.56,1319,88,203.47
AGARIND,2026-09-24,17743,61.54,28830,1684,400.05
AGARWALEYE,2026-09-24,178455,50.27,355015,20414,502.1
AGI,2026-09-24,46665,50.02,93291,7750,821.35
AGIIL,2026-09-24,813035,45.36,1792301,7298,271.45
AGL,2026-09-24,993577,53.0,1874610,3614,13.68
AGRITECH,2026-09-24,1825,63.0,2897,135,95.76
AGROPHOS,2026-09-24,8576,65.25,13144,152,24.27
AHCL,2026-09-24,9218352,18.8,49040894,88604,28.65
AHLADA,2026-09-24,2477,60.08,4123,113,38.76
AHLEAST,2026-09-24,2060,68.03,3028,79,136.41
AHLUCONT,2026-09-24,23985,51.44,46626,2999,582.75
AIAENG,2026-09-24,288181,92.55,311377,12175,3953.4
AIIL,2026-09-24,79865,54.06,147739,12583,551.6
AIRAN,2026-09-24,20876,68.26,30585,432,16.58
AIROLAM,2026-09-24,2199,83.61,2630,79,88.34
AJANTPHARM,2026-09-24,16753,45.26,37012,8872,3539.5
AJAXENGG,2026-09-24,120247,8.93,1346962,26160,575.2
AJMERA,2026-09-24,154367,45.61,338485,4122,120.51
AJOONI,2026-09-24,283525,83.2,340761,512,3.18
AKASH,2026-09-24,487,82.68,589,28,24.51
AKCAPIT,2026-09-24,1187,72.07,1647,248,1729.2
AKG,2026-09-24,33051,89.57,36898,116,9.76
AKSHAR,2026-09-24,922622,58.05,1589240,270,0.41
AKUMS,2026-09-24,127049,58.05,218858,14484,817.6
ALANKIT,2026-09-24,61341,75.83,80891,447,7.91
ALBERTDAVD,2026-09-24,1448,56.63,2557,337,871.1
ALEMBICLTD,2026-09-24,563730,45.92,1227728,10655,107.18
ALFREDHE,2026-09-24,20,100.0,20,7,2786.8
ALGOQUANT,2026-09-24,349156,22.34,1563012,8877,73.37
ALICON,2026-09-24,27105,58.28,46506,2838,737.8
ALIVUS,2026-09-24,19347,49.53,39065,5802,1370.0
ALKALI,2026-09-24,31002,56.0,55361,975,96.37
ALKEM,2026-09-24,51953,31.4,165474,33662,5326.0
ALKYLAMINE,2026-09-24,11730,46.54,25203,5274,1862.5
ALLCARGO,2026-09-24,2955420,45.88,6441937,8285,10.95
ALLDIGI,2026-09-24,2749,60.75,4525,602,771.65
ALLTIME,2026-09-24,63650,42.22,150765,2874,201.03
ALMONDZ,2026-09-24,299906,66.81,448919,1223,19.86
ALOKINDS,2026-09-24,5832778,44.61,13073959,9987,7.48
ALPA,2026-09-24,39275,44.85,87569,986,59.07
ALPHA,2026-09-24,551868,63.41,870366,3406,52.82
ALPHAETF,2026-09-24,348251,60.74,573387,1478,26.03
ALPINETEX,2026-09-24,151762,52.31,290128,3323,50.65
ALPL30IETF,2026-09-24,88107,56.87,154939,905,26.8
ALUFLUOR,2026-09-24,3906,79.67,4903,410,565.8
AMAGI,2026-09-24,85145,54.64,155822,8230,562.15
AMAL,2026-09-24,8741,59.35,14729,1106,687.65
AMARJOTHI,2026-09-24,1256,99.21,1266,17,147.0
AMBER,2026-09-24,34572,39.98,86469,13748,6911.0
AMBICAAGAR,2026-09-24,24579,17.53,140237,518,25.39
AMBIKCO,2026-09-24,2369,60.25,3932,663,1556.5
AMBUJACEM,2026-09-24,388122,42.54,912389,22069,384.1
AMJLAND,2026-09-24,1147,71.02,1615,92,37.32
AMNPLST,2026-09-24,4203,58.09,7235,288,164.09
AMRUTANJAN,2026-09-24,38194,50.86,75103,3679,510.2
ANANDRATHI,2026-09-24,91176,42.82,212941,15034,2167.4
ANANTRAJ,2026-09-24,592554,34.51,1717068,31257,624.1
ANDHRAPAP,2026-09-24,252778,31.1,812860,9070,73.62
ANDHRSUGAR,2026-09-24,104650,54.3,192709,7130,92.98
ANDREWYU,2026-09-24,114014,62.98,181022,1384,26.85
ANGELONE,2026-09-24,1448136,39.53,3663688,34905,290.7
ANIKINDS,2026-09-24,4365,97.52,4476,128,43.0
ANNAPURNA,2026-09-24,25488,73.23,34805,829,131.17
ANNU,2026-09-24,468640,44.74,1047458,10223,49.8
ANSALBU,2026-09-24,8251,64.82,12729,489,94.9
ANTELOPUS,2026-09-24,98803,26.04,379382,15403,1130.95
ANTGRAPHIC,2026-09-24,77159,71.57,107802,146,0.71
ANTHEM,2026-09-24,222482,54.96,404794,26714,885.6
ANUHPHR,2026-09-24,48830,67.01,72865,1241,90.78
ANUP,2026-09-24,13868,47.63,29114,3332,1670.1
ANURAS,2026-09-24,107540,49.86,215684,14458,1177.2
AONEGOLD,2026-09-24,229990,63.27,363524,1710,13.95
AONELIQUID,2026-09-24,31019,61.01,50840,101,1078.16
AONENIFTY,2026-09-24,129777,81.34,159547,1386,9.59
AONESILVER,2026-09-24,385731,84.69,455481,1328,8.64
AONETMMQ50,2026-09-24,121951,91.37,133465,230,10.11
AONETOTAL,2026-09-24,128659,70.45,182637,1070,11.57
APARINDS,2026-09-24,20530,26.27,78141,24886,17804.0
APCL,2026-09-24,5152,77.77,6625,167,95.27
APCOTEXIND,2026-09-24,46709,43.33,107799,5748,602.85
APEX,2026-09-24,33806,52.77,64058,4032,348.9
APLAPOLLO,2026-09-24,255047,54.29,469774,28227,2184.8
APLLTD,2026-09-24,243579,68.76,354230,30166,850.0
APOLLO,2026-09-24,1337922,25.92,5160852,53814,399.05
APOLLOHOSP,2026-09-24,242630,63.33,383106,38984,8888.5
APOLLOPIPE,2026-09-24,29224,41.09,71129,3063,510.5
APOLLOTYRE,2026-09-24,203275,46.97,432811,16297,397.95
APOLSINHOT,2026-09-24,357,87.93,406,34,1217.1
APOORVA,2026-09-24,1987,79.61,2496,40,33.7
APTECHT,2026-09-24,61400,55.93,109778,1295,92.1
APTUS,2026-09-24,1083917,53.39,2030314,39006,240.92
AQYLON,2026-09-24,257044,52.52,489420,2123,18.99
ARCHIDPLY,2026-09-24,4527,76.77,5897,223,106.47
ARCHIES,2026-09-24,2626,81.15,3236,111,12.66
ARCIL,2026-09-24,2701451,28.95,9331667,103055,148.62
ARCL,2026-09-24,4538,76.1,5963,169,256.85
ARDEE,2026-09-24,1346759,43.56,3091839,15564,49.62
ARE&M,2026-09-24,159337,52.65,302626,20478,795.4
ARENTERP,2026-09-24,178,63.12,282,17,34.77
ARFIN,2026-09-24,137939,12.15,1135122,4210,89.42
ARIHANT,2026-09-24,4096,80.53,5086,251,890.4
ARIHANTCAP,2026-09-24,291822,37.45,779218,7822,91.95
ARIHANTSUP,2026-09-24,5407,86.9,6222,126,243.1
ARIS,2026-09-24,353564,46.07,767528,12439,141.92
ARKADE,2026-09-24,58944,31.63,186335,2682,124.73
ARMANFIN,2026-09-24,21238,53.55,39659,6959,1897.5
AROGRANITE,2026-09-24,999,71.51,1397,36,23.97
ARROWGREEN,2026-09-24,15861,51.74,30653,2962,895.95
ARSSBL,2026-09-24,79690,57.02,139770,4185,497.45
ARTEMISMED,2026-09-24,107355,50.49,212640,7759,332.7
ARTNIRMAN,2026-09-24,209,66.14,316,15,39.97
ARVEE,2026-09-24,12547,45.72,27441,804,224.25
ARVIND,2026-09-24,407686,39.36,1035806,38554,565.7
ARVINDFASN,2026-09-24,58945,52.36,112586,9710,414.25
ARVSMART,2026-09-24,48660,28.84,168728,6906,622.75
ARYAMAN,2026-09-24,885,100.0,885,4,615.0
ASAHIINDIA,2026-09-24,59621,32.83,181631,15649,965.4
ASAL,2026-09-24,5770,68.74,8394,545,441.7
ASALCBR,2026-09-24,11067,52.92,20912,2967,651.0
ASHAPURMIN,2026-09-24,225387,51.0,441922,16178,510.75
ASHIANA,2026-09-24,12946,42.95,30140,1603,388.5
ASHIMASYN,2026-09-24,39179,74.2,52805,250,15.8
ASHOKA,2026-09-24,188994,48.31,391179,4753,113.05
ASHOKAMET,2026-09-24,89165,62.13,143518,696,15.68
ASHOKLEY,2026-09-24,3893684,47.84,8138134,102700,157.3
ASIANENE,2026-09-24,127838,50.56,252857,9357,474.65
ASIANHOTNR,2026-09-24,3353,58.6,5722,323,389.5
ASIANPAINT,2026-09-24,136443,52.56,259577,35870,2392.7
ASIANTILES,2026-09-24,1257679,44.11,2851492,6261,50.35
ASIANTNE,2026-09-24,3180,88.51,3593,59,9.19
ASKAUTOLTD,2026-09-24,102387,50.8,201541,12671,642.75
ASMS,2026-09-24,153334,76.24,201114,703,6.41
ASPINWALL,2026-09-24,6505,93.76,6938,73,258.95
ASTAR,2026-09-24,506,70.97,713,103,679.25
ASTEC,2026-09-24,20393,30.43,67021,4232,728.8
ASTERDM,2026-09-24,881656,56.7,1555012,58922,768.65
ASTRAL,2026-09-24,334731,62.08,539189,35939,1392.0
ASTRAMICRO,2026-09-24,113148,50.18,225496,11263,1596.2
ASTRAZEN,2026-09-24,2113,44.41,4758,1399,6591.0
ATALREAL,2026-09-24,2081237,36.65,5678874,3008,14.6
ATAM,2026-09-24,3971,53.32,7448,308,58.08
ATGL,2026-09-24,183647,28.96,634187,18041,612.4
ATHERENERG,2026-09-24,843587,25.75,3276318,83694,1499.0
ATL,2026-09-24,174062,59.18,294106,1741,25.18
ATLANTAA,2026-09-24,5695,81.67,6973,201,35.65
ATLANTAELE,2026-09-24,68572,63.86,107385,8831,1587.2
ATLASCYCLE,2026-09-24,5381,60.3,8923,256,97.89
ATUL,2026-09-24,13893,60.68,22896,7084,6135.5
ATULAUTO,2026-09-24,26244,53.81,48768,3004,447.55
AUBANK,2026-09-24,1737714,50.39,3448868,85022,1000.1
AUGMONT,2026-09-24,138459,30.86,448654,21756,864.1
AURIONPRO,2026-09-24,56436,48.95,115289,6713,682.55
AUROPHARMA,2026-09-24,370956,45.25,819753,37170,1716.0
AURUM,2026-09-24,41158,61.04,67430,1263,220.22
AURUS,2026-09-24,11171,65.58,17035,117,4.63
AUSOMENT,2026-09-24,6974,86.06,8104,352,145.66
AUSTENG,2026-09-24,23510,70.67,33265,607,169.04
AUTOAXLES,2026-09-24,2430,52.57,4622,513,1683.6
AUTOBEES,2026-09-24,128234,71.27,179921,3203,277.2
AUTOIETF,2026-09-24,823258,79.79,1031747,2648,27.7
AUTOIND,2026-09-24,500319,65.1,768484,5127,84.32
AVADHSUGAR,2026-09-24,17625,52.3,33701,2879,724.1
AVALON,2026-09-24,157827,42.26,373474,37572,2316.1
AVANCE,2026-09-24,2248347,51.92,4330582,1295,0.8
AVANTEL,2026-09-24,1759159,9.04,19469119,149839,155.34
AVANTIFEED,2026-09-24,83109,51.62,161012,11162,749.75
AVL,2026-09-24,34861,41.96,83082,6917,628.05
AVONMORE,2026-09-24,135947,77.86,174612,575,13.1
AVROIND,2026-09-24,98150,73.97,132690,559,7.08
AVTNPL,2026-09-24,210269,50.2,418880,4752,92.93
AWFIS,2026-09-24,347357,48.4,717703,13843,262.4
AWHCL,2026-09-24,36017,37.23,96746,5220,381.05
AWL,2026-09-24,1042305,32.95,3163547,36792,184.69
AXISBANK,2026-09-24,5862610,53.83,10890660,206284,1186.5
AXISCADES,2026-09-24,62144,52.38,118651,12283,1923.1
AXITA,2026-09-24,206699,15.73,1313832,1022,8.0
AXTEL,2026-09-24,1414,72.07,1962,239,442.3
AYE,2026-09-24,698770,53.48,1306567,22831,171.99
AYMSYNTEX,2026-09-24,27385,58.19,47064,3242,285.4
AZAD,2026-09-24,74815,38.54,194120,19434,2678.3
AZADIND,2026-09-24,7411,18.56,39928,1630,83.77
BAGFILMS,2026-09-24,35060,81.13,43213,129,4.29
BAIDFIN,2026-09-24,32859,81.86,40141,322,10.45
BAJAJ-AUTO,2026-09-24,42018,39.36,106766,18532,11208.0
BAJAJCON,2026-09-24,288365,53.13,542706,19304,501.7
BAJAJELEC,2026-09-24,54380,63.37,85820,3521,321.45
BAJAJFINSV,2026-09-24,817714,53.8,1520045,87450,1762.3
BAJAJHCARE,2026-09-24,136101,43.85,310385,10570,350.15
BAJAJHFL,2026-09-24,2455459,53.62,4579123,28771,82.96
BAJAJHIND,2026-09-24,3206262,33.75,9500176,13849,19.9
BAJAJHLDNG,2026-09-24,26513,60.7,43678,11998,10917.0
BAJAJINDEF,2026-09-24,7466,67.07,11131,392,218.37
BAJAJST,2026-09-24,2204,69.86,3155,234,347.0
BAJEL,2026-09-24,57344,49.97,114747,2868,172.11
BAJFINANCE,2026-09-24,7008277,52.36,13385656,226906,982.0
BALAJEE,2026-09-24,26018,67.85,38348,269,25.38
BALAJITELE,2026-09-24,80478,46.27,173922,2515,93.82
BALAMINES,2026-09-24,58006,31.74,182755,19094,2226.0
BALAXI,2026-09-24,18391,90.26,20375,183,22.73
BALKRISHNA,2026-09-24,2864,59.23,4835,153,15.9
BALKRISIND,2026-09-24,27532,55.23,49847,9483,2167.8
BALMLAWRIE,2026-09-24,64678,52.22,123861,2480,164.25
BALPHARMA,2026-09-24,20296,54.18,37460,959,105.02
BALRAMCHIN,2026-09-24,182830,31.61,578395,15573,659.4
BALUFORGE,2026-09-24,134651,42.14,319506,11038,498.1
BANARBEADS,2026-09-24,4645,58.32,7965,197,115.86
BANARISUG,2026-09-24,448,81.45,550,106,3306.5
BANCOINDIA,2026-09-24,27538,50.51,54525,6621,602.35
BANDHANBNK,2026-09-24,7583944,39.29,19300035,81476,182.9
BANG,2026-09-24,8507,78.52,10834,146,31.61
BANK10ADD,2026-09-24,42227,36.26,116459,296,16.53
BANK10BETF,2026-09-24,4191,61.84,6777,47,20.17
BANKA,2026-09-24,51,100.0,51,5,76.5
BANKADD,2026-09-24,22488,67.58,33277,186,56.9
BANKBARODA,2026-09-24,1621954,43.24,3751372,30881,234.3
BANKBEES,2026-09-24,504947,62.62,806404,15203,575.88
BANKBETA,2026-09-24,84948,55.92,151910,706,57.5
BANKBETF,2026-09-24,14454,64.2,22513,320,56.52
BANKETF,2026-09-24,20182,54.77,36849,564,566.53
BANKIETF,2026-09-24,283088,61.05,463705,2758,57.06
BANKINDIA,2026-09-24,1699588,46.28,3672188,22847,137.76
BANKNIFTY1,2026-09-24,786383,78.27,1004664,2126,57.55
BANKPSU,2026-09-24,1907,46.16,4131,98,83.44
BANSALWIRE,2026-09-24,117879,52.69,223728,6301,323.35
BANSWRAS,2026-09-24,41257,40.44,102020,1547,109.34
BASF,2026-09-24,7006,52.48,13349,3045,3523.9
BATAINDIA,2026-09-24,54407,60.68,89666,8087,627.0
BATLIBOI,2026-09-24,11767,63.29,18593,713,83.77
BAYERCROP,2026-09-24,10052,50.22,20014,5980,3736.3
BBETF0432,2026-09-24,527,84.86,621,38,1335.53
BBL,2026-09-24,7879,55.25,14261,2487,2203.1
BBNPNBETF,2026-09-24,941,82.54,1140,32,55.87
BBNPPGOLD,2026-09-24,1937,10.01,19352,73,144.9
BBOX,2026-09-24,133003,47.15,282103,17746,795.4
BBTC,2026-09-24,13790,38.14,36159,3726,1437.4
BBTCL,2026-09-24,3485,63.93,5451,372,229.17
BCG,2026-09-24,2239382,55.24,4054174,6024,9.46
BCLIND,2026-09-24,182264,42.58,428082,2399,33.48
BCONCEPTS,2026-09-24,4460,75.59,5900,230,151.32
BCPL,2026-09-24,10902,41.48,26282,470,68.4
BDL,2026-09-24,400911,19.89,2015425,52373,1155.0
BEARDSELL,2026-09-24,14527,79.32,18314,222,24.11
BECTORFOOD,2026-09-24,252179,46.65,540566,15327,215.68
BEDMUTHA,2026-09-24,377,71.54,527,29,103.05
BEEKAY,2026-09-24,717,96.24,745,64,426.4
BEL,2026-09-24,2933274,50.22,5841116,81361,392.0
BELLACASA,2026-09-24,6103,43.5,14031,1151,272.34
BELRISE,2026-09-24,1469762,52.34,2808239,38629,243.63
BEML,2026-09-24,78104,40.35,193556,15937,2044.4
BENARAS,2026-09-24,73,87.95,83,26,10299.0
BENGALASM,2026-09-24,120,84.51,142,31,6126.0
BEPL,2026-09-24,398274,40.02,995288,8858,127.09
BERGEPAINT,2026-09-24,429819,64.0,671583,19615,449.4
BESTAGRO,2026-09-24,203973,50.96,400243,1422,18.19
BETA,2026-09-24,9372,58.04,16148,2701,2093.4
BFINVEST,2026-09-24,8037,59.8,13440,750,439.55
BFSI,2026-09-24,654554,95.91,682471,1707,26.04
BFUTILITIE,2026-09-24,14812,45.45,32590,1473,525.45
BHAGCHEM,2026-09-24,69910,67.13,104144,1448,244.85
BHAGERIA,2026-09-24,126343,51.92,243343,4949,359.65
BHAGYANGR,2026-09-24,68506,49.71,137809,6007,432.3
BHANDARI,2026-09-24,47243,77.43,61014,187,2.93
BHARATCOAL,2026-09-24,1954147,53.74,3636614,13702,32.13
BHARATFORG,2026-09-24,729458,58.42,1248669,57656,1998.9
BHARATRAS,2026-09-24,6287,56.98,11034,1271,1114.0
BHARATSE,2026-09-24,29298,38.96,75195,3886,217.55
BHARATWIRE,2026-09-24,72372,60.37,119874,3039,165.34
BHARTIARTL,2026-09-24,3225848,70.63,4567379,113401,1795.8
BHARTIHEXA,2026-09-24,14301,51.37,27837,6153,1507.2
BHEL,2026-09-24,2423131,44.26,5474876,54114,415.35
BIGBLOC,2026-09-24,18619,81.34,22890,390,40.56
BIKAJI,2026-09-24,49495,33.75,146636,9250,575.2
BIL,2026-09-24,6141,71.88,8544,600,1010.25
BIMETAL,2026-09-24,124,90.51,137,18,659.1
BIOCON,2026-09-24,886323,51.88,1708424,32800,387.0
BIOFILCHEM,2026-09-24,7751,78.36,9891,165,32.33
BIRLACABLE,2026-09-24,203999,54.96,371183,7719,345.2
BIRLACORPN,2026-09-24,27519,45.65,60283,5490,840.9
BIRLAMONEY,2026-09-24,8265,51.56,16031,646,118.66
BIRLANU,2026-09-24,5092,56.16,9067,1264,1421.3
BLACKBUCK,2026-09-24,265496,54.99,482807,24675,592.95
BLAL,2026-09-24,10608,62.97,16847,651,162.83
BLBLIMITED,2026-09-24,123781,77.52,159672,610,17.12
BLEL,2026-09-24,241177,39.43,611687,17736,447.3
BLIL,2026-09-24,43871,88.15,49766,1739,66.73
BLKASHYAP,2026-09-24,89298,54.96,162477,1468,52.85
BLS,2026-09-24,531134,54.23,979443,16752,223.9
BLSE,2026-09-24,120514,34.77,346574,7879,326.7
BLUECLOUDS,2026-09-24,976729,41.66,2344649,6131,20.06
BLUECOAST,2026-09-24,603,83.29,724,28,20.72
BLUEDART,2026-09-24,1879,42.36,4436,1630,4793.0
BLUEJET,2026-09-24,207980,53.01,392347,16804,573.45
BLUESTARCO,2026-09-24,61003,29.8,204703,18001,1525.0
BLUESTONE,2026-09-24,2177894,32.04,6798097,87771,807.15
BLUSPRING,2026-09-24,542062,33.91,1598336,18985,140.56
BMWVENTLTD,2026-09-24,65423,58.16,112493,1593,52.23
BNAGROCHEM,2026-09-24,576,89.16,646,48,207.99
BNKETFAXIS,2026-09-24,747,67.0,1115,55,573.8
BODALCHEM,2026-09-24,951010,41.37,2298596,15566,195.08
BOHRAIND,2026-09-24,27872,77.24,36086,112,14.93
BOMDYEING,2026-09-24,155695,39.36,395572,3914,109.63
BONLON,2026-09-24,18720,42.58,43963,355,41.32
BORANA,2026-09-24,34146,64.41,53011,1147,291.0
BOROLTD,2026-09-24,137887,51.44,268071,4941,259.31
BORORENEW,2026-09-24,120230,48.52,247809,10951,459.75
BOROSCI,2026-09-24,76790,56.14,136780,1640,115.77
BOSCH-HCIL,2026-09-24,10247,56.89,18011,2184,1730.0
BOSCHLTD,2026-09-24,5105,34.96,14604,7038,47750.0
BPCL,2026-09-24,1717816,53.26,3225066,25125,307.1
BPL,2026-09-24,25411,64.81,39207,683,44.85
BPLPHARMA,2026-09-24,2242,78.5,2856,307,1581.7
BRAHMINFRA,2026-09-24,16757,89.96,18627,171,153.13
BRIGADE,2026-09-24,90125,49.66,181473,11673,606.2
BRIGHOTEL,2026-09-24,104734,65.74,159327,3408,56.11
BRIGHTBR,2026-09-24,5193,78.85,6586,124,240.5
BRITANNIA,2026-09-24,107204,58.1,184523,15766,4895.0
BRNL,2026-09-24,8190,77.76,10532,174,16.71
BROOKS,2026-09-24,14453,53.74,26893,400,59.4
BSE,2026-09-24,2137238,37.76,5659943,217553,3183.8
BSE500IETF,2026-09-24,1390161,89.53,1552777,1086,38.29
BSHSL,2026-09-24,1507,55.79,2701,128,87.16
BSL,2026-09-24,3052,76.53,3988,114,120.9
BSLGOLDETF,2026-09-24,2010307,96.87,2075169,2250,131.48
BSLNIFTY,2026-09-24,607856,66.81,909838,5239,27.15
BSLSENETFG,2026-09-24,7690,83.06,9258,118,74.42
BSOFT,2026-09-24,310211,46.04,673742,18108,277.7
BTML,2026-09-24,95937,77.96,123057,478,6.97
BUILDPRO,2026-09-24,164067,84.4,194395,5509,1272.6
BUTTERFLY,2026-09-24,7631,55.09,13853,783,568.3
BVCL,2026-09-24,2597,85.15,3050,100,41.18
BYKE,2026-09-24,12753,73.54,17342,204,30.05
CAMLINFINE,2026-09-24,202112,61.09,330848,4071,97.25
CAMPUS,2026-09-24,202612,54.44,372182,12292,210.95
CAMS,2026-09-24,493479,49.85,989945,57003,710.6
CANBK,2026-09-24,3384210,37.14,9112129,46491,125.9
CANFINHOME,2026-09-24,131387,58.61,224170,15269,743.15
CANHLIFE,2026-09-24,1818884,39.91,4556970,65833,151.51
CANTABIL,2026-09-24,63280,60.82,104044,1392,238.52
CAPACITE,2026-09-24,109645,54.17,202408,3450,192.57
CAPILLARY,2026-09-24,276457,35.44,780150,25440,567.55
CAPITALSFB,2026-09-24,31786,67.05,47408,1171,280.55
CAPLIPOINT,2026-09-24,133002,10.71,1241321,111301,2867.4
CARBORUNIV,2026-09-24,450686,12.77,3529279,166670,1296.5
CARERATING,2026-09-24,15941,71.98,22146,4556,1616.8
CARRARO,2026-09-24,43542,53.05,82085,5205,550.05
CARTRADE,2026-09-24,99841,26.69,374113,39363,3004.8
CARYSIL,2026-09-24,43281,55.11,78532,6092,1047.9
CASHIETF,2026-09-24,235379,86.5,272120,128,1080.84
CASTROLIND,2026-09-24,1427383,61.35,2326661,31416,194.8
CCAVENUE,2026-09-24,3585535,39.26,9133232,12187,15.99
CCCL,2026-09-24,98695,78.48,125757,580,13.31
CCHHL,2026-09-24,43022,74.33,57882,483,13.49
CCL,2026-09-24,53427,46.59,114687,16234,1039.5
CDSL,2026-09-24,568349,46.12,1232299,41854,1320.0
CEATLTD,2026-09-24,12309,40.98,30034,6340,3353.8
CEIGALL,2026-09-24,75864,49.03,154717,4726,382.55
CEINSYS,2026-09-24,24258,49.23,49272,3136,695.5
CELEBRITY,2026-09-24,38860,62.83,61846,312,6.56
CELLO,2026-09-24,512500,22.63,2264566,58143,339.8
CEMNTGROWW,2026-09-24,38723,70.25,55125,320,14.14
CEMPRO,2026-09-24,104690,60.19,173946,11555,1268.5
CENTENKA,2026-09-24,11111,58.6,18962,1666,567.55
CENTEXT,2026-09-24,62643,65.57,95536,464,18.82
CENTRALBK,2026-09-24,1819848,62.78,2898783,10418,31.19
CENTRUM,2026-09-24,210432,81.75,257403,508,21.06
CENTUM,2026-09-24,25482,27.88,91384,17695,4837.6
CENTURYPLY,2026-09-24,89387,67.45,132522,9357,694.25
CERA,2026-09-24,1457,53.59,2719,978,5492.5
CESC,2026-09-24,799119,65.54,1219300,21126,139.89
CEWATER,2026-09-24,17970,40.18,44723,2126,268.75
CGCL,2026-09-24,613797,34.5,1779349,23059,259.4
CGPOWER,2026-09-24,649925,48.49,1340393,33370,886.7
CGVAK,2026-09-24,1892,73.62,2570,121,148.11
CHALET,2026-09-24,40124,30.97,129562,15734,894.9
CHAMBLFERT,2026-09-24,133117,49.4,269494,11248,418.2
CHEMBOND,2026-09-24,5159,74.48,6927,371,191.59
CHEMCRUX,2026-09-24,2818,87.62,3216,107,78.61
CHEMFAB,2026-09-24,3324,63.53,5232,278,358.2
CHEMICAL,2026-09-24,109787,71.34,153885,1256,29.13
CHEMPLASTS,2026-09-24,94943,41.03,231387,5292,192.65
CHENNPETRO,2026-09-24,328467,37.62,873065,41730,1372.7
CHEVIOT,2026-09-24,425,72.28,588,99,1166.6
CHOICEGOLD,2026-09-24,1132,3.44,32937,241,148.1
CHOICEIN,2026-09-24,42600,23.83,178798,5460,749.5
CHOLAFIN,2026-09-24,1893180,45.59,4152387,95022,1681.7
CHOLAHLDNG,2026-09-24,258223,62.1,415789,35328,1432.6
CIEINDIA,2026-09-24,92808,45.55,203748,12837,388.95
CIFL,2026-09-24,152428,67.96,224279,1674,21.76
CINELINE,2026-09-24,11373,63.19,17998,441,89.17
CINEVISTA,2026-09-24,12768,60.61,21066,95,14.11
CIPLA,2026-09-24,499273,31.58,1580784,52856,1399.0
CLEAN,2026-09-24,118274,53.47,221209,11637,815.45
CLEANMAX,2026-09-24,111261,38.92,285889,25232,1385.2
CLEDUCATE,2026-09-24,5077,89.91,5647,77,55.07
CLSEL,2026-09-24,14482,41.97,34504,1466,292.4
CMLL,2026-09-24,251139,41.82,600592,24034,506.25
CMPDI,2026-09-24,468276,50.49,927444,12229,206.71
CMRGREEN,2026-09-24,219323,53.25,411849,12952,220.72
CMSINFO,2026-09-24,333618,64.59,516478,9131,232.32
CNL,2026-09-24,5742,56.33,10193,1405,1106.9
COALINDIA,2026-09-24,2197015,61.61,3565762,51623,422.0
COASTCORP,2026-09-24,18894,71.86,26291,365,37.68
COCHINSHIP,2026-09-24,152368,27.33,557426,21904,1370.0
COCKERILL,2026-09-24,2316,54.87,4221,1167,7955.5
COFFEEDAY,2026-09-24,245625,61.22,401197,1478,30.7
COFORGE,2026-09-24,464584,41.34,1123720,52686,1785.9
COHANCE,2026-09-24,124496,35.57,349978,14504,454.15
COLPAL,2026-09-24,239512,64.03,374034,20862,1854.8
COMFINTE,2026-09-24,111020,79.46,139714,364,5.69
COMMOIETF,2026-09-24,38547,78.6,49039,1801,96.98
COMPEAU,2026-09-24,243,88.04,276,12,365.0
COMPUSOFT,2026-09-24,20254,67.72,29910,186,13.3
COMSYN,2026-09-24,122219,37.4,326769,6272,292.5
CONCOR,2026-09-24,1386980,46.97,2952951,30509,466.3
CONCORDBIO,2026-09-24,139543,43.91,317814,38984,1478.8
CONFIPET,2026-09-24,1097356,43.34,2532139,27428,86.29
CONS,2026-09-24,12990,97.9,13268,166,11.73
CONSUMAXIS,2026-09-24,173,20.87,829,25,117.33
CONSUMBEES,2026-09-24,24411,59.72,40878,1112,127.1
CONSUMER,2026-09-24,139055,82.8,167936,705,11.63
CONSUMIETF,2026-09-24,3109,31.72,9801,272,118.21
CONTROLPR,2026-09-24,7485,51.14,14635,1017,584.65
CORALFINAC,2026-09-24,8819,56.85,15514,104,31.29
CORDELIA,2026-09-24,524660,55.48,945738,8991,107.97
CORDSCABLE,2026-09-24,46865,50.42,92945,5488,366.75
COROMANDEL,2026-09-24,330837,89.8,368429,9865,1942.5
CORONA,2026-09-24,36949,81.34,45427,2747,2111.0
COSMOFIRST,2026-09-24,13610,45.55,29882,2267,857.25
CPCAP,2026-09-24,14365,57.91,24807,1276,154.6
CPEDU,2026-09-24,1453,85.62,1697,46,179.17
CPL,2026-09-24,19397,83.21,23312,232,62.54
CPPLUS,2026-09-24,189984,59.64,318527,29371,3800.1
CPSEETF,2026-09-24,539485,70.38,766534,5459,92.72
CRAFTSMAN,2026-09-24,27132,53.73,50498,19003,10710.0
CRAMC,2026-09-24,178248,55.27,322477,6332,228.8
CRAVATEX,2026-09-24,8560,59.4,14410,637,361.45
CREATIVEYE,2026-09-24,25532,67.88,37615,242,6.26
CREDITACC,2026-09-24,58201,37.9,153580,13538,1315.1
CREST,2026-09-24,1308,88.02,1486,48,364.15
CRESTO,2026-09-24,290629,58.68,495249,1759,24.13
CRISIL,2026-09-24,8342,59.37,14052,4380,4503.5
CRIZAC,2026-09-24,286262,25.91,1104991,14988,186.1
CROMPTON,2026-09-24,638329,37.66,1694754,21276,219.8
CROWN,2026-09-24,26329,53.32,49383,1128,117.94
CSBBANK,2026-09-24,127718,36.72,347821,14321,333.75
CSLFINANCE,2026-09-24,44399,66.97,66295,1368,211.73
CSM,2026-09-24,113294,46.64,242909,2419,101.57
CUB,2026-09-24,2014975,54.76,3679351,45327,220.52
CUBEXTUB,2026-09-24,510656,63.23,807577,2801,138.4
CUMMINSIND,2026-09-24,94115,57.26,164357,18224,4973.0
CUPID,2026-09-24,8691978,28.07,30961528,178082,266.3
CYIENT,2026-09-24,76856,34.07,225594,23956,1057.8
CYIENTDLM,2026-09-24,132001,42.42,311196,23257,912.7
DABUR,2026-09-24,492987,58.96,836163,25185,385.7
DALBHARAT,2026-09-24,9848,53.65,18355,3884,1721.2
DALMIASUG,2026-09-24,38087,34.61,110048,4885,399.5
DAMCAPITAL,2026-09-24,79899,50.69,157626,2966,137.2
DANGEE,2026-09-24,7473934,98.85,7561092,305,2.97
DATAMATICS,2026-09-24,30326,64.33,47138,1922,783.95
DATAPATTNS,2026-09-24,72817,25.01,291150,31422,4395.5
DAVANGERE,2026-09-24,3363395,60.93,5520097,1899,2.19
DBCORP,2026-09-24,32063,62.71,51129,2168,180.31
DBEIL,2026-09-24,143510,70.53,203483,949,6.64
DBL,2026-09-24,38455,47.56,80854,3569,412.6
DBOL,2026-09-24,61630,59.42,103725,2029,113.2
DBREALTY,2026-09-24,1438157,57.41,2505139,13894,100.22
DCAL,2026-09-24,69242,57.59,120226,2942,168.19
DCBBANK,2026-09-24,1442325,50.37,2863570,34466,213.35
DCI,2026-09-24,261098,17.67,1477566,32547,302.4
DCM,2026-09-24,13405,95.61,14020,102,75.07
DCMFINSERV,2026-09-24,1958,88.64,2209,57,4.99
DCMNVL,2026-09-24,2042,82.97,2461,85,178.64
DCMSHRIRAM,2026-09-24,18286,59.23,30872,5267,975.6
DCMSIL,2026-09-24,201972,50.93,396594,2510,85.2
DCMSRIND,2026-09-24,43160,67.96,63506,812,37.88
DCW,2026-09-24,853985,45.25,1887262,12053,48.36
DCXINDIA,2026-09-24,128862,50.55,254929,5114,162.28
DDEVPLSTIK,2026-09-24,26935,59.09,45580,1939,257.75
DECCANCE,2026-09-24,5288,56.89,9295,796,555.95
DECNGOLD,2026-09-24,582134,54.8,1062301,16657,214.51
DEEDEV,2026-09-24,74879,59.07,126760,6814,675.6
DEEPA,2026-09-24,605107,29.51,2050357,22399,194.18
DEEPAKFERT,2026-09-24,69705,46.47,150002,13758,1361.4
DEEPAKNTR,2026-09-24,47278,52.16,90646,12049,1600.9
DEEPINDS,2026-09-24,141278,44.05,320720,15850,766.0
DEFENCE,2026-09-24,92932,68.21,136239,986,78.32
DELHIVERY,2026-09-24,2558356,61.05,4190544,34042,426.3
DELTACORP,2026-09-24,5759870,20.35,28302261,112720,72.68
DELTAMAGNT,2026-09-24,1975,60.03,3290,93,54.45
DEN,2026-09-24,182998,67.81,269872,1312,26.52
DENORA,2026-09-24,981,71.35,1375,293,783.9
DENTA,2026-09-24,41860,49.86,83961,2176,270.1
DEVIT,2026-09-24,84341,83.03,101583,677,22.59
DEVX,2026-09-24,128807,80.27,160466,759,36.13
DEVYANI,2026-09-24,330288,34.28,963555,11195,137.5
DGCONTENT,2026-09-24,18641,80.12,23265,228,23.77
DHAMPURSUG,2026-09-24,134512,48.27,278678,6719,164.64
DHANBANK,2026-09-24,185955,51.46,361353,1678,29.68
DHANUKA,2026-09-24,8382,58.47,14336,1399,967.6
DHARMAJ,2026-09-24,33451,65.16,51334,1838,300.55
DHATRE,2026-09-24,19675,82.64,23807,116,4.23
DHOOTTRANS,2026-09-24,299085,22.71,1317047,60780,1587.6
DHRUV,2026-09-24,4604,96.18,4787,64,20.94
DHUNINV,2026-09-24,514,72.39,710,89,991.2
DIAMINESQ,2026-09-24,2057,72.69,2830,141,246.84
DIAMONDYD,2026-09-24,4737,55.76,8496,798,1065.3
DICIND,2026-09-24,3335,75.4,4423,263,647.75
DIFFNKG,2026-09-24,44198,50.52,87483,4161,427.25
DIGIDRIVE,2026-09-24,10725,83.42,12856,145,17.88
DIGISPICE,2026-09-24,38785,59.26,65448,259,16.21
DIGITIDE,2026-09-24,91166,59.66,152820,2305,79.76
DISAQ,2026-09-24,33,49.25,67,41,12008.0
DISHTV,2026-09-24,1341816,88.85,1510220,1415,2.43
DIVGIITTS,2026-09-24,29155,49.71,58655,6193,1156.6
DIVIDEND,2026-09-24,5365,84.98,6313,68,34.71
DIVISLAB,2026-09-24,392486,58.87,666667,70605,9602.0
DIVOPPBEES,2026-09-24,23644,61.13,38679,772,74.43
DIXON,2026-09-24,67061,36.22,185172,31814,13299.0
DJML,2026-09-24,29112,33.97,85690,937,74.44
DLF,2026-09-24,2822910,55.63,5074007,51326,670.4
DLINKINDIA,2026-09-24,29875,56.86,52544,2579,418.9
DMART,2026-09-24,275476,64.1,429727,21457,3787.5
DMCC,2026-09-24,77573,31.44,246754,6653,295.05
DNAMEDIA,2026-09-24,21615,91.54,23613,70,2.48
DODLA,2026-09-24,7184,57.2,12559,1847,1045.7
DOLATALGO,2026-09-24,76368,63.48,120296,1698,66.7
DOLLAR,2026-09-24,24447,48.87,50023,2092,269.5
DOLLEX,2026-09-24,30448,81.75,37243,198,37.0
DOLPHIN,2026-09-24,25770,42.79,60219,4237,685.3
DOMS,2026-09-24,6458,48.5,13316,3132,2109.0
DONEAR,2026-09-24,13763,89.77,15332,256,82.22
DPABHUSHAN,2026-09-24,12924,56.65,22814,1866,1405.6
DRAGARWQ,2026-09-24,4598,82.14,5598,681,5159.0
DRCSYSTEMS,2026-09-24,30396,49.51,61393,478,12.55
DREAMFOLKS,2026-09-24,26143,65.96,39635,980,64.13
DREDGECORP,2026-09-24,25232,56.27,44839,3331,996.5
DRREDDY,2026-09-24,1084475,65.03,1667696,48822,1200.4
DSFCL,2026-09-24,121049,73.51,164659,1024,31.58
DSSL,2026-09-24,15487,68.36,22654,1808,1022.1
DUCON,2026-09-24,5271454,56.33,9358405,1944,1.64
DVL,2026-09-24,13625,76.13,17896,634,293.8
DWARKESH,2026-09-24,344867,37.12,929163,5144,40.74
DYCL,2026-09-24,237045,37.82,626764,21170,473.2
DYNAMATECH,2026-09-24,10770,44.97,23951,9990,12551.0
DYNPRO,2026-09-24,6085,82.22,7401,205,232.85
EASEMYTRIP,2026-09-24,4751512,50.7,9371481,5910,5.8
EASTWEST,2026-09-24,20012,60.93,32844,130,2.36
EBANK10,2026-09-24,478,81.99,583,24,16.58
EBANKNIFTY,2026-09-24,5271,48.45,10879,61,55.89
EBBETF0430,2026-09-24,13615,91.31,14910,249,1603.95
EBBETF0431,2026-09-24,2550,73.17,3485,61,1430.1
EBBETF0433,2026-09-24,1846,59.32,3112,133,1301.38
EBGNG,2026-09-24,361705,46.46,778533,35510,676.65
ECAPINSURE,2026-09-24,111202,89.98,123588,403,23.43
ECLERX,2026-09-24,30242,47.87,63177,9952,1890.1
ECORECO,2026-09-24,4008,55.41,7233,766,419.25
ECOSMOBLTY,2026-09-24,20905,63.24,33055,957,108.04
EDELWEISS,2026-09-24,2382907,42.66,5585348,33723,139.01
EFCIL,2026-09-24,97871,58.39,167623,3694,181.2
EGOLD,2026-09-24,23708,73.71,32162,750,149.3
EICHERMOT,2026-09-24,150320,58.23,258170,29096,7338.5
EIDPARRY,2026-09-24,101924,55.35,184152,13998,689.55
EIEL,2026-09-24,155841,44.1,353347,7240,201.63
EIHAHOTELS,2026-09-24,12692,78.08,16256,574,288.6
EIHOTEL,2026-09-24,41076,47.88,85796,6840,296.9
EIMCOELECO,2026-09-24,14504,49.33,29400,3187,2304.4
EKC,2026-09-24,264562,17.94,1474664,16329,111.5
EKI,2026-09-24,238786,35.86,665973,4442,99.04
ELANTAS,2026-09-24,1246,45.26,2753,1428,13849.0
ELCIDIN,2026-09-24,3,100.0,3,3,104830.0
ELDEHSG,2026-09-24,639,73.2,873,120,760.0
ELECON,2026-09-24,385499,19.8,1947203,47298,459.1
ELECTCAST,2026-09-24,854079,59.88,1426253,10889,72.56
ELECTHERM,2026-09-24,3764,62.8,5994,364,887.7
ELGIEQUIP,2026-09-24,70847,37.65,188186,16834,608.8
ELGIRUBCO,2026-09-24,26919,67.64,39799,983,57.15
ELIN,2026-09-24,31892,54.84,58154,1126,89.5
ELIQUID,2026-09-24,43938,85.99,51098,25,1048.98
ELITECON,2026-09-24,8258071,56.19,14696070,10034,9.55
ELLEN,2026-09-24,600610,60.01,1000879,15280,357.7
ELM250,2026-09-24,277092,94.8,292300,240,16.11
ELMDIV,2026-09-24,731,84.02,870,38,35.25
ELPROINTL,2026-09-24,2857,90.96,3141,161,172.01
EMAMILTD,2026-09-24,1054530,60.03,1756668,37125,390.5
EMAMIREAL,2026-09-24,5635,85.7,6575,109,69.03
EMBDL,2026-09-24,1015206,42.36,2396537,15723,58.81
EMCURE,2026-09-24,23158,48.8,47459,7623,1952.1
EMETAL,2026-09-24,4559,60.31,7559,50,12.92
EMIL,2026-09-24,1401126,50.18,2792300,40314,189.16
EMKAY,2026-09-24,25250,64.09,39396,1062,272.55
EMMVEE,2026-09-24,2147706,59.52,3608599,61011,317.6
EMPIND,2026-09-24,741,62.16,1192,219,1051.6
EMPOWER,2026-09-24,18571014,88.65,20949300,2604,1.96
EMSLIMITED,2026-09-24,50995,51.94,98178,3001,358.6
EMUDHRA,2026-09-24,238406,23.61,1009718,38881,659.4
EMULTIMQ,2026-09-24,56883,79.25,71774,145,41.3
ENDURANCE,2026-09-24,58551,63.53,92156,19807,2663.2
ENERGY,2026-09-24,103022,72.11,142872,1382,37.64
ENERGYAXIS,2026-09-24,8861,67.81,13067,86,18.77
ENERGYDEV,2026-09-24,13984,78.46,17824,188,14.91
ENEXT50,2026-09-24,476,25.97,1833,31,71.53
ENGINERSIN,2026-09-24,1490701,32.21,4627761,64293,296.65
ENIFTY,2026-09-24,7051,95.01,7421,69,23.37
ENIL,2026-09-24,4206,87.46,4809,109,99.66
ENKEIWHEL,2026-09-24,1735,68.07,2549,105,385.75
ENRIN,2026-09-24,174206,46.81,372166,37688,3215.4
ENTERO,2026-09-24,134168,54.19,247589,18737,1852.2
EPACK,2026-09-24,147246,51.27,287195,5265,180.12
EPACKPEB,2026-09-24,405103,49.65,815923,17266,246.29
EPIGRAL,2026-09-24,14566,44.59,32669,3141,1071.0
EPL,2026-09-24,539643,50.36,1071636,20951,238.05
EQUAL200,2026-09-24,28986,78.01,37157,97,13.42
EQUAL50,2026-09-24,2408,56.05,4296,78,320.14
EQUAL50ADD,2026-09-24,16159,82.1,19683,387,331.12
EQUITASBNK,2026-09-24,1050019,43.46,2416236,15746,70.21
ERIS,2026-09-24,23971,50.98,47023,6140,1274.6
ESABINDIA,2026-09-24,2001,52.33,3824,1316,5528.0
ESCORTS,2026-09-24,161271,50.22,321127,38822,2822.9
ESDS,2026-09-24,974937,39.49,2468558,98848,1853.15
ESENSEX,2026-09-24,318,100.0,318,39,74.47
ESG,2026-09-24,4232,59.94,7060,97,39.67
ESILVER,2026-09-24,7472,45.99,16246,855,225.69
ESSARSHPNG,2026-09-24,56890,68.63,82898,444,16.18
ESSENTIA,2026-09-24,807063,56.97,1416593,782,1.03
ESTER,2026-09-24,57443,57.19,100440,1378,86.89
ETERNAL,2026-09-24,8865928,59.15,14989187,217489,335.5
ETHOSLTD,2026-09-24,54144,58.98,91793,13170,2605.7
EUREKAFORB,2026-09-24,139160,62.36,223143,10877,375.1
EUROBOND,2026-09-24,559,79.4,704,35,148.57
EUROPRATIK,2026-09-24,70394,36.63,192201,4969,211.65
EVEREADY,2026-09-24,16697,65.82,25369,1195,326.05
EVIETF,2026-09-24,528666,84.57,625125,874,31.42
EVINDIA,2026-09-24,751087,88.44,849271,1580,31.35
EXCELINDUS,2026-09-24,2836,35.05,8092,984,950.0
EXCELSOFT,2026-09-24,522856,27.85,1877150,17021,81.69
EXICOM,2026-09-24,309573,44.17,700884,8473,164.64
EXIDEIND,2026-09-24,853081,26.06,3273879,59403,426.55
EXPLEOSOL,2026-09-24,5002,49.99,10007,1241,871.55
EXXARO,2026-09-24,93880,91.21,102930,267,6.24
FABTECH,2026-09-24,29078,70.92,41003,609,146.47
FACT,2026-09-24,25955,29.87,86883,5627,777.8
FAZE3Q,2026-09-24,10889,66.91,16274,754,422.0
FCL,2026-09-24,6026595,30.31,19880015,64395,56.07
FCSSOFT,2026-09-24,1134469,55.58,2041112,1228,1.33
FDC,2026-09-24,100832,63.16,159649,6716,345.7
FEDDERSHOL,2026-09-24,1864319,19.46,9579140,37792,64.71
FEDERALBNK,2026-09-24,3243704,53.78,6031916,78222,329.5
FEDFINA,2026-09-24,540144,56.47,956440,14086,152.71
FERMENTA,2026-09-24,174001,29.98,580390,19638,478.05
FIBERWEB,2026-09-24,24987,62.04,40274,406,26.57
FIEMIND,2026-09-24,29945,56.38,53114,9327,1917.2
FILATEX,2026-09-24,2123375,45.72,4644101,25559,105.32
FILATFASH,2026-09-24,40337768,85.67,47083777,1454,0.18
FINCABLES,2026-09-24,324806,41.04,791508,41256,1480.0
FINEORG,2026-09-24,12846,60.93,21083,6597,5062.5
FINIETF,2026-09-24,843858,87.06,969293,4167,31.25
FINKURVE,2026-09-24,9598,60.46,15875,407,70.18
FINOPB,2026-09-24,113706,53.34,213176,2720,129.28
FINPIPE,2026-09-24,144761,42.12,343672,6770,154.04
FIRSTCRY,2026-09-24,13309157,42.57,31265673,173097,179.63
FISCHER,2026-09-24,306086,60.6,505113,3210,34.23
FIVESTAR,2026-09-24,652980,40.55,1610174,56388,524.85
FLAIR,2026-09-24,62756,47.49,132147,4239,242.96
FLEXIADD,2026-09-24,54896,88.6,61962,491,9.68
FLUOROCHEM,2026-09-24,36118,53.95,66948,10217,4475.9
FMCGADD,2026-09-24,13845,68.71,20150,191,46.0
FMCGIETF,2026-09-24,751253,66.66,1127021,4130,49.2
FMGOETZE,2026-09-24,137742,46.68,295065,8183,468.45
FMNL,2026-09-24,50988,66.87,76249,176,8.09
FOODSIN,2026-09-24,53856,77.38,69602,391,52.98
FORCEMOT,2026-09-24,23254,40.82,56971,14688,17142.0
FORTIS,2026-09-24,502892,55.45,906861,34122,877.35
FOSECOIND,2026-09-24,4096,45.09,9084,3009,6477.0
FRACTAL,2026-09-24,102669,59.31,173105,14659,749.25
FREDUN,2026-09-24,18095,60.05,30132,3277,1360.3
FRONTSP,2026-09-24,139689,8.65,1615746,110705,1510.4
FSL,2026-09-24,195036,41.64,468349,14192,262.15
FUSION,2026-09-24,258741,56.62,456966,8262,176.8
GABRIEL,2026-09-24,110226,33.45,329569,17834,1397.3
GAEL,2026-09-24,326107,49.99,652362,17649,162.59
GAIL,2026-09-24,3820170,61.78,6183667,37105,173.85
GAJA,2026-09-24,165415,36.89,448375,7790,145.94
GALAPREC,2026-09-24,34347,46.33,74133,7573,1117.1
GALAXYSURF,2026-09-24,17276,49.35,35010,7313,2246.6
GALLANTT,2026-09-24,19171,47.27,40560,2876,545.25
GANDHAR,2026-09-24,153938,49.38,311752,4784,262.7
GANDHITUBE,2026-09-24,7269,48.89,14867,1433,979.1
GANECOS,2026-09-24,40313,48.36,83366,5507,1014.0
GANESHCP,2026-09-24,117799,65.79,179057,2702,161.92
GANESHHOU,2026-09-24,33988,67.8,50131,1688,736.85
GANGAFORGE,2026-09-24,1784598,67.14,2658153,1304,1.52
GANGESSECU,2026-09-24,2200,93.34,2357,61,112.1
GARFIBRES,2026-09-24,15557,42.43,36667,5837,781.95
GARUDA,2026-09-24,176973,53.02,333762,6321,178.21
GATEWAY,2026-09-24,238955,56.67,421697,3846,52.37
GAUDIUMIVF,2026-09-24,125904,43.11,292066,4697,115.85
GAYAHWS,2026-09-24,151235,80.32,188295,267,1.85
GAYAPROJ,2026-09-24,759310,53.64,1415515,3322,23.01
GCSL,2026-09-24,112877,33.54,336550,3437,633.3
GEEKAYWIRE,2026-09-24,102129,66.9,152650,877,33.41
GEMAROMA,2026-09-24,28948,61.5,47069,1312,155.18
GENCON,2026-09-24,92672,22.69,408402,1002,38.65
GENESYS,2026-09-24,324076,26.68,1214456,24246,283.18
GENUSPAPER,2026-09-24,35024,69.97,50058,228,11.2
GENUSPOWER,2026-09-24,906935,33.04,2744915,41748,306.6
GEOJITFSL,2026-09-24,300207,62.76,478340,5433,79.17
GESHIP,2026-09-24,324130,53.46,606281,34353,1482.6
GFLLIMITED,2026-09-24,48994,69.06,70943,1017,54.93
GHCL,2026-09-24,54488,32.55,167377,4779,421.3
GHCLTEXTIL,2026-09-24,243168,43.16,563475,13487,135.34
GICHSGFIN,2026-09-24,49853,65.57,76031,997,137.96
GICRE,2026-09-24,150571,45.04,334321,9349,339.25
GILLANDERS,2026-09-24,2605,91.21,2856,93,103.76
GILLETTE,2026-09-24,9154,56.8,16115,4636,7118.5
GILT10BETA,2026-09-24,11,61.11,18,12,26.63
GILT5BETA,2026-09-24,663,68.92,962,15,66.49
GILT5YBEES,2026-09-24,331384,86.32,383916,557,65.84
GIPCL,2026-09-24,163788,66.65,245732,6200,186.42
GKB,2026-09-24,2141,87.75,2440,93,67.68
GKENERGY,2026-09-24,109010,51.61,211202,2585,124.69
GKSL,2026-09-24,217375,61.7,352319,5020,170.85
GKWLIMITED,2026-09-24,223,99.55,224,11,1561.4
GLAND,2026-09-24,221319,67.62,327302,28363,2897.4
GLASSWALL,2026-09-24,1884840,14.84,12703984,115717,272.07
GLAXO,2026-09-24,8656,48.21,17953,3561,2829.2
GLENMARK,2026-09-24,244668,53.98,453221,29669,2430.4
GLFL,2026-09-24,4404,67.27,6547,26,5.02
GLOBAL,2026-09-24,433385,49.64,873103,9573,141.0
GLOBALE,2026-09-24,4428,95.14,4654,24,10.8
GLOBALVECT,2026-09-24,4542,73.7,6163,200,135.89
GLOBE,2026-09-24,669097,87.46,764992,394,2.26
GLOBECIVIL,2026-09-24,6158,63.07,9764,248,43.18
GLOBUSSPR,2026-09-24,48413,48.73,99347,6564,836.5
GLOSTERLTD,2026-09-24,326,77.62,420,56,572.0
GLOTTIS,2026-09-24,313614,39.64,791242,7344,63.36
GMBREW,2026-09-24,23103,45.04,51293,4024,967.25
GMDCLTD,2026-09-24,232428,50.38,461347,13033,542.5
GMMPFAUDLR,2026-09-24,177167,43.96,403019,29003,1475.4
GMRAIRPORT,2026-09-24,6206033,57.87,10723487,30361,97.35
GMRP&UI,2026-09-24,1825590,51.34,3555672,23457,101.41
GNA,2026-09-24,1133638,15.49,7316206,165697,620.45
GNFC,2026-09-24,434557,37.6,1155725,33959,625.1
GNRL,2026-09-24,272103,80.35,338664,4315,98.11
GOACARBON,2026-09-24,12434,65.78,18901,1133,404.75
GOCLCORP,2026-09-24,85578,43.16,198301,6921,380.25
GOCOLORS,2026-09-24,25189,29.35,85831,3247,318.35
GODAVARIB,2026-09-24,33657,48.64,69191,1778,238.65
GODFRYPHLP,2026-09-24,33655,36.68,91758,7872,1974.0
GODIGIT,2026-09-24,2151494,52.77,4077269,64822,250.3
GODREJAGRO,2026-09-24,261184,30.67,851491,38022,676.05
GODREJCP,2026-09-24,356275,51.43,692739,14960,875.0
GODREJIND,2026-09-24,18235,47.89,38073,4465,1099.0
GODREJPROP,2026-09-24,234539,48.76,481036,27738,1671.2
GOKEX,2026-09-24,105393,43.74,240932,14170,692.85
GOKUL,2026-09-24,31275,22.77,137327,436,39.92
GOKULAGRO,2026-09-24,296921,19.72,1505364,20478,224.98
GOLD1,2026-09-24,634581,50.47,1257237,6766,124.65
GOLD360,2026-09-24,6085,68.75,8851,277,145.85
GOLDADD,2026-09-24,4084263,63.5,6431488,5361,14.5
GOLDAXIS,2026-09-24,2022635,81.89,2469888,3091,124.24
GOLDBEES,2026-09-24,10742833,53.61,20039975,93111,123.43
GOLDBETA,2026-09-24,252381,72.75,346933,2502,125.8
GOLDBND,2026-09-24,11610,84.25,13781,116,149.24
GOLDCASE,2026-09-24,3411990,46.58,7324812,11560,23.5
GOLDETF,2026-09-24,415413,61.45,675967,5598,145.32
GOLDIAM,2026-09-24,164895,53.71,306994,6433,321.7
GOLDIETF,2026-09-24,3287939,63.03,5216625,27734,127.88
GOODLUCK,2026-09-24,178289,47.13,378269,17477,530.45
GOODYEAR,2026-09-24,1676,52.16,3213,580,707.15
GOPAL,2026-09-24,139901,62.14,225147,9527,262.55
GOYALALUM,2026-09-24,25939,84.78,30595,337,5.93
GPIL,2026-09-24,519664,62.1,836832,10626,229.78
GPPL,2026-09-24,691624,55.53,1245571,16829,163.27
GPTHEALTH,2026-09-24,54801,47.38,115656,3744,161.73
GPTINFRA,2026-09-24,61859,56.71,109085,2059,113.52
GRANDOAK,2026-09-24,2514,59.87,4199,135,33.82
GRANULES,2026-09-24,159996,48.86,327434,15281,853.0
GRAPHITE,2026-09-24,443888,39.63,1120162,45187,814.7
GRASIM,2026-09-24,251649,53.39,471338,22588,3166.5
GRAUWEIL,2026-09-24,355366,48.98,725531,6514,86.69
GRAVITA,2026-09-24,114942,50.11,229386,19988,1515.4
GREAVESCOT,2026-09-24,3240028,20.36,15910393,161835,221.83
GREENLAM,2026-09-24,9996,69.33,14418,833,227.0
GREENPANEL,2026-09-24,128918,59.56,216447,5340,166.61
GREENPLY,2026-09-24,165517,75.52,219169,8841,294.3
GREENPOWER,2026-09-24,1129091,58.32,1935904,2991,9.0
GRINDWELL,2026-09-24,11570,37.03,31249,7339,1981.0
GRINFRA,2026-09-24,14381,54.67,26306,3942,810.3
GRMOVER,2026-09-24,261003,23.64,1104269,20377,79.87
GROBTEA,2026-09-24,325,79.46,409,65,895.0
GROWW,2026-09-24,9920237,49.1,20205654,134247,186.55
GROWWCAPM,2026-09-24,297822,53.05,561389,1184,11.2
GROWWCHEM,2026-09-24,22985,43.15,53263,265,29.26
GROWWDEFNC,2026-09-24,113717,67.14,169368,2032,93.65
GROWWEV,2026-09-24,265312,69.51,381693,1738,31.17
GROWWGOLD,2026-09-24,526453,37.78,1393465,3058,14.6
GROWWHOSPI,2026-09-24,134830,75.54,178478,910,52.8
GROWWLIQID,2026-09-24,795355,89.68,886909,246,110.87
GROWWLOVOL,2026-09-24,3796,75.72,5013,122,10.18
GROWWMC150,2026-09-24,1215,91.08,1334,41,225.99
GROWWMETAL,2026-09-24,180008,41.41,434696,1254,12.37
GROWWMOM50,2026-09-24,531170,85.91,618257,584,10.83
GROWWN200,2026-09-24,48387,53.0,91298,354,10.97
GROWWNET,2026-09-24,1364659,80.57,1693767,2446,10.47
GROWWNIFTY,2026-09-24,1667352,89.29,1867295,5147,9.38
GROWWNXT50,2026-09-24,6666,64.87,10276,165,71.76
GROWWPOWER,2026-09-24,872857,59.31,1471791,2657,11.05
GROWWPSE,2026-09-24,2223,53.48,4157,168,96.61
GROWWPSUBK,2026-09-24,3223,52.17,6178,114,82.72
GROWWRAIL,2026-09-24,191936,58.11,330298,2345,26.88
GROWWRLTY,2026-09-24,110877,52.54,211017,531,9.59
GROWWSC250,2026-09-24,92405,71.5,129244,560,10.5
GROWWSLVR,2026-09-24,642816,43.11,1491233,2248,22.14
GRPLTD,2026-09-24,730,70.81,1031,244,1987.8
GRSE,2026-09-24,77458,39.31,197066,16281,2344.0
GRWRHITECH,2026-09-24,28649,48.98,58487,13233,6342.5
GSEC10ADD,2026-09-24,73,97.33,75,10,26.73
GSEC10IETF,2026-09-24,11,84.62,13,6,264.69
GSEC10YEAR,2026-09-24,9429,74.29,12692,46,29.99
GSEC5IETF,2026-09-24,26894,54.11,49706,59,65.69
GSFC,2026-09-24,289787,44.07,657583,8298,155.35
GSLSU,2026-09-24,71768,51.96,138130,1252,31.98
GSPCROP,2026-09-24,18519,7.89,234623,2331,490.4
GSS,2026-09-24,24869,71.36,34851,309,10.48
GTECJAINX,2026-09-24,2226,39.29,5666,109,26.48
GTL,2026-09-24,87027,66.47,130935,559,6.99
GTLINFRA,2026-09-24,17089161,30.43,56159609,12374,1.11
GTPL,2026-09-24,14888,71.24,20897,414,55.07
GUFICBIO,2026-09-24,39671,56.54,70169,3206,422.0
GUJALKALI,2026-09-24,17117,55.14,31043,2462,620.8
GUJAPOLLO,2026-09-24,5302,72.91,7272,460,327.4
GUJENERGY,2026-09-24,310187,57.46,539851,17073,235.72
GUJRAFFIA,2026-09-24,3865,67.89,5693,106,39.75
GUJTHEM,2026-09-24,117873,50.78,232115,7586,410.45
GULFOILLUB,2026-09-24,18608,47.91,38837,4380,1090.8
GULPOLY,2026-09-24,49207,68.14,72219,1919,169.4
GVPIL,2026-09-24,76885,49.08,156642,6771,659.4
GVT&D,2026-09-24,171032,50.63,337791,49389,4286.3
GYFTR,2026-09-24,17800,38.66,46047,3255,169.67
HAL,2026-09-24,152459,42.64,357585,25827,4774.2
HALDER,2026-09-24,22577,43.96,51353,2983,248.75
HALEOSLABS,2026-09-24,1163,92.01,1264,70,1503.4
HAMPTON,2026-09-24,13689,77.91,17570,92,7.87
HAPPSTMNDS,2026-09-24,210532,46.56,452183,14303,311.6
HAPPYFORGE,2026-09-24,30452,61.71,49345,10670,2084.8
HARDWYN,2026-09-24,385820,68.61,562340,891,9.25
HARIOMPIPE,2026-09-24,46080,62.2,74089,2179,350.7
HARRMALAYA,2026-09-24,6175,80.03,7716,374,174.88
HARSHA,2026-09-24,119493,38.42,311042,12841,457.55
HATHWAY,2026-09-24,727612,42.19,1724774,2526,9.96
HATSUN,2026-09-24,6785,50.79,13360,1812,1134.4
HAVELLS,2026-09-24,148573,39.72,374085,23056,1090.0
HAVISHA,2026-09-24,51148,80.11,63845,82,1.36
HAWKINCOOK,2026-09-24,943,60.6,1556,453,8063.5
HAZOOR,2026-09-24,151134,51.25,294880,1215,18.53
HBESD,2026-09-24,71,98.61,72,5,70.51
HBLENGINE,2026-09-24,624277,40.03,1559409,41297,775.3
HBPOR,2026-09-24,61,62.24,98,17,61.39
HBSL,2026-09-24,2256,89.77,2513,76,55.02
HCC,2026-09-24,4078404,44.35,9196586,16639,21.62
HCG,2026-09-24,13937,48.51,28731,3131,701.05
HCL-INSYS,2026-09-24,183998,61.44,299474,1156,10.42
HCLTECH,2026-09-24,350113,42.59,822109,34362,1243.6
HDBFS,2026-09-24,217415,63.19,344057,18792,661.0
HDFCAMC,2026-09-24,430685,63.28,680651,37742,2380.3
HDFCBANK,2026-09-24,16649331,56.29,29575194,281991,728.9
HDFCBSE500,2026-09-24,1101260,96.32,1143323,298,36.46
HDFCGOLD,2026-09-24,8292907,74.38,11149352,11371,127.64
HDFCGROWTH,2026-09-24,5089,59.86,8501,216,113.14
HDFCLIFE,2026-09-24,6650472,37.14,17905953,172153,526.9
HDFCLIQUID,2026-09-24,57619,83.33,69142,67,1079.2
HDFCLOWVOL,2026-09-24,222873,87.3,255306,68,19.81
HDFCMID150,2026-09-24,444281,62.36,712472,2233,22.83
HDFCMOMENT,2026-09-24,855702,94.78,902796,718,30.62
HDFCNEXT50,2026-09-24,111052,62.84,176717,777,73.2
HDFCNIF100,2026-09-24,30131,36.89,81685,375,25.15
HDFCNIFBAN,2026-09-24,128886,71.57,180088,639,57.22
HDFCNIFIT,2026-09-24,40221,57.05,70506,397,30.14
HDFCNIFTY,2026-09-24,335522,90.35,371359,1509,261.05
HDFCNIMEG,2026-09-24,2076,44.67,4647,97,130.38
HDFCPSUBK,2026-09-24,6747,31.32,21540,216,83.47
HDFCPVTBAN,2026-09-24,162497,77.73,209055,1023,27.43
HDFCQUAL,2026-09-24,2389,56.36,4239,98,56.43
HDFCSENSEX,2026-09-24,66951,63.39,105623,1030,83.93
HDFCSILVER,2026-09-24,1739555,55.13,3155092,11581,215.69
HDFCSML250,2026-09-24,1188727,67.87,1751528,15612,183.3
HDFCVALUE,2026-09-24,10832,47.57,22769,215,120.01
HEADSUP,2026-09-24,4229,64.48,6559,84,6.85
HEALTHADD,2026-09-24,33772,56.05,60251,224,16.96
HEALTHAXIS,2026-09-24,12780,81.59,15664,139,172.51
HEALTHCARE,2026-09-24,38307,91.74,41755,227,21.99
HEALTHIETF,2026-09-24,45900,56.47,81276,1542,172.12
HEALTHX,2026-09-24,1614,86.82,1859,110,290.65
HEALTHY,2026-09-24,552988,75.26,734744,1110,17.22
HECPROJECT,2026-09-24,3293,87.39,3768,110,115.66
HEGAM,2026-09-24,603854,44.63,1352882,24522,235.25
HEIDELBERG,2026-09-24,82673,58.61,141046,2346,139.49
HEMIPROP,2026-09-24,90266,57.39,157275,2526,118.83
HERANBA,2026-09-24,18592,47.72,38960,1426,172.27
HERITGFOOD,2026-09-24,77987,40.74,191411,7834,414.1
HEROMOTOCO,2026-09-24,176067,48.87,360294,33972,5296.0
HEROMOTORS,2026-09-24,27213704,18.43,147638382,581966,118.08
HESTERBIO,2026-09-24,815,59.02,1381,245,2201.2
HEXATRADEX,2026-09-24,1833,91.15,2011,73,156.98
HEXT,2026-09-24,51580,39.98,129020,9944,499.35
HGINFRA,2026-09-24,643147,4.92,13068436,239020,468.05
HGM,2026-09-24,7341,80.56,9113,112,42.74
HGS,2026-09-24,5594,74.17,7542,623,374.55
HIKAL,2026-09-24,659704,40.64,1623096,34169,214.15
HILINFRA,2026-09-24,32134,72.39,44392,487,43.17
HILTON,2026-09-24,86634,77.87,111251,439,16.99
HIMATSEIDE,2026-09-24,717215,39.49,1816349,15979,69.47
HINDADH,2026-09-24,1970,73.95,2664,89,389.3
HINDALCO,2026-09-24,2562796,59.17,4331000,68623,982.0
HINDALUMI,2026-09-24,391,48.45,807,64,93.15
HINDCOMPOS,2026-09-24,412,61.22,673,169,381.8
HINDCON,2026-09-24,22256,60.84,36583,340,25.12
HINDCOPPER,2026-09-24,2475898,42.14,5874882,83924,495.7
HINDOILEXP,2026-09-24,187538,40.57,462300,6165,172.81
HINDPETRO,2026-09-24,1726065,55.89,3088358,31695,350.4
HINDUNILVR,2026-09-24,619760,49.28,1257687,49784,1933.5
HINDWAREAP,2026-09-24,121620,60.8,200038,5678,170.31
HINDZINC,2026-09-24,1582840,47.97,3299611,38013,587.15
HIRECT,2026-09-24,14374,56.01,25662,2671,1219.0
HISARMETAL,2026-09-24,1119,69.03,1621,65,152.75
HITECH,2026-09-24,254280,66.08,384829,3094,74.84
HLEGLAS,2026-09-24,73149,52.68,138846,6264,428.75
HLVLTD,2026-09-24,96047,81.34,118080,493,6.5
HMAAGRO,2026-09-24,817318,65.91,1239989,3058,23.22
HNDFDS,2026-09-24,20062,52.52,38201,2779,618.25
HNGSNGBEES,2026-09-24,84080,79.93,105194,3667,460.02
HOMEFIRST,2026-09-24,45944,51.25,89649,8793,1157.5
HONASA,2026-09-24,304733,44.98,677532,22208,472.95
HONAUT,2026-09-24,1001,47.46,2109,1252,33625.0
HONDAPOWER,2026-09-24,1352,54.78,2468,573,1905.6
HORIZONIND,2026-09-24,2257564,65.95,3423391,16126,51.81
HPAL,2026-09-24,20856,76.63,27216,330,35.6
HPIL,2026-09-24,1311,67.33,1947,96,115.38
HPL,2026-09-24,70662,49.88,141655,4266,274.35
HRYNSHP,2026-09-24,133,66.83,199,24,98.02
HSBCGOLD,2026-09-24,33045,94.48,34977,56,130.3
HSCL,2026-09-24,686324,37.11,1849598,32132,674.9
HTEL,2026-09-24,593813,51.5,1153090,9987,69.37
HTMEDIA,2026-09-24,55721,73.0,76333,434,24.36
HUBTOWN,2026-09-24,55026,60.83,90456,1997,173.38
HUDCO,2026-09-24,1057338,40.16,2632690,26032,174.32
HUHTAMAKI,2026-09-24,107992,67.73,159453,4683,242.45
HYBRIDETF,2026-09-24,15221,64.84,23475,86,9.94
HYUNDAI,2026-09-24,162178,41.71,388850,27686,2060.6
IBULLSLTD,2026-09-24,12254965,70.08,17487540,17198,28.41
ICEMAKE,2026-09-24,34242,74.77,45798,4127,677.2
ICICIAMC,2026-09-24,95717,59.75,160187,18302,3169.2
ICICIB22,2026-09-24,200101,73.43,272514,3002,112.03
ICICIBANK,2026-09-24,4860876,56.17,8653920,156949,1334.5
ICICIGI,2026-09-24,884799,32.25,2743847,101880,1577.0
ICICIPRULI,2026-09-24,3800027,48.95,7763087,164302,464.5
ICIL,2026-09-24,216010,44.42,486239,18721,450.95
ICRA,2026-09-24,29954,70.5,42485,5257,4442.7
IDBI,2026-09-24,4286540,45.7,9378785,27683,82.6
IDEA,2026-09-24,105872945,29.08,364050771,507473,14.12
IDEAFORGE,2026-09-24,151148,49.62,304604,17331,726.35
IDFCFIRSTB,2026-09-24,22251266,54.83,40583451,114158,83.76
IDFNIFTYET,2026-09-24,920,98.5,934,56,262.64
IEX,2026-09-24,1486814,55.89,2660046,24504,111.2
IFBAGRO,2026-09-24,1450,75.4,1923,201,857.7
IFBIND,2026-09-24,11684,44.85,26050,3530,1222.3
IFCI,2026-09-24,12990679,18.35,70782804,150634,75.19
IFGLEXPOR,2026-09-24,9449,60.39,15647,656,194.27
IGARASHI,2026-09-24,19197,45.21,42460,1763,418.35
IGCL,2026-09-24,48061,69.95,68708,750,62.1
IGIL,2026-09-24,187596,49.9,375940,13109,325.25
IGL,2026-09-24,746139,63.19,1180776,23340,145.74
IGPL,2026-09-24,108267,57.99,186698,6872,586.4
IIFL,2026-09-24,436331,46.96,929076,26102,617.55
IIFLCAPS,2026-09-24,372749,56.45,660308,11996,347.7
IITL,2026-09-24,18320,15.04,121783,2036,143.27
IKIO,2026-09-24,58446,50.41,115942,3192,205.03
IKS,2026-09-24,180227,49.23,366105,30541,1868.3
IMAGICAA,2026-09-24,279279,46.87,595864,2648,51.48
IMFA,2026-09-24,31558,48.89,64545,8010,1241.0
IMPAL,2026-09-24,1725,72.78,2370,349,1056.0
INA,2026-09-24,233988,55.44,422040,3489,92.33
INCREDIBLE,2026-09-24,2931,95.94,3055,54,32.38
INDBANK,2026-09-24,25968,46.67,55645,750,26.23
INDGN,2026-09-24,162280,37.35,434449,21649,594.1
INDHOTEL,2026-09-24,652705,57.23,1140542,27006,728.8
INDIACEM,2026-09-24,75523,52.19,144709,11098,330.1
INDIAGLYCO,2026-09-24,831153,17.17,4841031,81593,306.0
INDIAMART,2026-09-24,45007,48.68,92462,9909,1635.9
INDIANB,2026-09-24,280677,40.5,693067,24388,830.0
INDIANCARD,2026-09-24,124,58.49,212,38,209.21
INDIANHUME,2026-09-24,107073,48.94,218801,2675,361.5
INDIASHLTR,2026-09-24,54104,55.1,98186,6519,653.05
INDIGO,2026-09-24,354097,62.07,570454,63168,4890.0
INDIGOPNTS,2026-09-24,20578,50.74,40553,5937,1117.8
INDIQUBE,2026-09-24,26478,47.67,55539,1962,194.06
INDNIPPON,2026-09-24,41093,41.88,98115,9528,1315.9
INDOBORAX,2026-09-24,28107,52.61,53425,3258,452.45
INDOCO,2026-09-24,54007,45.03,119939,3980,250.29
INDOFARM,2026-09-24,52467,55.68,94234,1950,139.17
INDOKEM,2026-09-24,6894,51.63,13353,841,614.0
INDOMIM,2026-09-24,880961,44.39,1984666,87868,1311.15
INDORAMA,2026-09-24,731546,27.58,2652171,30172,101.72
INDOSTAR,2026-09-24,57743,56.64,101952,2478,217.95
INDOTECH,2026-09-24,8226,63.91,12871,2871,3190.1
INDOTHAI,2026-09-24,1106181,51.45,2149890,5590,32.29
INDOUS,2026-09-24,2413,83.29,2897,153,78.06
INDOWIND,2026-09-24,52066,59.81,87052,343,8.82
INDPRUD,2026-09-24,61,98.39,62,10,6200.0
INDRAMEDCO,2026-09-24,186662,58.55,318831,9610,370.5
INDSWFTLAB,2026-09-24,233118,36.36,641089,15307,401.25
INDTERRAIN,2026-09-24,13509,63.69,21209,249,29.89
INDUSINDBK,2026-09-24,2868352,48.94,5861520,105228,919.5
INDUSTOWER,2026-09-24,1833221,60.77,3016883,37135,379.85
INFOBEAN,2026-09-24,44011,52.87,83242,1323,150.24
INFOMEDIA,2026-09-24,22314,92.04,24243,76,5.44
INFRA,2026-09-24,19780,83.24,23762,275,11.71
INFRABEES,2026-09-24,5925,46.94,12622,608,926.98
INFRAIETF,2026-09-24,67095,65.46,102501,3555,92.08
INFY,2026-09-24,3913347,56.78,6891893,168191,1014.5
INGERRAND,2026-09-24,7138,53.8,13267,3005,4234.4
INNOVACAP,2026-09-24,40779,40.5,100699,13814,1295.3
INNOVANA,2026-09-24,32393,51.05,63451,1036,298.85
INNOVISION,2026-09-24,5108,67.49,7569,386,254.2
INOXGREEN,2026-09-24,384438,43.53,883157,6704,174.64
INOXINDIA,2026-09-24,84508,50.76,166493,21533,2064.8
INOXWIND,2026-09-24,4071906,42.12,9666599,33560,73.09
INSECTICID,2026-09-24,11321,63.36,17869,1093,603.65
INSPIRISYS,2026-09-24,2820,67.17,4198,116,89.0
INSUREIETF,2026-09-24,634704,55.57,1142256,683,14.89
INTELLECT,2026-09-24,137872,51.75,266408,15718,638.7
INTENTECH,2026-09-24,12556,57.2,21951,275,82.86
INTERARCH,2026-09-24,19649,53.64,36634,4190,1678.6
INTERNET,2026-09-24,932743,50.01,1864942,1425,14.14
INTLCONV,2026-09-24,59412,60.73,97825,1182,80.04
INVENTURE,2026-09-24,870532,74.77,1164211,409,0.87
IOB,2026-09-24,1055088,56.41,1870230,10044,31.92
IOC,2026-09-24,4642281,64.07,7245913,45982,136.27
IOLCP,2026-09-24,979388,27.33,3583698,39375,203.22
IONEXCHANG,2026-09-24,74398,52.65,141310,10311,420.55
IPCALAB,2026-09-24,101094,37.04,272964,35765,1997.1
IPL,2026-09-24,71245,57.22,124508,1715,132.09
IPRINGLTD,2026-09-24,5874,79.92,7350,213,144.31
IRB,2026-09-24,4581026,46.92,9762664,19854,17.88
IRCON,2026-09-24,1101976,42.44,2596498,32007,106.6
IRCTC,2026-09-24,218694,46.73,467961,17897,461.2
IREDA,2026-09-24,839792,33.47,2509085,21238,110.11
IRFC,2026-09-24,2270453,42.58,5332621,34982,79.86
IRIS,2026-09-24,11356,69.24,16400,613,231.58
IRISDOREME,2026-09-24,66854,34.42,194217,2559,65.85
IRMENERGY,2026-09-24,17960,42.51,42249,1800,267.6
ISFT,2026-09-24,38969,19.88,195972,2351,102.14
ISGEC,2026-09-24,73671,57.0,129248,8689,850.1
ISHANCH,2026-09-24,5351,84.27,6350,163,49.9
ISTLTD,2026-09-24,209,86.36,242,23,657.95
IT,2026-09-24,183769,56.92,322846,953,31.42
ITADD,2026-09-24,19562,53.83,36337,99,29.95
ITAXIS,2026-09-24,1695,66.29,2557,97,308.61
ITBEES,2026-09-24,2928464,42.45,6899204,15482,31.32
ITBETA,2026-09-24,487,79.97,609,35,300.34
ITC,2026-09-24,4027148,54.43,7398276,90922,268.0
ITCHOTELS,2026-09-24,1701154,48.48,3509055,50048,164.01
ITDC,2026-09-24,23691,28.57,82927,5703,685.75
ITETF,2026-09-24,110438,30.33,364066,848,29.87
ITI,2026-09-24,81283,54.61,148833,4528,251.05
ITIETF,2026-09-24,264065,52.74,500721,1383,31.37
ITL,2026-09-24,451,50.33,896,129,361.0
IVALUE,2026-09-24,153842,49.56,310427,6680,234.43
IVC,2026-09-24,135146,64.57,209287,1046,7.7
IVZBANKNF,2026-09-24,4529,99.98,4530,41,55.43
IVZINGOLD,2026-09-24,33568,88.65,37867,415,130.05
IVZINNIFTY,2026-09-24,1738,87.51,1986,38,265.8
IVZSENSEX,2026-09-24,547,93.34,586,37,73.96
IWP,2026-09-24,3811,93.22,4088,53,34.29
IXIGO,2026-09-24,309063,53.63,576315,7814,159.31
IZMO,2026-09-24,30449,56.2,54182,3587,904.45
J&KBANK,2026-09-24,409888,45.67,897539,15385,147.07
JAGRAN,2026-09-24,78085,58.68,133071,1679,62.89
JAGSNPHARM,2026-09-24,594396,6.42,9252736,101843,243.97
JAIBALAJI,2026-09-24,356571,66.17,538884,3886,65.5
JAICORPLTD,2026-09-24,143374,44.41,322845,4870,94.46
JAINREC,2026-09-24,471245,42.3,1114138,20087,291.35
JAIPURKURT,2026-09-24,6932,95.71,7243,58,25.26
JAMNAAUTO,2026-09-24,3062372,21.56,14203329,115344,138.39
JARO,2026-09-24,8298,11.55,71823,1829,457.7
JASH,2026-09-24,98067,42.22,232284,10717,577.15
JAYAGROGN,2026-09-24,26723,74.93,35664,993,230.91
JAYBARMARU,2026-09-24,185222,70.67,262106,1142,121.9
JAYKAY,2026-09-24,399927,39.59,1010193,16571,202.53
JAYNECOIND,2026-09-24,765107,50.06,1528484,12568,89.53
JAYSREETEA,2026-09-24,27849,52.92,52622,824,87.92
JBMA,2026-09-24,61134,45.66,133875,6481,593.05
JENBURPH,2026-09-24,1143,89.23,1281,101,954.0
JETFREIGHT,2026-09-24,49515,39.33,125891,1704,21.21
JGCHEM,2026-09-24,159233,31.57,504302,23237,601.75
JHS,2026-09-24,61491,60.96,100866,344,8.18
JINDALPHOT,2026-09-24,867,72.49,1196,218,1063.2
JINDALPOLY,2026-09-24,7848,62.11,12636,954,699.8
JINDALSAW,2026-09-24,462102,53.7,860596,26766,283.1
JINDALSTEL,2026-09-24,230041,38.42,598786,18860,1157.8
JINDRILL,2026-09-24,44897,33.39,134469,5298,591.95
JINDWORLD,2026-09-24,1787903,30.16,5928392,19139,49.17
JIOFIN,2026-09-24,6866170,59.91,11460271,90064,227.2
JISLDVREQS,2026-09-24,19867,88.47,22456,226,20.14
JISLJALEQS,2026-09-24,667278,51.55,1294531,4385,28.58
JITFINFRA,2026-09-24,12287,59.17,20767,673,278.3
JKCEMENT,2026-09-24,19000,44.83,42384,12383,5184.5
JKIL,2026-09-24,30918,81.56,37906,1482,478.1
JKIPL,2026-09-24,3648,74.53,4895,160,98.15
JKLAKSHMI,2026-09-24,30632,46.18,66329,4457,509.45
JKPAPER,2026-09-24,113000,50.89,222048,7794,411.15
JKTYRE,2026-09-24,188972,46.31,408047,14926,347.2
JLHL,2026-09-24,139319,70.51,197581,8444,267.8
JMA,2026-09-24,10273,68.05,15096,391,87.92
JMFINANCIL,2026-09-24,2270037,66.77,3399939,23391,127.03
JNKINDIA,2026-09-24,104120,40.72,255676,11215,422.45
JNPR,2026-09-24,439006,54.38,807227,50374,257.7
JOCIL,2026-09-24,1353,82.0,1650,50,146.75
JPOLYINVST,2026-09-24,2055,74.21,2769,364,964.8
JPPOWER,2026-09-24,11935768,35.47,33648899,1038399,15.84
JSFB,2026-09-24,356969,56.49,631956,17700,522.7
JSL,2026-09-24,439101,59.22,741423,37688,738.95
JSLL,2026-09-24,111488,52.39,212822,11769,511.15
JSWCEMENT,2026-09-24,717428,60.8,1180047,35455,115.71
JSWDULUX,2026-09-24,17681,63.63,27787,6067,3132.3
JSWENERGY,2026-09-24,634775,48.7,1303485,30426,510.0
JSWHL,2026-09-24,658,50.46,1304,625,11116.0
JSWINFRA,2026-09-24,2181649,48.86,4464796,73218,360.7
JSWSTEEL,2026-09-24,430907,51.51,836579,53182,1273.2
JTEKTINDIA,2026-09-24,46269,63.61,72743,1268,118.28
JTLIND,2026-09-24,818435,44.15,1853584,15014,90.1
JUBLCPL,2026-09-24,2895,45.43,6373,969,2160.3
JUBLFOOD,2026-09-24,107089,31.53,339592,13547,478.9
JUBLINGREA,2026-09-24,119162,41.94,284101,18135,635.35
JUBLPHARMA,2026-09-24,43269,37.71,114741,8994,1063.85
JUNIORBEES,2026-09-24,221772,68.77,322504,10800,773.76
JUNIPER,2026-09-24,39092,56.14,69636,1613,218.41
JUSTDIAL,2026-09-24,36898,45.8,80570,4077,672.35
JWL,2026-09-24,320580,52.0,616463,15109,228.07
JYOTHYLAB,2026-09-24,108135,52.22,207081,8432,192.86
JYOTICNC,2026-09-24,244681,48.51,504405,22343,1072.55
JYOTIRES,2026-09-24,3572,69.25,5158,571,833.0
JYOTISTRUC,2026-09-24,1556268,55.96,2781040,3078,9.08
KABRAEXTRU,2026-09-24,260109,49.94,520858,9920,806.1
KAJARIACER,2026-09-24,178258,63.09,282539,30078,1221.8
KAKATCEM,2026-09-24,420,64.02,656,24,105.99
KALAMANDIR,2026-09-24,139628,54.56,255927,3354,78.47
KALPATARU,2026-09-24,56453,20.0,282261,5033,277.8
KALYANKJIL,2026-09-24,1123857,30.95,3630749,44349,573.6
KAMAHOLD,2026-09-24,6010,29.5,20376,3851,2199.6
KAMANWALA,2026-09-24,2345,86.56,2709,30,16.99
KAMATHOTEL,2026-09-24,21471,55.17,38921,1659,235.69
KAMDHENU,2026-09-24,418773,55.95,748522,3803,40.34
KAMOPAINTS,2026-09-24,199350,74.35,268131,687,4.21
KANANIIND,2026-09-24,71064,65.75,108081,129,1.41
KANCHI,2026-09-24,1073,88.31,1215,46,393.85
KANCOTEA,2026-09-24,102,98.08,104,24,52.66
KANOHAR,2026-09-24,477603,18.19,2625443,80889,863.3
KANPRPLA,2026-09-24,42328,66.86,63305,1817,262.5
KANSAINER,2026-09-24,91269,62.22,146681,4620,179.41
KAPSTON,2026-09-24,19003,54.33,34980,1561,578.1
KARAMTARA,2026-09-24,1388637,20.63,6731277,104808,369.05
KARMAENG,2026-09-24,3466,44.32,7821,201,39.43
KARURVYSYA,2026-09-24,694727,61.13,1136510,37733,325.0
KAYNES,2026-09-24,446748,29.28,1525539,95023,3509.5
KCP,2026-09-24,58530,52.35,111803,2044,159.18
KDDL,2026-09-24,30297,44.97,67371,12760,4119.8
KDGREEN,2026-09-24,8542,50.52,16908,226,50.22
KEC,2026-09-24,184332,48.69,378577,13665,395.4
KECL,2026-09-24,87286,33.44,261030,5586,122.75
KEEPLEARN,2026-09-24,27670,83.96,32956,96,1.82
KEI,2026-09-24,95257,42.36,224864,19838,4636.5
KELLTONTEC,2026-09-24,900535,61.32,1468588,2739,13.48
KENNAMET,2026-09-24,6810,59.28,11487,2573,4266.4
KERNEX,2026-09-24,37545,44.99,83450,10139,1700.8
KEYFINSERV,2026-09-24,1485,92.01,1614,81,231.65
KFINTECH,2026-09-24,189005,43.7,432496,22827,897.95
KHAICHEM,2026-09-24,65177,57.54,113281,1342,49.41
KHAITANLTD,2026-09-24,554,71.58,774,41,150.34
KHANDSE,2026-09-24,570,78.19,729,43,18.07
KICL,2026-09-24,673,80.99,831,198,4940.5
KIMS,2026-09-24,110922,42.64,260151,16988,800.45
KINGFA,2026-09-24,5742,39.57,14512,4126,6228.5
KIOCL,2026-09-24,25385,59.76,42480,1902,340.65
KIRANVYPAR,2026-09-24,1024,77.05,1329,164,203.41
KIRIINDUS,2026-09-24,627417,44.11,1422251,27596,559.9
KIRLFER,2026-09-24,55145,50.44,109335,6051,478.2
KIRLOSBROS,2026-09-24,7213,44.45,16227,3136,1768.4
KIRLOSENG,2026-09-24,108215,38.81,278809,25441,2164.5
KIRLOSIND,2026-09-24,1978,44.58,4437,1055,3635.0
KIRLPNU,2026-09-24,43746,61.42,71227,6728,697.75
KISSHT,2026-09-24,862852,51.37,1679730,37085,337.3
KITEX,2026-09-24,127907,48.09,265979,3499,118.65
KJMCFIN,2026-09-24,276,90.79,304,14,59.84
KKCL,2026-09-24,7696,55.84,13783,971,469.3
KLBRENG-B,2026-09-24,105989,55.93,189495,5118,517.9
KMCSHIL,2026-09-24,76631,36.19,211733,4284,157.92
KMEW,2026-09-24,30047,48.01,62583,11339,2890.6
KMSUGAR,2026-09-24,62590,73.86,84745,941,29.06
KNACK,2026-09-24,411334,51.04,805858,9983,182.25
KNAGRI,2026-09-24,7041,85.37,8248,229,213.63
KNRCON,2026-09-24,630541,42.37,1488078,15704,120.03
KOHINOOR,2026-09-24,28003,21.98,127383,2175,30.82
KOKUYOCMLN,2026-09-24,31652,90.12,35121,381,76.64
KOLTEPATIL,2026-09-24,17540,49.12,35712,2501,432.05
KOPRAN,2026-09-24,151178,39.82,379629,6933,270.81
KOTAKBANK,2026-09-24,8346079,65.2,12799846,153559,405.0
KOTHARIPET,2026-09-24,20604,73.39,28073,696,134.01
KOTHARIPRO,2026-09-24,9699,62.52,15513,371,67.13
KOTIC,2026-09-24,15082,52.01,29000,718,143.82
KOVAI,2026-09-24,1818,58.57,3104,813,6101.0
KPEL,2026-09-24,127558,38.7,329639,8173,221.55
KPIGREEN,2026-09-24,707442,34.68,2039670,39848,333.2
KPIL,2026-09-24,61874,39.37,157152,15937,1399.6
KPITTECH,2026-09-24,592767,37.97,1561197,33497,516.85
KPL,2026-09-24,12452,36.2,34399,6710,3642.1
KPRMILL,2026-09-24,85974,54.2,158616,18661,1113.8
KRBL,2026-09-24,126453,35.06,360627,15393,398.2
KREBSBIO,2026-09-24,1917,56.23,3409,63,57.66
KRIDHANINF,2026-09-24,14469,88.08,16428,65,1.85
KRISHANA,2026-09-24,313092,49.61,631052,6937,184.51
KRISHIVAL,2026-09-24,7207,87.72,8216,330,411.3
KRISHNADEF,2026-09-24,25038,54.99,45530,3777,1015.5
KRITI,2026-09-24,4894,58.98,8298,213,61.65
KRITIKA,2026-09-24,57754,57.8,99913,443,5.02
KRITINUT,2026-09-24,11423,76.1,15010,214,77.81
KRN,2026-09-24,62472,57.95,107810,12651,1401.6
KROSS,2026-09-24,450030,30.61,1470381,31661,272.9
KRSNAA,2026-09-24,23739,54.54,43526,2035,551.25
KRYSTAL,2026-09-24,1765,44.69,3949,316,637.5
KSB,2026-09-24,46729,51.54,90671,7952,802.15
KSCL,2026-09-24,753292,3.9,19332004,398896,783.85
KSE,2026-09-24,5134,75.15,6832,313,181.11
KSHINTL,2026-09-24,116676,46.94,248567,16225,1036.0
KSHITIJPOL,2026-09-24,7604782,58.92,12906313,5818,5.06
KSL,2026-09-24,66655,60.38,110396,4907,974.2
KSOLVES,2026-09-24,31888,58.27,54728,2214,249.15
KTKBANK,2026-09-24,1001808,48.89,2049219,34634,338.15
KUANTUM,2026-09-24,52768,60.5,87226,1453,80.17
KUSUMGAR,2026-09-24,111507,42.7,261170,13781,620.1
KWIL,2026-09-24,2767655,50.08,5527010,20593,40.81
LAGNAM,2026-09-24,2614,92.3,2832,76,74.99
LAHOTIOV,2026-09-24,10354,72.59,14264,109,38.28
LAKSHMIMIL,2026-09-24,14,70.0,20,8,7780.5
LAL,2026-09-24,120790,73.66,163991,383,9.07
LALITHAA,2026-09-24,5361297,49.31,10872334,58417,370.5
LALPATHLAB,2026-09-24,176614,41.06,430163,57589,1961.3
LAMBODHARA,2026-09-24,69439,17.64,393605,7361,139.46
LANCER,2026-09-24,236921,69.5,340911,965,11.59
LANDMARK,2026-09-24,23095,45.19,51104,2446,489.05
LANDSMILL,2026-09-24,2060201,53.64,3840492,1105,0.52
LAOPALA,2026-09-24,57135,57.89,98696,2463,160.21
LARGEMID50,2026-09-24,889,100.0,889,29,35.1
LASERPOWER,2026-09-24,475616,56.97,834811,15542,274.5
LATENTVIEW,2026-09-24,201593,60.12,335304,11554,245.4
LATTEYS,2026-09-24,32490,77.14,42119,232,20.08
LAURUSLABS,2026-09-24,706124,50.87,1388039,56843,2026.2
LAXMICOT,2026-09-24,2661,70.83,3757,82,13.23
LAXMIDENTL,2026-09-24,50199,52.32,95949,2638,197.05
LAXMIINDIA,2026-09-24,104386,68.31,152816,2811,120.66
LCCINFOTEC,2026-09-24,92789,76.77,120873,85,4.03
LCCPROJECT,2026-09-24,414428,34.25,1209866,18258,144.22
LCL,2026-09-24,100305,45.98,218144,15519,575.55
LEAPIND,2026-09-24,644895,45.32,1423067,16418,143.09
LEMERITE,2026-09-24,61429,27.86,220522,637,20.59
LEMONTREE,2026-09-24,1031227,56.69,1819035,21486,106.72
LENSKART,2026-09-24,1867990,58.53,3191467,101558,676.0
LEXUS,2026-09-24,9727,68.14,14276,149,12.19
LFIC,2026-09-24,1311,83.82,1564,61,136.36
LGBBROSLTD,2026-09-24,18165,70.51,25762,3647,1745.3
LGEINDIA,2026-09-24,286272,54.23,527914,58428,1697.7
LGHL,2026-09-24,14568,37.8,38541,390,181.48
LIBAS,2026-09-24,92210,38.18,241544,752,12.02
LIBERTSHOE,2026-09-24,24260,53.3,45513,2073,237.84
LICHSGFIN,2026-09-24,556000,42.84,1297709,17530,564.25
LICI,2026-09-24,7185005,48.74,14741490,132216,406.0
LICMFGOLD,2026-09-24,13916,57.91,24030,487,134.5
LICNETFGSC,2026-09-24,4731,67.48,7011,61,29.16
LICNETFN50,2026-09-24,797,98.88,806,29,260.13
LICNETFSEN,2026-09-24,7,77.78,9,5,835.18
LICNFNHGP,2026-09-24,54,63.53,85,28,275.99
LICNMID100,2026-09-24,6032,87.57,6888,144,61.29
LIKHITHA,2026-09-24,21167,61.66,34331,842,227.38
LINC,2026-09-24,36562,92.38,39577,432,92.24
LINCOLN,2026-09-24,8554,53.26,16062,1361,594.65
LINDEINDIA,2026-09-24,5516,47.23,11679,3252,6196.5
LIQGRWBEES,2026-09-24,36162,80.13,45129,185,1056.71
LIQUID,2026-09-24,276870,93.21,297034,174,999.99
LIQUID1,2026-09-24,449404,64.15,700510,576,1123.96
LIQUIDADD,2026-09-24,447499,67.97,658390,272,1146.08
LIQUIDBEES,2026-09-24,1446727,67.36,2147668,4055,999.99
LIQUIDBETA,2026-09-24,99,100.0,99,1,1009.22
LIQUIDBETF,2026-09-24,162836,70.07,232382,70,1100.05
LIQUIDCASE,2026-09-24,15683434,91.34,17169903,11436,116.06
LIQUIDETF,2026-09-24,87104,57.29,152036,218,1000.0
LIQUIDIETF,2026-09-24,256565,85.9,298668,183,999.99
LIQUIDPLUS,2026-09-24,979310,94.39,1037533,258,1104.49
LIQUIDSBI,2026-09-24,2766,92.91,2977,28,1000.01
LIQUIDSHRI,2026-09-24,21790,88.49,24624,45,1122.71
LKPSEC,2026-09-24,2188,91.24,2398,43,15.02
LLOYDSENGG,2026-09-24,4011212,36.93,10861920,50470,90.91
LLOYDSENT,2026-09-24,1877525,42.05,4465318,25651,75.58
LLOYDSME,2026-09-24,151442,54.37,278524,22881,1821.9
LMW,2026-09-24,1101,49.04,2245,1026,17136.0
LODHA,2026-09-24,564276,45.38,1243527,33598,1158.0
LOKESHMACH,2026-09-24,20442,47.03,43467,2140,342.9
LORDSCHLO,2026-09-24,8211,68.41,12002,406,134.5
LOTUSCHO,2026-09-24,828,62.82,1318,188,566.15
LOTUSEYE,2026-09-24,2258,70.19,3217,84,113.23
LOVABLE,2026-09-24,5651,68.78,8216,341,69.7
LOWVOL,2026-09-24,1263,76.04,1661,20,198.01
LOWVOL1,2026-09-24,185271,61.22,302634,11090,20.16
LOWVOLIETF,2026-09-24,373476,59.44,628332,11925,21.2
LOYALTEX,2026-09-24,2645,40.5,6531,245,223.98
LPDC,2026-09-24,13850,80.0,17312,132,6.63
LT,2026-09-24,1014421,61.51,1649308,78162,3858.4
LTF,2026-09-24,13861081,38.42,36077849,218575,282.0
LTFOODS,2026-09-24,105481,41.03,257102,15707,424.5
LTGILTBEES,2026-09-24,812259,52.82,1537754,850,29.62
LTGILTCASE,2026-09-24,270023,97.86,275925,192,30.22
LTM,2026-09-24,154445,44.13,350005,28623,4038.0
LTTS,2026-09-24,11761,42.98,27363,7036,3209.1
LUMAXIND,2026-09-24,2433,47.15,5160,1867,5732.5
LUMAXTECH,2026-09-24,44370,36.16,122712,23425,2068.8
LUMINO,2026-09-24,1611385,27.0,5968222,28405,107.22
LUPIN,2026-09-24,355182,66.62,533164,37101,2100.7
LUXIND,2026-09-24,10131,55.58,18229,1545,1167.8
LXCHEM,2026-09-24,517361,47.09,1098678,17477,180.61
M&M,2026-09-24,1170992,61.51,1903721,87552,2982.7
M&MFIN,2026-09-24,1008484,54.98,1834421,59986,339.9
MAANALU,2026-09-24,26963,71.79,37559,957,102.62
MACPOWER,2026-09-24,23204,40.48,57329,8450,2061.1
MADHAV,2026-09-24,1872,77.01,2431,95,34.46
MADHAVIPL,2026-09-24,126417,66.8,189234,589,7.59
MADHUCON,2026-09-24,18430,86.36,21341,70,4.25
MADRASFERT,2026-09-24,13766,69.09,19924,482,60.72
MAFANG,2026-09-24,244319,47.36,515916,13322,231.32
MAFATIND,2026-09-24,16827,70.95,23718,918,119.81
MAGADSUGAR,2026-09-24,6511,69.52,9365,647,503.0
MAGNUM,2026-09-24,9941,82.71,12019,82,18.65
MAHABANK,2026-09-24,4056340,50.93,7964442,36069,82.38
MAHAPEXLTD,2026-09-24,11690,72.26,16177,282,51.74
MAHEPC,2026-09-24,12257,65.29,18772,630,98.19
MAHESHWARI,2026-09-24,7820,98.74,7920,22,72.7
MAHKTECH,2026-09-24,284516,71.79,396306,4104,21.78
MAHLIFE,2026-09-24,31581,45.94,68743,4868,353.9
MAHLOG,2026-09-24,183302,36.67,499911,16553,420.05
MAHSCOOTER,2026-09-24,1821,56.43,3227,1183,13255.0
MAHSEAMLES,2026-09-24,97406,41.82,232935,16866,708.55
MAITHANALL,2026-09-24,39234,59.82,65584,4518,977.1
MAKEINDIA,2026-09-24,7416,37.59,19729,515,160.93
MAKERSL,2026-09-24,1970,96.66,2038,48,189.42
MALLCOM,2026-09-24,5809,87.96,6604,234,950.8
MALUPAPER,2026-09-24,3308,83.05,3983,71,31.79
MAMATA,2026-09-24,72723,50.3,144579,7014,403.8
MANAKALUCO,2026-09-24,19190,62.47,30719,543,35.31
MANAKCOAT,2026-09-24,104686,46.65,224387,2924,131.16
MANAKSIA,2026-09-24,48132,65.67,73292,992,64.03
MANALIPETC,2026-09-24,488609,45.23,1080286,7148,83.28
MANAPPURAM,2026-09-24,1837816,39.31,4674648,37107,324.95
MANBA,2026-09-24,104616,42.94,243633,3840,140.35
MANCREDIT,2026-09-24,6865,5.79,118659,1776,222.52
MANGALAM,2026-09-24,25038,74.15,33768,394,31.65
MANGLMCEM,2026-09-24,37795,66.16,57124,2971,1031.5
MANINDS,2026-09-24,370647,26.17,1416561,49669,962.85
MANINFRA,2026-09-24,491945,40.28,1221376,8363,124.17
MANIPALHOS,2026-09-24,562797,59.07,952691,36505,742.5
MANKIND,2026-09-24,235255,52.6,447288,38596,2500.0
MANOMAY,2026-09-24,68390,17.86,382971,11933,233.21
MANORAMA,2026-09-24,78813,59.0,133580,20600,1882.7
MANORG,2026-09-24,1570,69.22,2268,177,453.15
MANUFGBEES,2026-09-24,39015,97.99,39814,131,159.0
MANUGRAPH,2026-09-24,224778,48.16,466712,2800,22.02
MANYAVAR,2026-09-24,74713,41.84,178569,10416,524.45
MAPMYINDIA,2026-09-24,59769,52.36,114146,7462,882.8
MARALOVER,2026-09-24,14344,73.46,19526,236,58.93
MARATHON,2026-09-24,19186,54.4,35268,1511,410.8
MARICO,2026-09-24,582893,63.37,919851,33901,824.55
MARINE,2026-09-24,934067,43.8,2132733,51936,401.5
MARKOLINES,2026-09-24,19454,31.09,62571,994,167.42
MARKSANS,2026-09-24,1043092,36.49,2858544,56948,337.4
MARSONS,2026-09-24,1785712,39.36,4536331,10930,124.37
MARUTI,2026-09-24,189841,48.22,393665,48739,11990.0
MASFIN,2026-09-24,81734,60.61,134842,4435,280.35
MASKINVEST,2026-09-24,110,88.0,125,17,140.81
MASPTOP50,2026-09-24,946698,26.82,3529466,27623,96.78
MASTEK,2026-09-24,32845,50.69,64792,9819,1543.6
MASTERTR,2026-09-24,59642,44.48,134087,1328,85.21
MATRIMONY,2026-09-24,4970,64.92,7656,412,538.55
MAWANASUG,2026-09-24,68608,49.56,138444,2233,130.7
MAXESTATES,2026-09-24,274576,20.02,1371303,59524,616.8
MAXHEALTH,2026-09-24,1243500,49.64,2505137,48388,1046.0
MAXIND,2026-09-24,11431,62.07,18417,685,149.22
MAYURUNIQ,2026-09-24,40225,56.64,71013,4258,733.1
MAZDOCK,2026-09-24,148385,32.0,463672,26398,2202.0
MBAPL,2026-09-24,233513,50.86,459173,5092,164.07
MBEL,2026-09-24,46792,42.75,109451,6321,263.95
MBLINFRA,2026-09-24,65460,71.53,91520,308,20.9
MCCHRLS-B,2026-09-24,180,60.61,297,51,677.85
MCL,2026-09-24,86330,60.06,143738,2016,61.61
MCLEODRUSS,2026-09-24,291536,65.37,445980,1918,44.84
MCLOUD,2026-09-24,382503,53.8,710919,2623,24.9
MCX,2026-09-24,1323930,32.03,4133428,167893,3427.7
MEDANTA,2026-09-24,96819,56.46,171482,12148,1506.2
MEDIASSIST,2026-09-24,251720,59.35,424095,15609,320.3
MEDICO,2026-09-24,93083,69.93,133117,1313,32.5
MEDPLUS,2026-09-24,34637,66.14,52368,5271,654.25
MEESHO,2026-09-24,4153822,30.86,13461160,95313,232.84
MEGASTAR,2026-09-24,5426,63.4,8559,405,260.9
MEIL,2026-09-24,17489,62.48,27992,1516,272.7
MERCANTILE,2026-09-24,1161,86.9,1336,35,22.59
MERCURYEV,2026-09-24,165226,47.75,345992,2142,38.87
METAL,2026-09-24,1144291,65.38,1750256,4653,13.18
METALIETF,2026-09-24,2633840,58.02,4539278,9059,13.11
METROBRAND,2026-09-24,38328,59.99,63891,10519,884.55
METROGLOBL,2026-09-24,200,100.0,200,12,128.4
METROPOLIS,2026-09-24,80345,55.99,143495,11618,582.95
MFML,2026-09-24,15213,69.28,21958,234,19.16
MFSL,2026-09-24,5752789,50.37,11421840,284662,1410.0
MGEL,2026-09-24,3434328,96.3,3566425,1214,15.63
MGL,2026-09-24,29478,56.84,51860,6783,1079.6
MHRIL,2026-09-24,38459,70.16,54816,2820,199.71
MID150,2026-09-24,75622,73.68,102632,403,22.9
MID150BEES,2026-09-24,625883,73.11,856091,15511,233.02
MID150CASE,2026-09-24,1438410,63.42,2268030,4581,11.33
MIDBANKADD,2026-09-24,214236,84.59,253272,123,16.86
MIDCAP,2026-09-24,409059,67.94,602076,1695,17.93
MIDCAPADD,2026-09-24,21631,67.0,32287,150,22.59
MIDCAPBETA,2026-09-24,1905,89.52,2128,44,232.81
MIDCAPETF,2026-09-24,3655836,78.34,4666905,10639,23.0
MIDCAPIETF,2026-09-24,459817,51.58,891504,2824,23.35
MIDHANI,2026-09-24,191296,43.76,437136,13802,406.9
MIDQ50ADD,2026-09-24,17734,61.43,28869,175,24.22
MIDSELIETF,2026-09-24,603437,89.79,672031,1552,19.19
MIDSMALL,2026-09-24,551054,76.64,719033,1196,50.98
MIDWESTLTD,2026-09-24,39104,68.1,57422,4519,942.6
MIIL,2026-09-24,22486,46.96,47887,1166,703.9
MILKYMIST,2026-09-24,3258131,34.2,9525794,95751,309.16
MINDACORP,2026-09-24,52399,57.08,91801,10400,680.3
MINDTECK,2026-09-24,10422,58.21,17903,746,155.37
MIRZAINT,2026-09-24,85083,68.34,124507,1145,28.9
MITCON,2026-09-24,46158,43.27,106676,1092,89.25
MITTAL,2026-09-24,483093,73.92,653559,290,0.74
MKEXIM,2026-09-24,19113,91.63,20858,207,68.64
MKPL,2026-09-24,36912,81.99,45022,216,4.01
MLKFOOD,2026-09-24,4673,90.33,5173,99,83.12
MMFL,2026-09-24,16577,45.14,36723,3206,612.75
MMP,2026-09-24,26031,47.18,55173,2927,453.95
MMTC,2026-09-24,1040374,49.49,2102337,11334,57.97
MMWL,2026-09-24,77230,94.15,82026,195,14.38
MNC,2026-09-24,19084,76.91,24812,391,32.27
MOALPHA50,2026-09-24,4460,62.6,7125,131,55.01
MOBANK10,2026-09-24,16007,52.75,30346,126,16.35
MOBIKWIK,2026-09-24,589988,32.39,1821686,21676,203.8
MOCAPITAL,2026-09-24,469849,59.33,791936,3468,53.18
MODEFENCE,2026-09-24,907661,69.81,1300097,6721,102.77
MODINATUR,2026-09-24,5720,65.37,8750,422,338.5
MODIRUBBER,2026-09-24,2162,91.84,2354,58,119.99
MODIS,2026-09-24,19738,48.48,40714,1383,363.2
MODTHREAD,2026-09-24,5559,93.15,5968,59,47.24
MOENERGY,2026-09-24,93107,59.89,155453,767,37.5
MOGOLD,2026-09-24,6589,47.89,13760,397,147.6
MOGSEC,2026-09-24,2113,69.9,3023,698,64.72
MOHEALTH,2026-09-24,47207,64.1,73646,545,52.55
MOHITE,2026-09-24,64336,72.9,88251,122,2.41
MOHITIND,2026-09-24,6293,90.2,6977,84,23.67
MOIL,2026-09-24,177411,41.89,423535,12252,245.38
MOINFRA,2026-09-24,964,68.47,1408,75,58.0
MOIPO,2026-09-24,5215,35.44,14716,80,47.62
MOKSH,2026-09-24,43619,83.77,52068,244,9.92
MOL,2026-09-24,320948,49.87,643537,4851,59.56
MOLBIO,2026-09-24,170285,23.41,727312,31581,1246.2
MOLDTKPAC,2026-09-24,18696,45.49,41100,3409,672.95
MOLOWVOL,2026-09-24,5025,96.58,5203,42,35.13
MOM100,2026-09-24,260287,65.78,395664,3889,65.89
MOM30IETF,2026-09-24,272187,66.93,406652,1831,30.8
MOM50,2026-09-24,3108,86.12,3609,144,242.03
MOMENTUM,2026-09-24,26313,78.16,33664,187,30.67
MOMENTUM30,2026-09-24,7765,65.03,11940,151,30.26
MOMENTUM50,2026-09-24,171587,48.37,354763,12891,53.46
MOMETAL,2026-09-24,12178,79.87,15247,54,13.95
MOMGF,2026-09-24,305,98.39,310,31,159.4
MOMIDMTM,2026-09-24,36154,65.35,55321,303,63.67
MOMMIDCAP,2026-09-24,2051578,94.28,2176041,688,12.79
MOMNC,2026-09-24,879,65.3,1346,31,31.05
MOMOMENTUM,2026-09-24,79875,75.94,105178,416,61.13
MOMSBELIEF,2026-09-24,43694,38.26,114208,2580,222.44
MON100,2026-09-24,408620,56.02,729468,20788,322.8
MON50EQUAL,2026-09-24,318707,98.86,322366,386,32.28
MONARCH,2026-09-24,39556,71.14,55606,1270,365.6
MONEXT50,2026-09-24,23062,98.67,23374,112,71.55
MONEYBOXX,2026-09-24,26766,75.11,35634,233,53.9
MONIFTY100,2026-09-24,14638,72.51,20188,87,24.45
MONIFTY500,2026-09-24,607345,68.1,891865,2343,23.18
MONQ50,2026-09-24,1043491,18.22,5727244,89662,209.44
MONTECARLO,2026-09-24,38640,62.8,61524,2152,516.5
MOOILGAS,2026-09-24,34444,99.99,34446,88,10.89
MOPSE,2026-09-24,1015,99.9,1016,17,97.57
MOQUALITY,2026-09-24,1115,85.24,1308,36,193.41
MOREALTY,2026-09-24,202975,53.91,376495,1750,86.57
MOREPENLAB,2026-09-24,3952776,42.92,9209711,37844,116.6
MOSCHIP,2026-09-24,410356,47.95,855867,13779,203.24
MOSERVICE,2026-09-24,6940,88.43,7848,112,29.72
MOSILVER,2026-09-24,8587,29.14,29471,602,223.45
MOSMALL250,2026-09-24,1618934,78.81,2054119,2858,18.25
MOTHERSON,2026-09-24,15071278,68.35,22050862,41215,162.5
MOTILALOFS,2026-09-24,366822,42.2,869276,29687,1022.0
MOTISONS,2026-09-24,31370924,20.88,150224923,268394,18.79
MOTOGENFIN,2026-09-24,12318,91.82,13416,54,25.7
MOTOUR,2026-09-24,7551,67.3,11220,170,77.14
MOVALUE,2026-09-24,44718,72.94,61307,851,110.69
MPHASIS,2026-09-24,63148,41.8,151071,15046,2248.2
MPIMANIPAL,2026-09-24,350168,28.93,1210487,34757,359.95
MPSLTD,2026-09-24,4969,58.16,8543,1878,2617.0
MRF,2026-09-24,1678,53.7,3125,2130,123985.0
MRPL,2026-09-24,850973,31.32,2717313,22791,164.49
MSCI360,2026-09-24,53717,96.25,55811,1033,9.88
MSCIADD,2026-09-24,224,60.87,368,106,28.55
MSCIINDIA,2026-09-24,7168,86.01,8334,228,28.83
MSPL,2026-09-24,236262,57.13,413570,2343,34.92
MSTCLTD,2026-09-24,164840,56.45,292006,11381,738.05
MSUMI,2026-09-24,7035989,51.5,13661765,45922,34.7
MTNL,2026-09-24,259406,44.06,588746,2903,23.81
MUFIN,2026-09-24,220522,42.82,515045,3527,131.82
MUFTI,2026-09-24,19180,64.79,29602,553,72.54
MUKANDLTD,2026-09-24,403464,39.36,1025053,14329,155.26
MUKESHB,2026-09-24,20,50.0,40,3,127.0
MULTICAP,2026-09-24,438712,73.29,598600,670,16.31
MUNJALAU,2026-09-24,74596,31.41,237491,7929,105.34
MUNJALSHOW,2026-09-24,30934,79.04,39135,540,128.9
MURUDCERA,2026-09-24,7378,90.9,8117,161,28.57
MUTHOOTCAP,2026-09-24,6977,56.62,12323,483,231.03
MUTHOOTFIN,2026-09-24,236673,51.41,460320,58890,2825.3
MUTHOOTMF,2026-09-24,82353,59.97,137330,3487,183.4
MVELECTRO,2026-09-24,248978,27.54,903917,22312,818.5
MVGJL,2026-09-24,120030,52.47,228762,4665,214.8
MWL,2026-09-24,224400,57.38,391087,2695,43.86
NACLIND,2026-09-24,213937,43.8,488457,9955,139.33
NAGREEKCAP,2026-09-24,16851,65.51,25722,402,29.55
NAGREEKEXP,2026-09-24,207614,54.45,381260,1555,24.02
NAHARCAP,2026-09-24,7880,78.04,10097,70,248.0
NAHARINDUS,2026-09-24,13668,79.66,17158,331,128.71
NAHARPOLY,2026-09-24,3447,67.05,5141,291,226.47
NAHARSPING,2026-09-24,14391,67.09,21449,584,270.6
NAM-INDIA,2026-09-24,647672,65.73,985413,33111,1144.9
NARMADA,2026-09-24,366638,62.91,582800,483,13.24
NATCOPHARM,2026-09-24,206959,39.47,524314,28502,842.0
NATHBIOGEN,2026-09-24,7248,81.81,8860,389,150.21
NATIONALUM,2026-09-24,1396720,43.0,3247810,42838,358.4
NATIONSTD,2026-09-24,14300,69.02,20720,572,115.11
NAUKRI,2026-09-24,1605785,50.89,3155710,116226,1224.0
NAVA,2026-09-24,126880,45.92,276326,15629,557.0
NAVINFLUOR,2026-09-24,30357,52.17,58189,13946,8461.0
NAVKARCORP,2026-09-24,218879,50.32,434942,5707,87.82
NAVKARURB,2026-09-24,335794,72.72,461734,231,0.91
NAVNETEDUL,2026-09-24,96400,70.36,137001,1418,123.4
NAZARA,2026-09-24,817413,43.72,1869672,27375,374.55
NBCC,2026-09-24,2143227,43.51,4925562,27966,82.34
NBIFIN,2026-09-24,80,48.19,166,69,1923.7
NCC,2026-09-24,767994,58.57,1311315,16896,133.42
NCLIND,2026-09-24,13126,59.19,22175,750,176.07
NDGL,2026-09-24,89,89.0,100,22,2576.0
NDL,2026-09-24,947828,78.4,1208977,1192,2.69
NDLVENTURE,2026-09-24,1094,89.89,1217,64,122.25
NDRAUTO,2026-09-24,17327,49.0,35359,1762,754.2
NDTV,2026-09-24,41285,63.36,65162,1441,69.93
NECLIFE,2026-09-24,66031,69.79,94617,423,10.88
NELCAST,2026-09-24,33050,48.75,67799,1417,108.89
NELCO,2026-09-24,85744,47.62,180049,7596,993.05
NEOGEN,2026-09-24,100158,43.25,231587,31329,2326.1
NEPHROPLUS,2026-09-24,5762926,61.43,9381845,65879,709.5
NESCO,2026-09-24,11813,50.35,23461,3900,1073.5
NESTLEIND,2026-09-24,533379,66.6,800885,38759,1351.0
NETF,2026-09-24,2343,70.79,3310,153,255.1
NETWEB,2026-09-24,121670,24.25,501756,40765,4661.5
NETWORK18,2026-09-24,885175,41.3,2143083,5510,26.97
NEULANDLAB,2026-09-24,54041,65.97,81922,22180,21905.0
NEWGEN,2026-09-24,111658,33.01,338272,13123,493.6
NEXT30ADD,2026-09-24,1406,64.64,2175,106,41.85
NEXT50,2026-09-24,18948,61.58,30769,2903,738.93
NEXT50ADD,2026-09-24,1194,51.6,2314,44,71.86
NEXT50BETA,2026-09-24,81323,59.99,135563,624,77.47
NEXT50ETF,2026-09-24,20178,99.28,20324,248,72.12
NEXT50IETF,2026-09-24,423224,59.87,706871,6413,75.59
NEXTMEDIA,2026-09-24,35404,78.13,45315,81,3.62
NFL,2026-09-24,166610,52.47,317524,2400,66.72
NGIL,2026-09-24,1627,96.04,1694,32,39.33
NGLFINE,2026-09-24,8579,34.8,24655,3779,2894.9
NH,2026-09-24,36822,53.78,68468,11316,1877.7
NHPC,2026-09-24,4370709,53.63,8150246,34289,76.25
NIACL,2026-09-24,1085765,26.85,4044014,41582,180.4
NIBE,2026-09-24,23000,48.18,47737,4223,1297.2
NIBL,2026-09-24,39120,82.68,47316,281,32.61
NICCOPAR,2026-09-24,233,64.19,363,30,80.49
NIF100BEES,2026-09-24,23023,77.22,29815,761,257.89
NIF100IETF,2026-09-24,42315,53.35,79317,1267,27.15
NIF500BETA,2026-09-24,5428,97.61,5561,18,36.24
NIFTY1,2026-09-24,90907,75.78,119958,1732,257.16
NIFTY100EW,2026-09-24,40450,70.59,57305,267,34.19
NIFTYADD,2026-09-24,4134,78.35,5276,174,243.8
NIFTYAXIS,2026-09-24,16960,94.6,17929,260,257.37
NIFTYBEES,2026-09-24,6102575,75.33,8101315,131054,263.99
NIFTYBETA,2026-09-24,230340,98.15,234676,617,256.77
NIFTYBETF,2026-09-24,1966,52.0,3781,124,238.03
NIFTYCASE,2026-09-24,1126828,84.78,1329048,3239,9.31
NIFTYETF,2026-09-24,288369,87.28,330384,1483,251.57
NIFTYIETF,2026-09-24,660575,73.64,896997,12791,262.34
NIFTYJBLK,2026-09-24,121983,76.84,158750,818,11.84
NIFTYQLITY,2026-09-24,7214,73.66,9794,212,20.34
NIITLTD,2026-09-24,54362,46.91,115883,1936,89.9
NIITMTS,2026-09-24,46868,54.74,85624,6581,217.57
NILAINFRA,2026-09-24,349222,66.08,528500,1200,7.06
NILASPACES,2026-09-24,617097,71.17,867119,2022,11.43
NILE,2026-09-24,4606,71.51,6441,994,1388.0
NILKAMAL,2026-09-24,15820,61.85,25578,3490,1883.7
NIMBSPROJ,2026-09-24,5389,14.89,36190,600,199.44
NINSYS,2026-09-24,1266,75.13,1685,216,713.05
NIPPOBATRY,2026-09-24,796,78.81,1010,95,324.55
NIRAJ,2026-09-24,37853,65.08,58167,202,29.13
NIRLON,2026-09-24,5541,90.26,6139,255,607.15
NITCO,2026-09-24,120656,52.86,228235,2548,90.03
NITINSPIN,2026-09-24,33037,55.58,59443,3668,605.55
NITIRAJ,2026-09-24,810,52.94,1530,81,226.25
NITTAGELA,2026-09-24,847,75.9,1116,198,1699.5
NIVABUPA,2026-09-24,981272,56.17,1747075,31384,76.13
NKIND,2026-09-24,272,91.58,297,15,59.34
NLCINDIA,2026-09-24,561823,55.78,1007201,20100,263.25
NMDC,2026-09-24,2615120,50.62,5166455,35442,80.82
NOCIL,2026-09-24,1458710,29.65,4920382,53847,191.4
NOIDATOLL,2026-09-24,45782,67.97,67357,252,3.92
NORBTEAEXP,2026-09-24,970,98.08,989,27,67.88
NORTHARC,2026-09-24,416439,50.43,825722,20532,303.0
NOVAAGRI,2026-09-24,28582,62.17,45976,365,23.01
NOVARTIND,2026-09-24,13311,43.99,30262,3122,1971.4
NPBET,2026-09-24,1936,98.73,1961,45,278.7
NPST,2026-09-24,31029,57.35,54106,6262,1782.3
NRAIL,2026-09-24,7477,53.63,13942,1362,637.75
NRBBEARING,2026-09-24,142405,41.52,342989,15821,528.9
NSIL,2026-09-24,1092,56.93,1918,432,5502.0
NSLNISP,2026-09-24,1814806,50.05,3626151,18248,42.54
NTCIND,2026-09-24,192,99.48,193,27,139.02
NTPC,2026-09-24,4818261,62.88,7662580,86371,326.6
NTPCGREEN,2026-09-24,2643445,50.13,5272785,41775,95.43
NUCLEUS,2026-09-24,6727,67.58,9954,1020,675.15
NUVAMA,2026-09-24,156457,60.97,256618,23565,1695.4
NUVOCO,2026-09-24,142495,54.88,259668,14434,335.0
NV20,2026-09-24,41890,91.9,45583,354,13.43
NV20BEES,2026-09-24,23058,73.67,31301,414,134.21
NV20IETF,2026-09-24,417975,60.19,694370,2099,13.09
NYKAA,2026-09-24,1976174,52.35,3775285,37978,335.3
OAL,2026-09-24,12158,45.83,26526,1489,532.3
OBCL,2026-09-24,10624,62.82,16912,138,59.42
OBEROIRLTY,2026-09-24,241769,51.57,468799,31416,1837.5
ODIGMA,2026-09-24,5849,96.0,6093,207,20.96
ODYCORP,2026-09-24,10165,86.19,11794,85,7.02
OFSS,2026-09-24,48421,33.98,142508,27793,10925.0
OIL,2026-09-24,412024,27.64,1490649,26606,479.0
OILIETF,2026-09-24,377472,78.41,481405,2592,11.02
OLAELEC,2026-09-24,56424579,15.0,376053325,547117,42.52
OLECTRA,2026-09-24,173951,49.75,349647,20628,1244.0
OMAXAUTO,2026-09-24,129888,46.5,279300,4787,201.62
OMAXE,2026-09-24,251076,42.13,596007,7235,117.67
OMINFRAL,2026-09-24,18612,55.71,33406,678,78.45
OMNI,2026-09-24,176392,49.54,356073,12220,547.85
OMPOWER,2026-09-24,15106,53.8,28076,808,166.03
ONEGLOBAL,2026-09-24,6362,70.85,8979,637,530.9
ONEPOINT,2026-09-24,1770600,32.61,5430134,37671,69.31
ONESOURCE,2026-09-24,62841,59.9,104912,12715,1594.6
ONGC,2026-09-24,5301642,62.42,8493746,76677,239.0
ONIDA,2026-09-24,144765,69.08,209547,804,33.28
ONIXSOLAR,2026-09-24,227283,49.9,455503,4845,321.8
ONWARDTEC,2026-09-24,9291,61.25,15168,394,287.25
OPTIEMUS,2026-09-24,414202,25.93,1597081,50012,781.5
OPTIFIN,2026-09-24,122001,73.1,166891,431,14.98
ORCHASP,2026-09-24,67900,83.97,80865,180,1.35
ORCHPHARMA,2026-09-24,43385,31.16,139255,12603,1096.15
ORICONENT,2026-09-24,12179,57.77,21083,593,51.77
ORIENTALTL,2026-09-24,49021,86.35,56769,212,4.96
ORIENTBELL,2026-09-24,6000,68.37,8776,576,391.05
ORIENTCEM,2026-09-24,243175,73.65,330197,2345,122.32
ORIENTCER,2026-09-24,52314,63.81,81986,1146,46.83
ORIENTELEC,2026-09-24,83486,62.98,132569,3046,163.98
ORIENTHOT,2026-09-24,242587,57.36,422911,2709,140.41
ORIENTPPR,2026-09-24,90875,66.68,136291,1239,16.8
ORIENTTECH,2026-09-24,58735,44.95,130674,2676,235.2
ORIRAIL,2026-09-24,26818,50.94,52651,1336,125.17
ORISSAMINE,2026-09-24,5288,55.92,9457,1948,3716.9
ORKLAINDIA,2026-09-24,62134,68.19,91120,9455,545.95
ORTINGLOBE,2026-09-24,4762,78.31,6081,24,14.75
OSWALAGRO,2026-09-24,15598,73.33,21272,244,33.88
OSWALGREEN,2026-09-24,29929,79.16,37809,438,19.9
OSWALPUMPS,2026-09-24,200134,52.01,384808,8261,280.25
OSWALSEEDS,2026-09-24,260173,58.45,445150,1374,12.68
PACEDIGITK,2026-09-24,254361,37.74,673951,10108,167.36
PACIFICI,2026-09-24,614,63.76,963,70,136.14
PAGEIND,2026-09-24,5120,31.21,16407,8521,37500.0
PAISALO,2026-09-24,3686018,32.48,11349620,32965,89.45
PAKKA,2026-09-24,54425,60.47,90009,1897,76.25
PALASHSECU,2026-09-24,2428,91.55,2652,60,84.11
PALREDTEC,2026-09-24,1656,88.09,1880,31,46.09
PANACEABIO,2026-09-24,29477,68.6,42969,1446,374.75
PANAMAPET,2026-09-24,57453,51.78,110951,4072,480.6
PANCHMAHQ,2026-09-24,495,97.06,510,69,305.0
PANORAMA,2026-09-24,441592,58.12,759790,4672,59.15
PANSARI,2026-09-24,23,100.0,23,5,286.9
PARACABLES,2026-09-24,945856,51.38,1840758,9490,60.15
PARADEEP,2026-09-24,492296,35.28,1395578,27212,154.5
PARAGMILK,2026-09-24,786569,48.56,1619666,25511,258.4
PARAS,2026-09-24,130590,28.92,451551,27462,1343.4
PARASPETRO,2026-09-24,47374,70.66,67041,216,2.08
PARKHOSPS,2026-09-24,176937,58.96,300078,6142,285.0
PARKHOTELS,2026-09-24,67335,63.78,105567,1565,105.23
PARNAXLAB,2026-09-24,1671,84.22,1984,49,123.86
PASHUPATI,2026-09-24,26162,33.52,78056,1629,78.94
PASUPTAC,2026-09-24,195353,44.84,435657,5351,76.25
PATANJALI,2026-09-24,866704,27.42,3161150,53373,404.85
PATELENG,2026-09-24,2096344,44.6,4700126,14213,27.68
PATELRMART,2026-09-24,26409,22.54,117165,2395,207.03
PATINTLOG,2026-09-24,53701,66.7,80517,415,14.01
PAUSHAKLTD,2026-09-24,33633,64.8,51906,2453,669.85
PAVNAIND,2026-09-24,45118,82.1,54956,280,15.29
PAYTM,2026-09-24,1919072,54.24,3538274,93411,1735.5
PBMPOLY,2026-09-24,151,100.0,151,6,63.68
PCBL,2026-09-24,366200,38.26,957134,24271,338.6
PCJEWELLER,2026-09-24,113156288,23.89,473639166,244293,14.25
PDMJEPAPER,2026-09-24,97487,52.85,184459,3145,95.45
PDSL,2026-09-24,29982,55.11,54408,4694,359.65
PEARLPOLY,2026-09-24,7622,92.77,8216,89,18.72
PENIND,2026-09-24,282185,46.54,606333,10216,178.75
PENINLAND,2026-09-24,165031,71.51,230786,810,16.58
PERMAGN,2026-09-24,1383,63.82,2167,275,847.7
PERNIASPOP,2026-09-24,14228,49.15,28951,2361,530.4
PERSISTENT,2026-09-24,138780,33.71,411640,30886,5277.0
PETRONET,2026-09-24,524671,49.98,1049770,22246,286.6
PFC,2026-09-24,5096790,64.08,7953489,61372,339.35
PFIZER,2026-09-24,10022,53.69,18668,4296,4046.2
PFOCUS,2026-09-24,699058,17.06,4097678,34422,318.75
PFS,2026-09-24,691057,80.57,857717,3718,26.93
PGEL,2026-09-24,183752,25.09,732431,14808,514.45
PGHH,2026-09-24,10352,58.54,17683,5164,7093.0
PGHL,2026-09-24,3839,51.02,7525,2093,5416.5
PGIL,2026-09-24,77038,26.35,292394,25482,1273.6
PHARMABEES,2026-09-24,2348460,58.23,4033114,9397,27.8
PHOENIXLTD,2026-09-24,269681,48.24,558988,33905,1955.0
PHOENXINTL,2026-09-24,3503,98.21,3567,68,28.33
PICCADIL,2026-09-24,61032,47.55,128361,6850,601.55
PIDILITIND,2026-09-24,715581,56.83,1259222,41926,1522.0
PIGL,2026-09-24,72691,73.05,99510,892,102.63
PIIND,2026-09-24,46646,40.36,115568,15638,2393.5
PILANIINVS,2026-09-24,1108,78.03,1420,283,4007.1
PILITA,2026-09-24,16492,85.11,19377,134,7.47
PINELABS,2026-09-24,12467476,38.01,32802728,170426,179.31
PIONEEREMB,2026-09-24,2361,68.02,3471,82,21.7
PIRAMALFIN,2026-09-24,312890,35.56,879880,62560,2104.3
PITTIENG,2026-09-24,47912,47.11,101695,9970,1161.0
PIXTRANS,2026-09-24,4142,47.18,8779,1322,1745.8
PLASTIBLEN,2026-09-24,19045,64.91,29339,942,189.71
PLATIND,2026-09-24,30937,57.26,54033,4156,213.33
PLAZACABLE,2026-09-24,45863,72.73,63063,998,60.69
PML,2026-09-24,605,80.35,753,75,483.85
PNB,2026-09-24,4470569,41.56,10755825,32225,117.12
PNBGILTS,2026-09-24,146813,58.82,249579,2719,75.35
PNBHOUSING,2026-09-24,227410,37.98,598730,23865,1094.5
PNC,2026-09-24,5595,89.66,6240,161,16.62
PNCINFRA,2026-09-24,762509,62.94,1211443,13837,136.72
PNGJL,2026-09-24,184145,57.96,317687,16697,591.2
PNGSREVA,2026-09-24,33523,41.68,80424,3627,523.85
POCL,2026-09-24,232720,50.59,459994,14400,468.85
PODDARMENT,2026-09-24,2866,71.54,4006,146,275.15
POEL,2026-09-24,30728,57.82,53141,1700,146.7
POKARNA,2026-09-24,22099,56.47,39133,2516,729.05
POLICYBZR,2026-09-24,16222680,59.32,27348784,182400,1207.2
POLYCAB,2026-09-24,114187,48.02,237772,24092,8366.5
POLYMED,2026-09-24,37684,33.03,114079,16376,1716.0
POLYPLEX,2026-09-24,9220,53.48,17239,2314,1097.4
POLYSPIN,2026-09-24,5257,40.11,13108,276,30.35
PONNIERODE,2026-09-24,21849,46.87,46615,2166,380.6
POONAWALLA,2026-09-24,586506,52.63,1114308,44112,466.8
POWERGRID,2026-09-24,5709613,63.66,8968993,59103,266.4
POWERICA,2026-09-24,56949,46.79,121712,5657,562.85
POWERINDIA,2026-09-24,32804,50.41,65076,21004,30715.0
POWERMECH,2026-09-24,11445,50.7,22575,4571,2429.5
PPLPHARMA,2026-09-24,1576181,36.04,4373651,63637,208.12
PRABHA,2026-09-24,32723,51.52,63514,1569,225.76
PRAENG,2026-09-24,100211,78.54,127589,535,22.86
PRAJIND,2026-09-24,168294,51.2,328703,9997,316.1
PRAKASH,2026-09-24,718119,63.26,1135105,7687,117.68
PRAKASHSTL,2026-09-24,43308,86.55,50041,301,3.68
PRANAV,2026-09-24,1144378,39.12,2925323,29536,100.19
PRASOLCHEM,2026-09-24,80650,32.22,250318,18224,720.7
PRAVEG,2026-09-24,27001,80.7,33460,627,259.3
PRAXIS,2026-09-24,59946,92.88,64541,189,4.45
PRECAM,2026-09-24,67557,45.97,146953,2575,119.99
PRECOT,2026-09-24,3429,91.81,3735,188,634.45
PRECWIRE,2026-09-24,109121,34.49,316420,20328,488.9
PREMCO,2026-09-24,451,85.42,528,77,402.3
PREMEXPLN,2026-09-24,276031,68.13,405163,6661,680.5
PREMIERENE,2026-09-24,461736,44.48,1038026,21452,898.0
PREMIERPOL,2026-09-24,801374,12.01,6670334,74672,100.51
PRESTIGE,2026-09-24,182628,63.69,286757,9866,1475.0
PRICOLLTD,2026-09-24,163415,50.73,322125,15724,763.8
PRIMESECU,2026-09-24,29654,58.42,50758,658,299.7
PRIMO,2026-09-24,76067,88.67,85789,437,22.29
PRINCEPIPE,2026-09-24,49458,60.95,81141,3272,259.8
PRIORITY,2026-09-24,619319,26.7,2319891,53354,303.99
PRISMX,2026-09-24,155473,82.9,187552,132,0.51
PRITI,2026-09-24,2374,86.77,2736,108,32.61
PRIVISCL,2026-09-24,62522,49.91,125259,20091,3537.9
PROSTARM,2026-09-24,363961,36.13,1007492,15634,139.26
PROTEAN,2026-09-24,654340,23.88,2739934,68706,641.95
PROZONER,2026-09-24,385928,57.78,667907,5470,54.16
PRSMJOHNSN,2026-09-24,96385,51.65,186625,2885,115.24
PRUDENT,2026-09-24,11363,42.04,27031,5086,3219.6
PRUDMOULI,2026-09-24,1233,71.44,1726,45,13.67
PSB,2026-09-24,486410,64.94,748966,2683,21.78
PSPPROJECT,2026-09-24,42610,49.9,85398,4663,802.6
PSUBANK,2026-09-24,27587,31.39,87881,700,82.92
PSUBANKADD,2026-09-24,11630,48.98,23742,299,83.81
PSUBNKBEES,2026-09-24,600753,51.28,1171527,5272,92.45
PSUBNKIETF,2026-09-24,33043,49.64,66563,844,83.77
PTC,2026-09-24,848748,60.69,1398404,16767,155.89
PTCIL,2026-09-24,4677,42.39,11033,4531,21820.0
PTL,2026-09-24,17314,78.23,22131,530,38.19
PUNJABCHEM,2026-09-24,1146,57.91,1979,310,1054.1
PURVA,2026-09-24,77753,51.96,149647,3232,215.06
PVP,2026-09-24,2021807,50.2,4027491,13531,65.2
PVRINOX,2026-09-24,385302,57.21,673506,32155,1256.7
PVSL,2026-09-24,12683,83.56,15179,362,98.62
PVTBANIETF,2026-09-24,3629446,68.11,5328625,2990,27.25
PVTBANK,2026-09-24,410544,91.11,450586,105,26.96
PVTBANKADD,2026-09-24,42597,45.82,92971,309,27.33
PVTBKGROWW,2026-09-24,68469,89.86,76198,246,27.01
PWL,2026-09-24,1536818,39.9,3851869,41447,132.64
PYRAMID,2026-09-24,30371,45.97,66073,1636,161.52
QGOLDHALF,2026-09-24,36997,41.1,90015,945,123.65
QNIFTY,2026-09-24,2118,63.89,3315,148,254.69
QPOWER,2026-09-24,166032,54.48,304777,20518,1500.1
QUADFUTURE,2026-09-24,132760,40.54,327499,10072,500.4
QUAL30IETF,2026-09-24,40360,89.55,45071,291,20.17
QUALITY30,2026-09-24,4503,79.6,5657,155,19.8
QUESS,2026-09-24,154126,46.65,330356,17858,353.4
QUICKHEAL,2026-09-24,63435,42.56,149055,3124,147.9
RACE,2026-09-24,20441,26.7,76549,1801,115.98
RACLGEAR,2026-09-24,12149,41.69,29143,4089,1679.8
RADAAN,2026-09-24,202348,63.8,317163,458,3.1
RADIANTCMS,2026-09-24,86536,62.25,139012,1119,35.61
RADICO,2026-09-24,131162,57.55,227909,37717,4481.3
RADIOCITY,2026-09-24,36122,89.36,40424,155,5.98
RAILTEL,2026-09-24,152147,41.66,365253,9029,261.55
RAIN,2026-09-24,2024008,47.88,4226826,31910,218.23
RAINBOW,2026-09-24,134585,56.18,239564,36576,1412.6
RAJMET,2026-09-24,174625,74.18,235422,589,3.12
RAJPALAYAM,2026-09-24,437,86.02,508,48,767.9
RAJRATAN,2026-09-24,39252,60.26,65143,3678,472.05
RAJSREESUG,2026-09-24,14859,72.95,20368,224,31.57
RAJTV,2026-09-24,118810,86.69,137056,549,10.25
RALLIS,2026-09-24,299389,54.55,548828,12792,200.36
RAMANEWS,2026-09-24,12288,79.89,15382,196,31.21
RAMAPHO,2026-09-24,8480,73.68,11509,299,122.49
RAMBHAJO,2026-09-24,118944,49.51,240258,3978,275.76
RAMCOCEM,2026-09-24,42575,46.6,91368,6723,872.1
RAMCOIND,2026-09-24,18484,50.88,36329,1480,321.8
RAMCOSYS,2026-09-24,29757,61.32,48525,2649,581.35
RAMKY,2026-09-24,56591,62.67,90295,2284,310.15
RAMRAT,2026-09-24,68673,51.33,133797,7737,548.4
RANASUG,2026-09-24,576469,89.47,644335,594,13.86
RANEHOLDIN,2026-09-24,3910,57.99,6742,1005,1590.7
RATEGAIN,2026-09-24,113474,49.45,229457,14840,824.0
RATNAMANI,2026-09-24,12567,48.83,25738,6512,2824.2
RATNAVEER,2026-09-24,1171284,42.41,2762101,22156,323.95
RAYMOND,2026-09-24,868867,11.64,7466499,225905,1203.85
RAYMONDLSL,2026-09-24,214025,25.7,832796,40271,688.85
RAYMONDREL,2026-09-24,1631979,8.97,18194912,311422,708.3
RBA,2026-09-24,1611126,59.35,2714662,15959,90.65
RBLBANK,2026-09-24,2647703,36.19,7315903,90061,412.75
RCF,2026-09-24,245061,37.74,649262,6019,108.4
RECLTD,2026-09-24,3158321,53.79,5871620,36869,308.25
REDINGTON,2026-09-24,2130730,45.08,4726104,76384,406.4
REDTAPE,2026-09-24,336701,40.6,829244,15274,122.13
REFEX,2026-09-24,105703,54.94,192387,3273,283.35
REGAAL,2026-09-24,667662,42.85,1558224,12409,90.61
REGENCERAM,2026-09-24,626,52.65,1189,51,34.78
RELAXO,2026-09-24,75904,53.25,142551,8359,291.7
RELCHEMQ,2026-09-24,1074,82.24,1306,83,118.41
RELIABLE,2026-09-24,12496,81.89,15260,559,147.95
RELIANCE,2026-09-24,8532985,61.28,13923795,238449,1219.2
RELIGARE,2026-09-24,477192,55.38,861682,19977,240.32
RELTD,2026-09-24,88418,21.16,417879,6618,146.32
REMSONSIND,2026-09-24,465382,30.61,1520482,17784,111.12
RENTOMOJO,2026-09-24,705130,27.36,2577386,55462,501.9
RENUKA,2026-09-24,3074096,37.69,8155853,13711,22.92
REPCOHOME,2026-09-24,26073,58.7,44419,1332,352.45
REPL,2026-09-24,3324,78.05,4259,109,60.62
REPRO,2026-09-24,2253,62.07,3630,596,302.2
RESPONIND,2026-09-24,89100,50.46,176568,2851,158.02
RETAIL,2026-09-24,1107,91.56,1209,37,16.72
RGL,2026-09-24,554981,38.27,1450286,17236,166.3
RHETAN,2026-09-24,738428,100.0,738428,1138,15.96
RHIM,2026-09-24,275555,49.99,551183,19313,383.8
RHL,2026-09-24,413,89.39,462,21,177.76
RICOAUTO,2026-09-24,410695,26.62,1542883,15989,130.67
RIIL,2026-09-24,15865,38.19,41538,2043,703.45
RIR,2026-09-24,172075,27.04,636443,10471,184.03
RISHABH,2026-09-24,78514,61.33,128028,5296,704.55
RITCO,2026-09-24,55917,48.8,114579,3108,286.1
RITES,2026-09-24,166403,50.47,329723,9069,201.74
RKDL,2026-09-24,5735,81.84,7008,58,18.66
RKEC,2026-09-24,157547,67.17,234560,694,22.84
RKFORGE,2026-09-24,198991,50.03,397737,14587,709.55
RKSWAMY,2026-09-24,31363,67.22,46656,574,91.72
RMC,2026-09-24,8148,59.05,13798,706,216.75
RML,2026-09-24,33962,30.29,112125,9910,1362.8
ROHLTD,2026-09-24,6537,56.25,11622,855,304.0
ROLEXRINGS,2026-09-24,770775,48.04,1604576,22266,181.41
ROML,2026-09-24,1213,75.81,1600,47,41.87
ROSSARI,2026-09-24,22798,48.78,46736,4013,446.5
ROSSELLIND,2026-09-24,15208,69.14,21996,400,51.73
ROSSTECH,2026-09-24,43449,39.06,111226,14502,1418.9
ROTO,2026-09-24,238109,14.28,1667390,10537,63.77
ROUTE,2026-09-24,49892,44.96,110981,5201,464.3
RPEL,2026-09-24,20294,41.03,49456,7580,1698.4
RPGLIFE,2026-09-24,26207,41.97,62443,10587,2899.9
RPOWER,2026-09-24,5024522,39.88,12599620,24379,20.67
RPPINFRA,2026-09-24,13824,62.66,22062,411,54.41
RPSGVENT,2026-09-24,12462,54.6,22823,1241,844.45
RPTECH,2026-09-24,87406,49.26,177454,11366,883.5
RRECL,2026-09-24,249,83.56,298,27,133.12
RRIL,2026-09-24,7546,73.17,10313,102,16.17
RRKABEL,2026-09-24,165090,46.33,356342,38821,2529.8
RSL,2026-09-24,90728,39.66,228791,6375,181.92
RSSOFTWARE,2026-09-24,18674,67.17,27801,175,31.24
RSWM,2026-09-24,56113,65.45,85731,1670,220.51
RSYSTEMS,2026-09-24,90886,62.61,145166,2818,237.43
RTNINDIA,2026-09-24,481402,43.78,1099558,6010,26.57
RTNPOWER,2026-09-24,6998705,51.45,13603465,11936,7.02
RTSPOWR,2026-09-24,431,56.94,757,36,87.16
RUBFILA,2026-09-24,39446,58.53,67396,832,63.79
RUBICON,2026-09-24,139331,52.47,265569,33682,1676.1
RUBYMILLS,2026-09-24,15956,50.06,31875,2009,494.6
RUCHINFRA,2026-09-24,27687,60.75,45578,252,5.13
RUCHIRA,2026-09-24,13587,63.42,21423,483,104.53
RUDRA,2026-09-24,30160,70.75,42631,197,19.26
RUPA,2026-09-24,127215,60.25,211159,4279,136.0
RUSHIL,2026-09-24,127122,70.87,179384,449,16.63
RUSTOMJEE,2026-09-24,25594,59.33,43140,1107,364.0
RVHL,2026-09-24,25185,90.51,27826,191,38.83
RVNL,2026-09-24,996892,34.83,2862163,31087,206.0
RVTH,2026-09-24,582,77.19,754,58,661.0
S&SPOWER,2026-09-24,1381,76.85,1797,134,315.35
SAATVIKGL,2026-09-24,50500,44.05,114648,3443,437.95
SAB,2026-09-24,46,100.0,46,2,170.0
SADBHAV,2026-09-24,112753,64.59,174570,291,7.54
SADBHIN,2026-09-24,50842,77.88,65283,132,2.59
SAFARI,2026-09-24,7232,51.44,14060,3554,1481.2
SAGARDEEP,2026-09-24,2122,67.32,3152,89,23.7
SAGCEM,2026-09-24,18826,69.79,26975,626,151.76
SAGILITY,2026-09-24,6156687,56.62,10874146,21931,45.0
SAHLIBHFI,2026-09-24,7541,47.67,15818,637,78.24
SAHYADRI,2026-09-24,9143,61.2,14940,870,366.85
SAICAPI,2026-09-24,452,92.62,488,27,146.03
SAIL,2026-09-24,7493765,30.2,24815644,101689,184.0
SAILIFE,2026-09-24,159562,30.76,518814,32097,1594.9
SAIPARENT,2026-09-24,33420,39.37,84888,3300,506.4
SAKAR,2026-09-24,53526,44.03,121571,11009,1128.55
SAKHTISUG,2026-09-24,49299,61.82,79745,518,17.96
SAKSOFT,2026-09-24,85524,45.38,188469,3092,143.53
SAKUMA,2026-09-24,1312880,53.09,2472729,1693,1.66
SALASAR,2026-09-24,1765447,69.67,2533913,2818,4.91
SALONA,2026-09-24,2165,70.38,3076,242,274.25
SALSTEEL,2026-09-24,490828,50.38,974201,2588,89.27
SALZERELEC,2026-09-24,13762,60.82,22627,1916,538.65
SAMBANDAM,2026-09-24,11,100.0,11,3,107.0
SAMBHAAV,2026-09-24,3523,60.14,5858,81,5.89
SAMBHV,2026-09-24,1049173,43.74,2398819,25057,152.36
SAMHI,2026-09-24,318456,51.49,618453,10249,158.94
SAMMAANCAP,2026-09-24,2322705,58.33,3981880,23102,140.55
SAMPANN,2026-09-24,6143,71.9,8544,143,24.08
SANATHAN,2026-09-24,281721,35.82,786460,31440,529.25
SANDESH,2026-09-24,157,72.69,216,63,1014.3
SANDHAR,2026-09-24,92215,51.43,179293,11662,575.65
SANDUMA,2026-09-24,201937,55.28,365304,7285,183.11
SANGAMIND,2026-09-24,17747,45.67,38862,2254,579.7
SANGHVIMOV,2026-09-24,159268,39.18,406457,14863,446.45
SANOFI,2026-09-24,30690,27.2,112839,16500,3132.7
SANOFICONR,2026-09-24,2321,56.14,4134,1631,3971.3
SANSERA,2026-09-24,128013,47.65,268650,41919,4605.6
SANSTAR,2026-09-24,62925,45.41,138568,7357,109.4
SAPPHIRE,2026-09-24,149493,36.35,411301,11407,225.7
SAPPL,2026-09-24,625,78.72,794,35,278.15
SARDAEN,2026-09-24,107972,52.88,204170,10748,499.45
SAREGAMA,2026-09-24,90781,44.88,202297,10633,498.45
SARLAPOLY,2026-09-24,21947,79.32,27669,569,99.99
SARVESHWAR,2026-09-24,640784,80.2,798944,1513,3.63
SASKEN,2026-09-24,7918,60.36,13119,2049,1736.8
SATIA,2026-09-24,43096,63.1,68295,1060,67.67
SATIN,2026-09-24,129484,53.25,243175,3905,226.15
SAURASHCEM,2026-09-24,27134,57.7,47022,856,52.76
SAYAJIHOTL,2026-09-24,17,100.0,17,4,327.0
SAYAJIIND,2026-09-24,590,92.04,641,54,122.0
SBC,2026-09-24,3524824,40.35,8735953,6643,48.01
SBCL,2026-09-24,80288,40.49,198267,13802,1143.2
SBFC,2026-09-24,631391,65.59,962702,9637,89.14
SBGLP,2026-09-24,123305,60.78,202878,1163,22.89
SBIBPB,2026-09-24,17600,66.22,26580,324,48.03
SBICARD,2026-09-24,524886,44.32,1184379,33735,618.4
SBIETFCON,2026-09-24,1575,50.35,3128,102,117.45
SBIETFIT,2026-09-24,3294,62.2,5296,217,312.82
SBIETFPB,2026-09-24,1315133,98.89,1329913,812,275.05
SBIETFQLTY,2026-09-24,1461,94.62,1544,69,211.29
SBIFUNDS,2026-09-24,529551,62.11,852645,40059,537.6
SBILIFE,2026-09-24,1782128,51.66,3449627,127769,1755.0
SBILIQETF,2026-09-24,67910,96.46,70404,53,1057.19
SBIMIDMOM,2026-09-24,28584,91.19,31346,183,62.44
SBIN,2026-09-24,9938065,72.41,13724672,123600,978.5
SBINEQWETF,2026-09-24,46381,69.6,66640,321,32.17
SBINMID150,2026-09-24,25679,56.6,45366,185,22.61
SBISILVER,2026-09-24,597515,53.42,1118425,6380,221.28
SBISMLETF,2026-09-24,36556,76.41,47840,242,18.2
SBIVALETF,2026-09-24,21755,69.78,31178,65,14.43
SCHAEFFLER,2026-09-24,36233,76.96,47083,5551,4024.2
SCHAND,2026-09-24,13455,58.89,22847,816,137.13
SCHNEIDER,2026-09-24,48742,57.77,84376,9389,1218.8
SCI,2026-09-24,394570,37.31,1057549,20693,276.6
SCILAL,2026-09-24,225906,60.23,375079,1693,37.29
SCODATUBES,2026-09-24,341198,61.33,556368,5806,133.79
SDBL,2026-09-24,131307,63.14,207968,2488,67.24
SEAMECLTD,2026-09-24,14146,51.76,27330,3908,1730.1
SECLEDBETA,2026-09-24,198878,89.4,222461,95,14.25
SECMARK,2026-09-24,3135,98.18,3193,22,142.5
SECURKLOUD,2026-09-24,24085,83.49,28849,171,16.72
SEDEMAC,2026-09-24,309706,29.25,1058936,96711,3313.6
SEIL,2026-09-24,161894,74.56,217128,2354,194.69
SEJALLTD,2026-09-24,7934,58.76,13503,795,683.05
SEKURITIND,2026-09-24,8537,70.76,12064,281,111.52
SELECTIPO,2026-09-24,41043,60.97,67314,222,47.51
SEMAC,2026-09-24,114,67.06,170,40,268.4
SENCO,2026-09-24,251872,49.65,507270,17023,336.0
SENORES,2026-09-24,111057,51.11,217301,16740,1344.3
SENSEXADD,2026-09-24,18541,95.84,19345,265,76.33
SENSEXAXIS,2026-09-24,5546,82.49,6723,100,76.71
SENSEXBETA,2026-09-24,1781,89.41,1992,162,821.01
SENSEXETF,2026-09-24,181429,90.71,200011,630,76.18
SENSEXIETF,2026-09-24,13566,80.6,16831,733,850.2
SEPC,2026-09-24,3295025,61.7,5340821,3745,5.12
SERVOTECH,2026-09-24,180662,54.8,329681,3745,70.29
SESHAPAPER,2026-09-24,15890,68.83,23085,570,244.74
SETF10GILT,2026-09-24,3965,96.26,4119,56,263.36
SETFGOLD,2026-09-24,2524894,61.55,4102003,10243,127.35
SETFNIF50,2026-09-24,1389598,84.17,1650846,7783,249.39
SETFNIFBK,2026-09-24,54463,56.71,96046,1515,571.57
SETFNN50,2026-09-24,25509,80.23,31794,1056,769.51
SETL,2026-09-24,314948,53.4,589754,10019,402.8
SFL,2026-09-24,61762,49.53,124707,11397,642.4
SGFIN,2026-09-24,142628,53.42,266998,10967,601.55
SGIL,2026-09-24,5093,44.83,11360,891,646.6
SGL,2026-09-24,31056,57.38,54123,256,9.81
SGLRES,2026-09-24,45066,69.48,64861,140,2.32
SGMART,2026-09-24,91073,57.72,157780,8564,717.15
SGRL,2026-09-24,24784,54.06,45846,2529,677.15
SHADOWFAX,2026-09-24,2950644,52.57,5612297,98798,285.8
SHAH,2026-09-24,1360240,85.26,1595392,626,3.2
SHAILY,2026-09-24,41324,40.77,101352,15652,3112.1
SHAKTIPUMP,2026-09-24,139781,46.22,302418,13180,472.15
SHALBY,2026-09-24,50723,42.65,118942,3088,143.77
SHANKARA,2026-09-24,29306,64.7,45295,1108,137.18
SHANKESH,2026-09-24,692680,37.01,1871422,13856,91.51
SHANTI,2026-09-24,8886,73.25,12131,73,5.62
SHANTIGEAR,2026-09-24,81041,53.39,151787,4302,666.25
SHANTIGOLD,2026-09-24,1145994,27.36,4189312,48749,283.62
SHARDACROP,2026-09-24,54175,53.4,101457,8701,740.9
SHARDAMOTR,2026-09-24,24427,46.78,52212,5390,961.85
SHAREINDIA,2026-09-24,628538,33.88,1855459,21494,211.85
SHARIABEES,2026-09-24,5105,74.2,6880,466,433.87
SHBAJRG,2026-09-24,1524,79.33,1921,77,161.0
SHERVANI,2026-09-24,3,100.0,3,1,325.0
SHILCTECH,2026-09-24,10555,52.22,20213,4915,4079.1
SHILGRAVQ,2026-09-24,13251,56.99,23252,406,144.95
SHILPAMED,2026-09-24,263490,42.35,622161,34408,1007.3
SHINDL,2026-09-24,134136,34.15,392824,3413,162.78
SHIPROCKET,2026-09-24,1447595,49.43,2928780,28624,120.46
SHIVAAGRO,2026-09-24,1951,50.24,3883,57,38.99
SHIVACEM,2026-09-24,16593,58.57,28331,156,15.65
SHIVALIK,2026-09-24,45925,48.78,94146,5024,410.7
SHIVAMAUTO,2026-09-24,72026,75.36,95578,405,17.44
SHIVAMILLS,2026-09-24,661,81.0,816,29,60.93
SHIVATEX,2026-09-24,518,94.53,548,29,170.93
SHIVAUM,2026-09-24,2323,81.11,2864,97,513.2
SHK,2026-09-24,87874,52.43,167596,2736,140.96
SHOPERSTOP,2026-09-24,25192,64.67,38955,2519,385.05
SHRADDHA,2026-09-24,1004,73.99,1357,87,150.49
SHRADHA,2026-09-24,12477,76.87,16232,148,30.51
SHREDIGCEM,2026-09-24,33646,37.05,90814,1264,67.52
SHREECEM,2026-09-24,5772,33.69,17131,8645,22350.0
SHREEJISPG,2026-09-24,111620,32.36,344972,4970,724.85
SHREEPUSHK,2026-09-24,43597,46.78,93203,3645,492.15
SHREERAMA,2026-09-24,48014,68.79,69801,843,43.87
SHREYANIND,2026-09-24,1514,96.25,1573,31,130.41
SHRIKRISH,2026-09-24,14,73.68,19,5,37.0
SHRINGARMS,2026-09-24,97110,28.17,344700,2604,210.25
SHRIPISTON,2026-09-24,48226,41.47,116305,27580,4526.7
SHRIRAMFIN,2026-09-24,2684380,65.53,4096126,105452,990.0
SHRIRAMPPS,2026-09-24,189441,57.84,327512,2843,70.85
SHRJAGP,2026-09-24,673,76.91,875,79,654.7
SHUKRAPHAR,2026-09-24,635217,41.67,1524285,7419,55.76
SHYAMMETL,2026-09-24,645597,46.87,1377316,54967,1097.9
SHYAMTEL,2026-09-24,4741,81.08,5847,39,10.91
SICAGEN,2026-09-24,7996,78.45,10193,123,52.36
SIEL,2026-09-24,54,100.0,54,3,29.05
SIEMENS,2026-09-24,95549,47.89,199507,21091,3841.8
SIGACHI,2026-09-24,1177489,50.89,2313647,6696,30.3
SIGMA,2026-09-24,46767,59.25,78932,1153,44.53
SIGNATURE,2026-09-24,39336,6.83,575895,27777,784.6
SIGNPOST,2026-09-24,43351,50.19,86371,2596,272.8
SIKA,2026-09-24,14973,51.25,29215,2928,1038.7
SIL,2026-09-24,45828,74.28,61696,497,16.89
SILGO,2026-09-24,6040,29.73,20318,279,70.47
SILINV,2026-09-24,1183,89.83,1317,78,451.6
SILVER,2026-09-24,434738,44.92,967902,7174,225.73
SILVER001,2026-09-24,43879,54.35,80732,136,22.82
SILVER1,2026-09-24,2376806,48.81,4869469,6004,21.91
SILVER360,2026-09-24,12966,73.57,17624,407,222.4
SILVERADD,2026-09-24,1574684,57.47,2739872,4091,21.74
SILVERAG,2026-09-24,171005,59.38,287976,2707,219.94
SILVERAXIS,2026-09-24,547441,55.97,978031,2554,224.63
SILVERBEES,2026-09-24,9557176,55.48,17227623,74817,215.95
SILVERBETA,2026-09-24,255814,47.74,535801,3693,217.96
SILVERBND,2026-09-24,6662,85.52,7790,133,226.46
SILVERCASE,2026-09-24,2480988,49.61,5000866,7359,22.91
SILVERIETF,2026-09-24,1391475,56.89,2445772,14483,225.62
SILVERTUC,2026-09-24,258749,36.93,700732,6470,147.51
SIMPLEXINF,2026-09-24,55304,81.88,67543,1048,251.75
SIMPLXREA,2026-09-24,302,99.67,303,8,131.99
SINCLAIR,2026-09-24,24534,54.69,44862,1030,79.61
SINDHUTRAD,2026-09-24,97612,34.95,279264,823,23.66
SINGERIND,2026-09-24,67140,59.08,113651,1179,77.95
SINTERCOM,2026-09-24,878,73.47,1195,111,77.01
SIRCA,2026-09-24,79901,26.03,306940,5164,410.7
SIS,2026-09-24,65109,54.88,118643,7964,418.45
SIYSIL,2026-09-24,12175,56.57,21521,1720,539.6
SJS,2026-09-24,59818,58.82,101698,12861,2261.4
SJVN,2026-09-24,1229327,53.08,2315850,28606,62.24
SKFINDIA,2026-09-24,30873,56.98,54183,7227,1542.0
SKFINDUS,2026-09-24,20534,45.48,45151,10240,2939.7
SKIPPER,2026-09-24,290219,42.15,688572,23489,552.35
SKMEGGPROD,2026-09-24,84798,55.61,152496,2365,223.2
SKYGOLD,2026-09-24,270625,50.34,537578,24366,782.7
SKYWAYS,2026-09-24,1642434,14.23,11545591,75674,131.0
SMALL250,2026-09-24,230935,49.48,466744,1083,18.23
SMALLADD,2026-09-24,10041,89.48,11221,196,18.27
SMALLCAP,2026-09-24,1240954,61.78,2008823,4667,48.51
SMALLGROWW,2026-09-24,5118,65.95,7761,142,48.32
SMALLIETF,2026-09-24,86792,85.67,101315,219,18.2
SMARTWORKS,2026-09-24,17265,67.01,25763,1084,538.95
SMCGLOBAL,2026-09-24,372418,45.42,820006,8815,85.07
SML100CASE,2026-09-24,1294649,68.25,1896869,2117,11.2
SMLMAH,2026-09-24,14137,41.75,33865,5980,6603.0
SMLT,2026-09-24,1475,61.25,2408,80,60.74
SMSPHARMA,2026-09-24,197155,38.59,510891,15200,474.05
SNOWMAN,2026-09-24,85823,69.65,123221,934,34.39
SNXT30BEES,2026-09-24,3306,88.0,3757,86,41.75
SNXT50BETA,2026-09-24,3222,55.07,5851,99,92.27
SOBHA,2026-09-24,19587,42.24,46367,5223,1227.7
SOFTTECH,2026-09-24,1418,56.79,2497,153,486.2
SOLARA,2026-09-24,121687,37.74,322402,16698,727.35
SOLARINDS,2026-09-24,32463,26.94,120513,26795,19480.0
SOLARWORLD,2026-09-24,91658,51.98,176321,3073,133.89
SOLEX,2026-09-24,23920,36.38,65750,4689,731.5
SOMANYCERA,2026-09-24,63658,52.07,122260,6272,601.85
SOMATEX,2026-09-24,4449,90.39,4922,142,79.94
SOMICONVEY,2026-09-24,11226,56.63,19824,504,89.6
SONACOMS,2026-09-24,1282673,49.86,2572412,86962,816.3
SONAL,2026-09-24,203,100.0,203,8,87.7
SONATSOFTW,2026-09-24,156227,41.02,380843,8513,274.7
SOTL,2026-09-24,159578,44.5,358641,12763,726.5
SOUTHBANK,2026-09-24,25319409,43.89,57683718,148611,49.9
SOUTHWEST,2026-09-24,47416,59.07,80269,1901,188.76
SPAL,2026-09-24,13403,47.71,28092,2572,979.0
SPANDANA,2026-09-24,61682,64.77,95230,3848,225.61
SPARC,2026-09-24,347829,38.34,907336,18375,203.98
SPCENET,2026-09-24,193722,84.3,229800,378,3.36
SPENCERS,2026-09-24,21730,71.93,30208,200,28.92
SPIC,2026-09-24,133099,50.44,263877,2681,65.86
SPLIL,2026-09-24,1321,90.54,1459,31,29.61
SPLPETRO,2026-09-24,71424,47.98,148875,14130,879.9
SPMLINFRA,2026-09-24,84349,64.77,130233,2101,165.36
SPORTKING,2026-09-24,78424,57.93,135379,5146,210.85
SRD,2026-09-24,34191,80.32,42571,237,39.45
SRF,2026-09-24,43861,39.85,110060,11680,2533.8
SRGHFL,2026-09-24,22902,76.14,30079,410,154.5
SRHHYPOLTD,2026-09-24,31523,43.33,72755,5337,605.75
SRM,2026-09-24,12708,55.69,22818,1125,419.0
SRTL,2026-09-24,11307,68.1,16603,284,38.38
SSDL,2026-09-24,31789,54.61,58214,1350,66.3
SSRETAIL,2026-09-24,3130211,10.25,30540990,755533,811.8
SSWL,2026-09-24,416105,30.7,1355247,43310,376.1
STANLEY,2026-09-24,22297,60.63,36775,785,135.22
STAR,2026-09-24,63819,50.4,126615,13429,1202.8
STARCEMENT,2026-09-24,37676,59.44,63388,1881,187.24
STARHEALTH,2026-09-24,8790683,91.1,9649635,63366,550.4
STARPAPER,2026-09-24,7774,60.67,12814,282,155.27
STARTECK,2026-09-24,22,9.69,227,19,240.4
STCINDIA,2026-09-24,13713,74.11,18503,544,109.85
STEAMHOUSE,2026-09-24,2359053,25.24,9348134,61221,113.71
STEELCAS,2026-09-24,88379,50.85,173791,4642,357.8
STEELCITY,2026-09-24,6938,87.59,7921,176,83.19
STEELXIND,2026-09-24,4483393,32.46,13813428,14367,11.43
STEL,2026-09-24,3954,50.86,7774,928,625.85
STLNETWORK,2026-09-24,9694198,35.78,27090526,46790,52.01
STLSTRINF,2026-09-24,10796,73.05,14778,114,23.15
STOVEKRAFT,2026-09-24,50373,61.2,82310,4899,818.35
STUDDS,2026-09-24,29284,68.18,42948,2668,412.25
STYL,2026-09-24,69890,61.5,113636,3594,370.35
STYLAMIND,2026-09-24,28563,46.53,61387,17434,3319.2
STYLEBAAZA,2026-09-24,302159,54.53,554142,8629,370.4
STYRENIX,2026-09-24,7318,56.76,12894,2008,2088.2
SUBEXLTD,2026-09-24,5912519,30.3,19515256,47426,20.71
SUBROS,2026-09-24,13777,49.74,27699,2220,720.1
SUDARCOLOR,2026-09-24,3000,67.07,4473,367,382.2
SUDARSCHEM,2026-09-24,54434,47.49,114610,10075,1218.0
SUDEEPPHRM,2026-09-24,87666,60.74,144322,9129,1143.4
SUKHJITS,2026-09-24,9960,59.72,16679,358,161.13
SULA,2026-09-24,73593,49.77,147857,3685,135.78
SUMEDHA,2026-09-24,602,100.0,602,5,43.5
SUMEETINDS,2026-09-24,332367,99.96,332514,116,11.6
SUMICHEM,2026-09-24,107135,53.53,200137,9417,449.7
SUMIT,2026-09-24,4037,96.35,4190,81,49.59
SUMMITSEC,2026-09-24,2103,79.27,2653,346,1383.2
SUNCLAY,2026-09-24,2568,60.24,4263,380,1249.4
SUNDARAM,2026-09-24,556081,63.71,872800,366,1.16
SUNDARMFIN,2026-09-24,26073,64.5,40423,8229,4592.0
SUNDRMFAST,2026-09-24,82777,53.84,153739,17238,1172.3
SUNDROP,2026-09-24,20288,75.11,27010,1273,756.2
SUNFLAG,2026-09-24,564460,36.53,1545083,34913,396.8
SUNLOC,2026-09-24,289,99.66,290,25,72.0
SUNPHARMA,2026-09-24,1090701,62.58,1742885,79309,1849.9
SUNRAKSHAK,2026-09-24,4863,63.95,7604,303,367.75
SUNSHIEL,2026-09-24,1967,75.31,2612,340,1149.8
SUNSHINE,2026-09-24,152422,39.86,382361,4791,436.9
SUNTECK,2026-09-24,40738,51.1,79719,2874,284.05
SUNTV,2026-09-24,574910,17.09,3364719,79456,512.7
SUPERHOUSE,2026-09-24,2226,72.67,3063,118,165.45
SUPRAJIT,2026-09-24,36889,59.82,61664,4383,486.65
SUPREME,2026-09-24,7858,67.04,11722,164,31.29
SUPREMEIND,2026-09-24,23827,36.8,64745,11683,3434.0
SUPREMEINF,2026-09-24,9437,79.13,11926,184,80.39
SUPRIYA,2026-09-24,109975,44.53,246987,14963,961.75
SURAJEST,2026-09-24,170350,49.34,345285,5914,219.42
SURAJLTD,2026-09-24,150,97.4,154,11,200.5
SURAKSHA,2026-09-24,32437,53.05,61147,2562,356.0
SURANASOL,2026-09-24,9681,74.24,13041,290,25.65
SURANAT&P,2026-09-24,69385,79.83,86919,429,15.89
SURYALA,2026-09-24,2631,100.0,2631,26,390.05
SURYALAXMI,2026-09-24,3434,75.82,4529,128,57.5
SURYAROSNI,2026-09-24,233958,60.46,386944,6860,217.5
SURYODAY,2026-09-24,231918,58.16,398726,5972,145.34
SUVEN,2026-09-24,115201,54.54,211218,5596,335.05
SUVIDHAA,2026-09-24,94879,81.73,116093,187,2.21
SUYOG,2026-09-24,6076,67.44,9010,804,660.15
SUZLON,2026-09-24,61069454,46.53,131241030,192643,40.74
SVGLOBAL,2026-09-24,1292,65.78,1964,72,148.32
SVLL,2026-09-24,2437,76.73,3176,149,820.4
SVPGLOB,2026-09-24,7049,74.82,9421,71,3.28
SWANCORP,2026-09-24,211508,33.65,628548,11072,294.7
SWARAJENG,2026-09-24,4797,60.28,7958,2335,3548.6
SWARNSAR,2026-09-24,35746,79.1,45191,290,42.04
SWELECTES,2026-09-24,4564,30.1,15162,846,561.65
SWIGGY,2026-09-24,7274098,46.44,15664085,103638,267.45
SWSOLAR,2026-09-24,297292,45.3,656330,8521,177.34
SYMBIOTEC,2026-09-24,255460,46.72,546818,33632,1024.05
SYMPHONY,2026-09-24,34862,60.15,57959,3196,576.7
SYNCOMF,2026-09-24,2698856,22.43,12034163,25964,20.03
SYNGENE,2026-09-24,104881,45.53,230354,11706,380.35
SYRMA,2026-09-24,213862,25.43,841054,41796,1698.6
TAALTECH,2026-09-24,29057,47.86,60717,6459,1050.5
TAINWALCHM,2026-09-24,3141,83.98,3740,74,216.79
TAJGVK,2026-09-24,32107,66.86,48019,1990,323.2
TAKE,2026-09-24,94781,69.44,136493,516,15.4
TALBROAUTO,2026-09-24,109418,41.2,265580,9849,466.0
TANAA,2026-09-24,42195,43.14,97808,3430,331.8
TANLA,2026-09-24,105747,49.65,213003,8718,489.6
TARACHAND,2026-09-24,49321,75.84,65029,542,46.11
TARAPUR,2026-09-24,17448,79.36,21986,138,12.22
TARC,2026-09-24,149591,49.85,300094,4427,129.35
TARIL,2026-09-24,352380,52.34,673240,15366,280.4
TARMAT,2026-09-24,4590,71.67,6404,242,54.05
TARSONS,2026-09-24,57281,55.66,102908,3224,335.45
TASTYBITE,2026-09-24,1359,48.5,2802,1003,9903.0
TATACAP,2026-09-24,1178195,54.63,2156796,49775,336.25
TATACHEM,2026-09-24,292096,38.16,765531,21748,652.2
TATACOMM,2026-09-24,76317,68.16,111964,8714,1670.0
TATACONSUM,2026-09-24,684817,68.28,1002889,47254,986.3
TATAELXSI,2026-09-24,76294,34.54,220867,26471,3183.8
TATAGOLD,2026-09-24,17944379,50.29,35682468,60859,14.52
TATAINVEST,2026-09-24,106531,32.71,325712,14729,658.35
TATAPOWER,2026-09-24,1219508,45.03,2708315,31290,363.45
TATASTEEL,2026-09-24,6718012,42.79,15701549,105599,188.02
TATATECH,2026-09-24,384439,35.41,1085643,53714,717.75
TATSILV,2026-09-24,23743930,56.49,42029593,49706,21.92
TATVA,2026-09-24,21797,41.94,51972,6540,1728.6
TBOTEK,2026-09-24,132027,69.83,189060,10682,1687.2
TCC,2026-09-24,133706,23.47,569671,4750,51.63
TCI,2026-09-24,16125,58.07,27766,4530,833.45
TCIEXP,2026-09-24,5749,44.17,13017,1350,492.75
TCIFINANCE,2026-09-24,7097,86.38,8216,96,14.86
TCPLPACK,2026-09-24,6107,51.6,11836,2636,4058.8
TCS,2026-09-24,770410,43.76,1760662,82859,2087.0
TDPOWERSYS,2026-09-24,660359,51.22,1289189,44265,742.0
TEAMGTY,2026-09-24,36,48.0,75,12,241.71
TEAMLEASE,2026-09-24,6350,56.38,11262,4361,1192.0
TECH,2026-09-24,22740,58.77,38691,301,30.95
TECHM,2026-09-24,926971,54.3,1707105,48979,1543.0
TECHNOCRAF,2026-09-24,355176,29.66,1197482,22493,475.05
TECHNOE,2026-09-24,27916,47.0,59392,8358,991.65
TECHNVISN,2026-09-24,481,72.99,659,135,4130.0
TECILCHEM,2026-09-24,9616,91.04,10562,77,9.25
TEGA,2026-09-24,131078,34.25,382732,24976,2062.0
TEJASNET,2026-09-24,362758,31.22,1162117,27635,511.3
TEMBO,2026-09-24,2020772,43.0,4699220,22512,59.26
TEMPSENS,2026-09-24,620546,34.83,1781856,41960,543.4
TENNIND,2026-09-24,166511,50.04,332762,17149,511.25
TERAI,2026-09-24,227,87.98,258,16,111.55
TERASOFT,2026-09-24,45474,65.44,69488,1998,220.65
TEXINFRA,2026-09-24,148469,45.15,328844,5500,118.9
TEXMOPIPES,2026-09-24,77032,66.4,116010,1292,58.05
TEXRAIL,2026-09-24,2561843,33.3,7694285,65848,126.77
TFCILTD,2026-09-24,10991554,60.2,18259746,42135,143.46
TFL,2026-09-24,17439,86.17,20237,93,11.73
TGBHOTELS,2026-09-24,17111,82.4,20766,101,9.5
TGVSL,2026-09-24,218015,44.61,488751,4601,109.31
THAKDEV,2026-09-24,134,52.34,256,93,131.44
THANGAMAYL,2026-09-24,29658,58.85,50396,10855,5097.0
THEINVEST,2026-09-24,6670,89.14,7483,145,92.63
THEJO,2026-09-24,2336,60.82,3841,502,2168.8
THELEELA,2026-09-24,97280,70.53,137918,11079,533.2
THEMISMED,2026-09-24,17273,53.79,32113,947,118.1
THERMAX,2026-09-24,51985,61.72,84227,17191,3406.1
THOMASCOOK,2026-09-24,205650,50.93,403771,4006,103.97
THOMASCOTT,2026-09-24,17356,58.74,29547,726,235.0
THYROCARE,2026-09-24,42888,48.98,87557,8543,566.75
TI,2026-09-24,239866,47.36,506431,20030,587.55
TIGERLOGS,2026-09-24,130688,76.63,170542,1217,26.36
TIIL,2026-09-24,9159,33.94,26986,6316,3033.1
TIINDIA,2026-09-24,32437,45.92,70640,9935,2540.5
TIMETECHNO,2026-09-24,735462,42.89,1714746,17423,179.31
TIMEX,2026-09-24,130798,45.28,288835,18639,710.8
TIMKEN,2026-09-24,20393,48.23,42287,9123,3256.9
TINNARUBR,2026-09-24,16402,49.7,33002,2703,982.8
TIPSFILMS,2026-09-24,1137,81.33,1398,111,311.5
TIPSMUSIC,2026-09-24,141656,53.22,266188,11312,662.05
TIRUMALCHM,2026-09-24,228621,46.78,488664,10811,162.95
TITAGARH,2026-09-24,165281,50.58,326786,22225,819.25
TITAN,2026-09-24,271588,53.87,504126,40952,4832.5
TMB,2026-09-24,67062,40.09,167289,13849,893.55
TMCV,2026-09-24,2381633,49.56,4805833,98415,437.15
TMPV,2026-09-24,5161596,56.56,9126313,108949,295.0
TNIDETF,2026-09-24,88178,79.77,110546,1079,86.3
TNPETRO,2026-09-24,277154,32.1,863308,12293,126.98
TNPL,2026-09-24,194102,48.15,403094,5258,148.94
TNTELE,2026-09-24,53728,71.32,75331,347,9.31
TOKYOPLAST,2026-09-24,860,82.77,1039,61,75.62
TOLINS,2026-09-24,18948,60.68,31227,1063,90.14
TOP100CASE,2026-09-24,672560,79.27,848441,1832,10.21
TOP10ADD,2026-09-24,351092,84.77,414184,1012,83.79
TOP15IETF,2026-09-24,436984,78.07,559755,657,9.34
TOP20,2026-09-24,97155,97.48,99666,422,8.5
TORNTPHARM,2026-09-24,140297,54.86,255716,23692,4928.5
TORNTPOWER,2026-09-24,34553,50.94,67834,9026,1244.2
TOUCHWOOD,2026-09-24,62,100.0,62,3,61.78
TOYAMSL,2026-09-24,2514228,61.61,4080574,639,0.84
TPLPLASTEH,2026-09-24,35556,36.22,98176,976,65.06
TRACXN,2026-09-24,78328,69.16,113250,999,31.83
TRANSCOR,2026-09-24,4232,91.92,4604,51,24.41
TRANSRAILL,2026-09-24,456608,35.6,1282611,35968,464.0
TRAVELFOOD,2026-09-24,6280,50.99,12316,3015,1214.2
TREEHOUSE,2026-09-24,8530,59.12,14428,59,6.07
TREJHARA,2026-09-24,5430,74.44,7294,295,135.31
TREL,2026-09-24,54354,49.94,108843,4234,27.8
TRENT,2026-09-24,286223,51.4,556839,43924,2700.0
TRF,2026-09-24,9526,81.68,11662,257,215.13
TRIDENT,2026-09-24,1171604,48.85,2398291,11403,23.15
TRIGYN,2026-09-24,10810,69.25,15610,305,54.95
TRITONV,2026-09-24,1251,77.7,1610,286,1109.4
TRITURBINE,2026-09-24,108780,49.51,219693,30308,551.8
TRIVENI,2026-09-24,258730,68.08,380043,7698,240.2
TRU,2026-09-24,42068,87.92,47849,144,4.21
TRUALT,2026-09-24,256055,65.69,389804,9748,429.0
TSFINV,2026-09-24,48888,55.18,88605,6806,456.9
TTKHLTCARE,2026-09-24,6868,58.48,11744,1515,1045.4
TTKPRESTIG,2026-09-24,16883,43.56,38754,2721,515.3
TTL,2026-09-24,310129,52.44,591416,606,7.25
TTML,2026-09-24,410094,42.0,976514,5470,35.02
TURTLEMINT,2026-09-24,1010699,99.89,1011837,6104,109.04
TUTIALKA,2026-09-24,6866,57.84,11871,158,55.53
TVSELECT,2026-09-24,18881,54.49,34653,1848,381.7
TVSHLTD,2026-09-24,3887,52.24,7441,2928,12501.0
TVSMOTOR,2026-09-24,608128,65.12,933899,43886,4091.0
TVSSCS,2026-09-24,251182,47.89,524473,11763,130.47
TVSSRICHAK,2026-09-24,9636,59.51,16193,3109,4412.0
TVTODAY,2026-09-24,5293,59.61,8880,310,107.77
TWCGOLDETF,2026-09-24,22075,99.51,22184,144,149.01
UBL,2026-09-24,70820,53.21,133103,12874,1270.2
UCOBANK,2026-09-24,1264449,52.43,2411463,9967,23.74
UDAYJEW,2026-09-24,19014,26.56,71597,2127,162.33
UDS,2026-09-24,32613,58.16,56075,1644,201.9
UEL,2026-09-24,9667,52.45,18430,834,188.09
UFLEX,2026-09-24,51086,42.64,119810,5430,661.55
UFO,2026-09-24,14563,74.7,19495,309,59.53
UGARSUGAR,2026-09-24,148398,56.45,262893,2361,55.77
UGROCAP,2026-09-24,87705,56.33,155699,3109,82.23
UJJIVANSFB,2026-09-24,16489275,49.9,33045929,148970,62.69
ULTRACEMCO,2026-09-24,162131,53.21,304695,36403,11056.0
ULTRAMAR,2026-09-24,26305,61.28,42929,1840,429.05
UMESLTD,2026-09-24,35302,89.15,39599,119,4.51
UMIYA-MRO,2026-09-24,36843,49.26,74800,1372,96.42
UNICHEMLAB,2026-09-24,62834,40.26,156065,7266,552.65
UNIDT,2026-09-24,281634,43.64,645371,14331,259.76
UNIECOM,2026-09-24,99588,52.05,191326,2269,82.76
UNIENTER,2026-09-24,972,60.11,1617,34,90.5
UNIINFO,2026-09-24,137,74.86,183,11,11.29
UNIMECH,2026-09-24,71753,40.02,179298,22411,1692.3
UNIONBANK,2026-09-24,1810939,40.38,4484417,37474,179.45
UNIONGOLD,2026-09-24,1475,63.36,2328,273,146.45
UNIPARTS,2026-09-24,25962,47.45,54719,7055,850.35
UNITDSPR,2026-09-24,116325,53.09,219089,18007,1423.3
UNITECH,2026-09-24,2623348,64.04,4096221,2254,4.05
UNITEDPOLY,2026-09-24,150743,88.22,170870,505,45.27
UNITEDTEA,2026-09-24,1584,86.99,1821,104,428.25
UNIVCABLES,2026-09-24,49045,38.27,128146,10584,1517.0
UNOMINDA,2026-09-24,160541,36.02,445754,28796,1224.4
UPL,2026-09-24,735778,57.54,1278779,28987,549.6
URBANCO,2026-09-24,1651151,39.67,4162727,37079,171.26
URJA,2026-09-24,259703,64.4,403236,1986,9.0
USHAMART,2026-09-24,242082,39.87,607143,19360,523.2
USK,2026-09-24,17787,84.07,21157,207,19.61
UTIAMC,2026-09-24,29396,62.39,47119,5233,907.9
UTKARSHBNK,2026-09-24,2259906,47.58,4749458,9886,13.86
UTLSOLAR,2026-09-24,113807,55.27,205916,10713,433.4
UTTAMSUGAR,2026-09-24,34760,53.86,64541,1861,260.0
V2RETAIL,2026-09-24,317500,57.06,556422,10889,214.47
VADILALIND,2026-09-24,4577,46.72,9796,3192,7413.5
VADILENT,2026-09-24,10,90.91,11,8,10303.0
VAIBHAVGBL,2026-09-24,98291,63.89,153843,4275,205.25
VAISHALI,2026-09-24,90497,52.68,171784,346,8.53
VAKRANGEE,2026-09-24,497933,49.39,1008105,1738,5.3
VAL30IETF,2026-09-24,76636,59.65,128483,657,14.87
VALIANTORG,2026-09-24,40793,68.59,59473,1514,411.35
VALUE,2026-09-24,15139,99.42,15227,103,15.78
VALUEAXIS,2026-09-24,23526,55.16,42653,370,32.18
VAML,2026-09-24,2563052,56.7,4520000,73128,429.4
VARDMNPOLY,2026-09-24,114255,89.06,128283,281,5.81
VARROC,2026-09-24,52481,40.44,129764,10454,833.4
VASCONEQ,2026-09-24,920791,46.61,1975613,7865,33.29
VASUPRADA,2026-09-24,212,100.0,212,3,95.3
VASWANI,2026-09-24,20617,78.34,26319,222,45.08
VBL,2026-09-24,2965734,59.11,5016972,50013,431.25
VEDAVAAG,2026-09-24,12489,59.75,20903,182,21.31
VEDL,2026-09-24,3145012,55.31,5685750,62020,267.5
VEDPOWER,2026-09-24,5100717,55.44,9200935,38103,32.1
VEEDOL,2026-09-24,2788,52.18,5343,836,1364.3
VENKEYS,2026-09-24,16323,46.99,34737,3667,1664.1
VENTIVE,2026-09-24,4361,41.32,10555,891,572.75
VENUSPIPES,2026-09-24,42216,44.04,95848,9544,2206.3
VENUSREM,2026-09-24,15391,48.93,31456,3122,1624.8
VERANDA,2026-09-24,201196,43.12,466617,7467,232.46
VERTOZ,2026-09-24,36113,87.48,41283,393,36.73
VESUVIUS,2026-09-24,31152,68.46,45504,2808,391.85
VETO,2026-09-24,52088,64.08,81284,2086,143.04
VGCL,2026-09-24,3094,99.29,3116,34,47.2
VGL,2026-09-24,68106,58.11,117211,896,66.52
VGUARD,2026-09-24,109925,55.28,198837,10492,308.6
VHL,2026-09-24,389,93.51,416,42,3368.1
VIDHIING,2026-09-24,25432,68.2,37289,1162,352.45
VIDYAWIRES,2026-09-24,686620,49.49,1387256,8849,86.23
VIJAYA,2026-09-24,51726,50.82,101780,13559,1526.5
VIJSOLX,2026-09-24,7,100.0,7,2,636.05
VIKASECO,2026-09-24,1071255,62.96,1701614,1045,1.03
VIKASLIFE,2026-09-24,1146304,50.36,2276172,8454,1.24
VIKRAMSOLR,2026-09-24,545348,55.97,974428,11057,160.42
VIKRAN,2026-09-24,2496228,7.16,34848858,142260,60.99
VIMTALABS,2026-09-24,69389,49.37,140540,9592,597.5
VINATIORGA,2026-09-24,40005,58.64,68223,9194,1195.0
VINCOFE,2026-09-24,1242287,33.63,3693467,46470,183.75
VINDHYATEL,2026-09-24,27185,52.27,52006,6289,2767.5
VINEETLAB,2026-09-24,38294,72.68,52687,571,34.93
VINNY,2026-09-24,294984,95.46,309005,179,0.92
VINYLINDIA,2026-09-24,5061,65.71,7702,741,220.32
VIPCLOTHNG,2026-09-24,30596,76.51,39989,208,21.7
VIPIND,2026-09-24,222888,69.32,321535,4259,300.95
VIRAT,2026-09-24,2256,29.09,7756,589,361.55
VIRINCHI,2026-09-24,33688,85.48,39412,214,13.81
VISACHROME,2026-09-24,33552,70.15,47827,383,36.34
VISAKAIND,2026-09-24,587928,41.81,1406348,13025,94.79
VISHAL,2026-09-24,18200,65.92,27608,256,18.06
VISHNU,2026-09-24,35877,60.25,59548,4581,703.25
VISHWARAJ,2026-09-24,110873,68.4,162085,570,5.28
VISL,2026-09-24,13988473,44.97,31103791,53737,32.13
VITAL,2026-09-24,5506,89.76,6134,153,54.37
VIVIANA,2026-09-24,9145,68.14,13420,749,706.25
VIVIDHA,2026-09-24,266370,67.43,395032,168,0.53
VIVOBIOT,2026-09-24,14519,85.47,16987,181,16.08
VIYASH,2026-09-24,994539,56.27,1767338,28580,246.0
VLEGOV,2026-09-24,29612,66.6,44465,328,10.25
VLSFINANCE,2026-09-24,4564,70.51,6473,260,239.58
VMART,2026-09-24,74350,52.32,142108,10453,773.7
VMM,2026-09-24,8135402,46.19,17613951,72865,105.46
VMSTMT,2026-09-24,17125,52.71,32492,474,46.13
VOEPL,2026-09-24,26293,39.4,66741,3430,497.65
VOGL,2026-09-24,7067753,49.07,14402274,36925,34.53
VOITHPAPR,2026-09-24,844,96.35,876,47,1416.7
VOLTAMP,2026-09-24,4951,51.76,9565,3609,10587.0
VOLTAS,2026-09-24,219522,41.4,530213,20385,1113.4
VPRPL,2026-09-24,115825,45.83,252747,1267,32.9
VRAJ,2026-09-24,4439,50.49,8792,516,126.19
VRLLOG,2026-09-24,76355,62.81,121565,4472,291.65
VSSL,2026-09-24,54073,46.79,115559,5149,405.0
VSTIND,2026-09-24,58538,58.11,100738,3197,206.69
VSTL,2026-09-24,4093,74.98,5459,254,112.87
VSTTILLERS,2026-09-24,7635,44.47,17167,3094,4516.7
VTL,2026-09-24,217879,9.46,2304091,66153,563.6
VTMLTD,2026-09-24,55085,59.96,91863,1332,42.13
WAAREEENER,2026-09-24,182755,46.97,389057,39334,2482.0
WAAREEINDO,2026-09-24,32007,100.0,32007,548,242.95
WAAREERTL,2026-09-24,55170,41.32,133525,12445,832.3
WABAG,2026-09-24,295494,42.8,690358,31144,2029.2
WAKEFIT,2026-09-24,97151,60.2,161388,2529,142.83
WALCHANNAG,2026-09-24,217425,49.99,434910,6809,208.07
WANBURY,2026-09-24,97624,51.22,190580,4898,225.15
WARDINMOBI,2026-09-24,179641,72.39,248149,759,5.62
WATERBASE,2026-09-24,11417,65.82,17346,311,45.36
WCIL,2026-09-24,45994,27.74,165817,1786,95.78
WEALTH,2026-09-24,1247,88.75,1405,118,839.25
WEBELSOLAR,2026-09-24,1028306,43.9,2342303,17193,74.07
WEIZMANIND,2026-09-24,79,50.0,158,13,71.67
WEL,2026-09-24,209913,48.3,434603,2929,74.18
WELCORP,2026-09-24,408228,40.72,1002471,59183,2692.2
WELENT,2026-09-24,97344,43.02,226253,10806,749.15
WELSPLSOL,2026-09-24,249296,47.51,524720,4558,53.46
WELSPUNLIV,2026-09-24,1688284,35.19,4797903,46500,222.32
WENDT,2026-09-24,3804,56.15,6775,1864,8525.5
WESTLIFE,2026-09-24,71247,53.7,132688,8210,569.25
WEWIN,2026-09-24,13768,89.21,15434,120,49.01
WEWORK,2026-09-24,45117,61.31,73586,4911,651.7
WHBRADY,2026-09-24,30,75.0,40,17,498.95
WHEELS,2026-09-24,57909,30.67,188804,14504,2180.8
WHIRLPOOL,2026-09-24,838701,11.19,7497954,205329,853.45
WILLAMAGOR,2026-09-24,2585,93.69,2759,46,23.4
WINDLAS,2026-09-24,29748,55.54,53563,5094,1093.8
WINDMACHIN,2026-09-24,87731,72.8,120512,1670,300.9
WIPL,2026-09-24,711,49.0,1451,65,166.6
WIPRO,2026-09-24,2595901,36.91,7033397,65135,163.64
WOCKPHARMA,2026-09-24,273541,33.17,824745,44365,2287.7
WONDERLA,2026-09-24,46614,75.17,62008,1822,509.95
WORTHPERI,2026-09-24,1940,96.85,2003,62,147.26
WPIL,2026-09-24,15670,50.15,31249,1839,435.8
WSI,2026-09-24,6845,68.99,9922,255,56.96
WSTCSTPAPR,2026-09-24,82045,49.79,164772,10457,737.95
XCHANGING,2026-09-24,33959,60.63,56011,1020,60.35
XELPMOC,2026-09-24,3098,89.69,3454,147,74.59
XPROINDIA,2026-09-24,37508,54.81,68439,5300,1207.0
XTGLOBAL,2026-09-24,21467,41.43,51819,552,29.26
XTRANET,2026-09-24,411374,38.32,1073441,14185,313.71
YASHO,2026-09-24,17162,41.14,41712,9113,4043.7
YATHARTH,2026-09-24,197512,40.33,489737,25331,1157.0
YATRA,2026-09-24,279889,48.63,575540,5462,105.2
YESBANK,2026-09-24,45926036,44.92,102237435,160857,22.44
YOGI,2026-09-24,596,100.0,596,8,164.0
YUKEN,2026-09-24,4179,53.15,7863,941,1127.75
ZAGGLE,2026-09-24,334718,49.44,676984,8266,178.22
ZEEL,2026-09-24,4685490,31.51,14869768,53583,78.17
ZEELEARN,2026-09-24,91446,85.02,107560,338,6.77
ZEEMEDIA,2026-09-24,426832,50.3,848644,1408,7.4
ZENITHEXPO,2026-09-24,226,97.84,231,62,195.53
ZENITHSTL,2026-09-24,29382,70.37,41752,286,5.27
ZENSARTECH,2026-09-24,490623,42.19,1163001,32582,422.55
ZENTEC,2026-09-24,76807,45.5,168806,14784,1645.7
ZFCVINDIA,2026-09-24,91319,55.68,164020,23874,2345.5
ZFSTEERING,2026-09-24,5710,51.78,11028,1044,746.1
ZIMLAB,2026-09-24,55643,61.66,90235,830,137.82
ZODIAC,2026-09-24,6989,70.29,9943,536,227.44
ZODIACLOTH,2026-09-24,1545,85.5,1807,28,69.23
ZOTA,2026-09-24,35890,38.73,92659,7601,1345.7
ZSARACOM,2026-09-24,39,76.47,51,42,9948.0
ZUARI,2026-09-24,33505,39.16,85550,2783,218.41
ZUARIIND,2026-09-24,63745,47.82,133311,4036,282.85
ZYDUSLIFE,2026-09-24,1057657,53.8,1965875,39301,1180.3
ZYDUSWELL,2026-09-24,27017,40.8,66218,5302,520.15
