Symbol,Date,DelivQty,DelivPct,TotalQty,Trades,Close
20MICRONS,2026-09-23,43130,41.24,104573,3299,219.21
21STCENMGM,2026-09-23,4049,66.68,6072,118,39.92
360ONE,2026-09-23,2031238,55.77,3642452,95307,1108.0
3BBLACKBIO,2026-09-23,3337,50.92,6553,1115,1431.6
3MINDIA,2026-09-23,1926,38.58,4992,2592,34615.0
3PLAND,2026-09-23,2246,83.46,2691,63,30.91
5PAISA,2026-09-23,21740,70.5,30838,1069,318.15
63MOONS,2026-09-23,170273,33.39,510000,24250,852.95
A2ZINFRA,2026-09-23,112427,58.46,192304,756,14.79
AAATECH,2026-09-23,10156,8.71,116561,464,93.56
AADHARHFC,2026-09-23,153063,68.75,222625,8710,454.55
AAKASH,2026-09-23,97962,95.13,102979,297,9.13
AAREYDRUGS,2026-09-23,166413,47.26,352115,1184,102.63
AARON,2026-09-23,4951,63.6,7785,266,122.6
AARTIDRUGS,2026-09-23,80261,40.4,198653,10861,436.25
AARTIIND,2026-09-23,228341,56.75,402389,14299,491.35
AARTIPHARM,2026-09-23,651868,22.13,2945650,117728,940.1
AARVI,2026-09-23,6412,76.67,8363,191,136.48
AASTHA,2026-09-23,1055550,35.36,2984740,14820,89.77
AAVAS,2026-09-23,38536,49.47,77904,11609,1285.8
ABANSENT,2026-09-23,4810,71.04,6771,101,26.86
ABB,2026-09-23,39553,43.2,91561,14446,7120.0
ABBOTINDIA,2026-09-23,2421,53.24,4547,2501,26935.0
ABCAPITAL,2026-09-23,1136489,57.96,1960710,45714,402.45
ABCOTS,2026-09-23,489,64.77,755,81,203.57
ABDL,2026-09-23,1084000,46.74,2319309,48128,656.4
ABFRL,2026-09-23,1440863,53.38,2699462,14896,49.09
ABGSEC,2026-09-23,453,97.63,464,9,114.39
ABLBL,2026-09-23,601579,58.91,1021258,8998,79.81
ABMKNO,2026-09-23,275,93.86,293,12,171.41
ABREL,2026-09-23,102231,54.81,186515,21278,1206.4
ABSL10BANK,2026-09-23,406,74.36,546,17,166.32
ABSLAMC,2026-09-23,28665,43.47,65947,10450,1026.6
ABSLBANETF,2026-09-23,238250,87.96,270869,204,57.95
ABSLLIQUID,2026-09-23,1668,54.83,3042,24,1000.0
ABSLMSCIN,2026-09-23,71,92.21,77,5,29.03
ABSLNN50ET,2026-09-23,2810,51.96,5408,158,76.24
ABSLPSE,2026-09-23,52132,60.32,86429,270,10.02
ACC,2026-09-23,20806,39.17,53120,6590,1251.4
ACCELYA,2026-09-23,3789,79.1,4790,465,1124.6
ACE,2026-09-23,127553,49.17,259422,22176,1253.9
ACEINTEG,2026-09-23,599,71.82,834,49,17.43
ACGL,2026-09-23,346,91.29,379,70,1731.8
ACI,2026-09-23,131739,50.23,262279,10056,474.6
ACL,2026-09-23,7745,79.25,9773,190,42.58
ACMESOLAR,2026-09-23,1211939,44.57,2719156,95699,452.3
ACUTAAS,2026-09-23,192470,42.92,448482,58372,3265.2
ADANIENSOL,2026-09-23,489476,52.41,933961,35382,1380.0
ADANIENT,2026-09-23,338968,39.63,855435,35686,2993.2
ADANIGREEN,2026-09-23,198090,30.97,639643,23815,1300.9
ADANIPORTS,2026-09-23,766791,64.68,1185484,48881,1807.3
ADANIPOWER,2026-09-23,10884676,53.7,20269523,78841,204.8
ADDIND,2026-09-23,428,91.65,467,30,74.05
ADFFOODS,2026-09-23,32159,51.17,62842,2828,268.05
ADL,2026-09-23,830,71.06,1168,66,69.87
ADOR,2026-09-23,11992,45.14,26565,2612,1598.0
ADROITINFO,2026-09-23,251572,58.74,428270,1521,13.53
ADSL,2026-09-23,48627,63.4,76698,1577,97.78
ADVAIT,2026-09-23,21579,61.56,35052,4645,1976.8
ADVANCE,2026-09-23,237532,44.68,531664,6039,119.37
ADVANIHOTR,2026-09-23,14916,66.3,22499,445,47.57
ADVENTHTL,2026-09-23,90107,55.48,162425,2459,130.36
ADVENZYMES,2026-09-23,118344,54.66,216525,5579,297.0
ADVIKCA,2026-09-23,404935,59.29,682962,495,1.01
AEGISLOG,2026-09-23,170630,38.1,447832,23997,1404.5
AEGISVOPAK,2026-09-23,467132,37.25,1254083,32072,302.8
AEPL,2026-09-23,12206,70.13,17404,178,16.49
AEQUS,2026-09-23,2382477,66.84,3564314,53590,243.94
AEROENTER,2026-09-23,187589,43.0,436225,7356,126.51
AEROFLEX,2026-09-23,347317,36.97,939383,28111,520.8
AERONEU,2026-09-23,9490,34.02,27894,228,67.2
AEROPLANE,2026-09-23,305878,46.24,661546,9267,205.74
AETHER,2026-09-23,53071,51.25,103556,15862,1648.2
AFCONS,2026-09-23,437790,50.74,862881,14031,258.3
AFFLE,2026-09-23,66512,54.97,121001,13884,1584.3
AFFORDABLE,2026-09-23,20170,59.9,33674,728,174.65
AFIL,2026-09-23,658172,87.42,752891,849,8.22
AFSL,2026-09-23,6026,81.96,7352,173,204.56
AGARIND,2026-09-23,36998,42.83,86387,3928,408.65
AGARWALEYE,2026-09-23,133635,40.6,329131,13880,494.8
AGI,2026-09-23,87220,46.21,188739,12996,837.2
AGIIL,2026-09-23,2128340,30.4,7001540,18873,268.8
AGL,2026-09-23,749529,51.17,1464781,3307,14.22
AGRITECH,2026-09-23,651,51.75,1258,72,97.83
AGROPHOS,2026-09-23,14100,75.81,18600,150,24.25
AHCL,2026-09-23,18630186,16.47,113090092,333842,29.68
AHLADA,2026-09-23,12645,73.88,17116,202,39.15
AHLEAST,2026-09-23,516,32.58,1584,35,136.36
AHLUCONT,2026-09-23,31427,63.82,49246,4515,580.6
AIAENG,2026-09-23,15195,48.29,31467,10027,3970.0
AIIL,2026-09-23,60890,43.59,139672,8279,561.45
AIRAN,2026-09-23,38879,79.36,48993,440,16.78
AIROLAM,2026-09-23,3022,90.53,3338,57,90.79
AJANTPHARM,2026-09-23,15071,49.53,30430,6497,3568.1
AJAXENGG,2026-09-23,20189,54.84,36816,6663,569.15
AJMERA,2026-09-23,107873,45.86,235230,2773,120.63
AJOONI,2026-09-23,233721,81.72,286000,409,3.28
AKASH,2026-09-23,1135,79.54,1427,23,24.76
AKCAPIT,2026-09-23,956,79.87,1197,109,1753.9
AKG,2026-09-23,15061,59.51,25308,169,9.97
AKSHAR,2026-09-23,478176,65.17,733762,192,0.41
AKUMS,2026-09-23,224946,51.8,434249,27853,823.3
ALANKIT,2026-09-23,38153,71.96,53018,367,8.04
ALBERTDAVD,2026-09-23,3967,73.67,5385,373,878.55
ALEMBICLTD,2026-09-23,310008,44.61,694993,6670,106.04
ALFREDHE,2026-09-23,13,100.0,13,13,2796.9
ALGOQUANT,2026-09-23,509168,37.54,1356453,6056,72.1
ALICON,2026-09-23,34501,68.74,50192,2648,739.05
ALIVUS,2026-09-23,45686,47.27,96644,14369,1383.1
ALKALI,2026-09-23,70333,41.59,169113,2060,101.63
ALKEM,2026-09-23,68356,48.82,140012,17334,5417.5
ALKYLAMINE,2026-09-23,11665,31.89,36583,5967,1883.0
ALLCARGO,2026-09-23,2611602,37.05,7049122,9402,11.38
ALLDIGI,2026-09-23,2134,54.4,3923,442,780.25
ALLTIME,2026-09-23,19332,56.31,34329,1419,205.36
ALMONDZ,2026-09-23,296880,72.8,407792,951,19.55
ALOKINDS,2026-09-23,10409593,46.38,22445047,13111,7.64
ALPA,2026-09-23,24908,38.64,64455,789,60.39
ALPHA,2026-09-23,766187,75.52,1014532,1973,53.42
ALPHAETF,2026-09-23,112315,79.73,140875,490,26.5
ALPINETEX,2026-09-23,129337,56.43,229195,2194,52.44
ALPL30IETF,2026-09-23,668447,63.16,1058368,767,27.23
ALUFLUOR,2026-09-23,17337,63.44,27329,1345,577.55
AMAGI,2026-09-23,167928,43.26,388203,15942,578.7
AMAL,2026-09-23,5442,78.97,6891,510,704.3
AMARJOTHI,2026-09-23,1719,94.45,1820,27,148.12
AMBER,2026-09-23,21765,34.27,63504,10950,7064.5
AMBICAAGAR,2026-09-23,11616,81.39,14272,185,25.45
AMBIKCO,2026-09-23,2268,52.85,4291,684,1582.7
AMBUJACEM,2026-09-23,290352,41.61,697717,12743,392.75
AMJLAND,2026-09-23,13323,83.23,16007,188,37.97
AMNPLST,2026-09-23,1547,72.56,2132,119,169.0
AMRUTANJAN,2026-09-23,20135,57.89,34784,2032,510.05
ANANDRATHI,2026-09-23,197574,58.64,336940,35266,2169.2
ANANTRAJ,2026-09-23,1170852,35.17,3329387,71987,631.8
ANDHRAPAP,2026-09-23,104578,36.47,286782,3661,71.19
ANDHRSUGAR,2026-09-23,84231,39.38,213868,6420,95.2
ANDREWYU,2026-09-23,238072,47.03,506185,3812,28.09
ANGELONE,2026-09-23,844882,41.7,2026293,20676,300.0
ANIKINDS,2026-09-23,8688,98.01,8864,58,44.98
ANNAPURNA,2026-09-23,27779,71.58,38808,811,130.68
ANNU,2026-09-23,606463,36.05,1682230,13355,53.04
ANSALBU,2026-09-23,52428,29.2,179538,2600,100.14
ANTELOPUS,2026-09-23,244862,21.5,1138872,54937,1161.2
ANTGRAPHIC,2026-09-23,247748,97.24,254770,139,0.73
ANTHEM,2026-09-23,210169,46.42,452800,23695,881.9
ANUHPHR,2026-09-23,65462,48.7,134416,2321,93.39
ANUP,2026-09-23,26953,47.97,56184,7109,1698.4
ANURAS,2026-09-23,163246,52.15,313061,29655,1193.4
AONEGOLD,2026-09-23,121108,51.54,234977,1518,14.09
AONELIQUID,2026-09-23,17427,64.94,26834,126,1078.01
AONENIFTY,2026-09-23,61286,70.65,86750,971,9.69
AONESILVER,2026-09-23,216569,54.65,396315,928,8.8
AONETMMQ50,2026-09-23,174149,89.63,194288,223,10.21
AONETOTAL,2026-09-23,76024,61.0,124629,810,11.72
APARINDS,2026-09-23,47615,36.68,129819,42882,17876.0
APCL,2026-09-23,1562,63.73,2451,136,95.93
APCOTEXIND,2026-09-23,39756,50.76,78328,4017,609.8
APEX,2026-09-23,31888,40.89,77992,3925,362.5
APLAPOLLO,2026-09-23,180978,50.62,357496,23344,2195.0
APLLTD,2026-09-23,76993,52.46,146755,13052,844.4
APOLLO,2026-09-23,1597405,34.21,4669049,56185,404.6
APOLLOHOSP,2026-09-23,265276,63.23,419571,43935,9069.0
APOLLOPIPE,2026-09-23,23835,34.33,69429,2987,522.45
APOLLOTYRE,2026-09-23,401515,53.4,751954,30753,405.7
APOLSINHOT,2026-09-23,217,80.67,269,48,1214.0
APOORVA,2026-09-23,1160,75.37,1539,33,34.32
APTECHT,2026-09-23,41904,57.87,72405,1001,92.06
APTUS,2026-09-23,1717881,54.29,3164338,45880,251.33
AQYLON,2026-09-23,386768,59.07,654709,2163,18.81
ARCHIDPLY,2026-09-23,9544,68.88,13856,381,109.77
ARCHIES,2026-09-23,18401,83.03,22162,94,12.93
ARCIL,2026-09-23,5780105,40.56,14251234,137875,149.76
ARCL,2026-09-23,2631,85.2,3088,62,255.79
ARDEE,2026-09-23,1125850,36.2,3110150,19664,52.25
ARE&M,2026-09-23,364349,60.69,600363,24125,812.85
ARENTERP,2026-09-23,989,75.09,1317,56,34.98
ARFIN,2026-09-23,320122,24.38,1313201,5961,91.42
ARIHANT,2026-09-23,985,58.56,1682,205,900.8
ARIHANTCAP,2026-09-23,1360744,12.89,10557223,74884,94.06
ARIHANTSUP,2026-09-23,5472,58.85,9298,232,239.95
ARIS,2026-09-23,732870,27.02,2711866,23184,143.72
ARKADE,2026-09-23,71583,47.23,151561,2389,127.73
ARMANFIN,2026-09-23,5573,43.78,12730,2144,1968.9
AROGRANITE,2026-09-23,6829,75.7,9021,180,24.23
ARROWGREEN,2026-09-23,47726,53.34,89479,7499,900.0
ARSSBL,2026-09-23,254896,61.72,413000,9757,510.8
ARTEMISMED,2026-09-23,85445,54.83,155838,6500,341.9
ARTNIRMAN,2026-09-23,950,88.7,1071,16,40.01
ARVEE,2026-09-23,20425,38.76,52699,1286,242.18
ARVIND,2026-09-23,341296,53.37,639484,30555,548.25
ARVINDFASN,2026-09-23,179851,49.33,364577,14027,425.45
ARVSMART,2026-09-23,445662,6.7,6650986,142730,634.05
ARYAMAN,2026-09-23,4,100.0,4,2,611.05
ASAHIINDIA,2026-09-23,147680,56.24,262585,9522,971.3
ASAL,2026-09-23,5626,40.55,13874,852,452.0
ASALCBR,2026-09-23,15544,57.85,26870,2457,657.9
ASHAPURMIN,2026-09-23,86531,43.43,199250,7916,532.85
ASHIANA,2026-09-23,18237,27.09,67327,2225,391.05
ASHIMASYN,2026-09-23,58510,65.7,89060,341,15.81
ASHOKA,2026-09-23,213787,50.41,424088,4522,112.8
ASHOKAMET,2026-09-23,133633,41.11,325089,1103,15.54
ASHOKLEY,2026-09-23,1902188,47.42,4011012,34940,162.89
ASIANENE,2026-09-23,123724,40.08,308700,11158,489.7
ASIANHOTNR,2026-09-23,23660,83.21,28435,575,390.45
ASIANPAINT,2026-09-23,238086,59.7,398823,33351,2455.0
ASIANTILES,2026-09-23,1075802,36.69,2932333,8341,51.16
ASIANTNE,2026-09-23,8025,75.14,10680,61,9.24
ASKAUTOLTD,2026-09-23,116185,35.46,327609,17444,651.25
ASMS,2026-09-23,343434,88.33,388816,961,6.47
ASPINWALL,2026-09-23,2202,87.55,2515,76,255.55
ASSAMENT,2026-09-23,2,100.0,2,2,780.0
ASTAR,2026-09-23,498,50.46,987,163,708.95
ASTEC,2026-09-23,110578,32.94,335710,17438,757.45
ASTERDM,2026-09-23,533873,60.53,882021,55326,760.05
ASTRAL,2026-09-23,159677,58.9,271088,19598,1394.8
ASTRAMICRO,2026-09-23,111916,54.29,206138,25015,1602.1
ASTRAZEN,2026-09-23,2051,54.49,3764,1105,6706.0
ATALREAL,2026-09-23,2747977,30.99,8867970,4160,14.36
ATAM,2026-09-23,6244,73.96,8442,215,59.24
ATGL,2026-09-23,206791,21.89,944768,27043,625.25
ATHERENERG,2026-09-23,2384073,35.65,6687076,198980,1499.4
ATL,2026-09-23,405196,50.89,796192,5172,25.93
ATLANTAA,2026-09-23,14650,62.98,23261,447,35.83
ATLANTAELE,2026-09-23,41140,52.11,78945,10588,1656.3
ATLASCYCLE,2026-09-23,58129,24.26,239595,5011,100.46
ATUL,2026-09-23,7028,50.8,13834,4178,6118.0
ATULAUTO,2026-09-23,48229,49.75,96934,4010,457.75
AUBANK,2026-09-23,915558,58.49,1565213,51068,1053.0
AUGMONT,2026-09-23,228118,36.11,631751,27926,886.3
AURIONPRO,2026-09-23,67840,53.76,126195,7087,689.4
AUROPHARMA,2026-09-23,581530,61.14,951081,50665,1721.5
AURUM,2026-09-23,35870,49.12,73019,2380,223.19
AURUS,2026-09-23,111275,89.52,124303,276,4.67
AUSOMENT,2026-09-23,3247,88.55,3667,147,147.63
AUSTENG,2026-09-23,70721,30.2,234205,3987,164.19
AUTOAXLES,2026-09-23,1870,75.25,2485,343,1682.0
AUTOBEES,2026-09-23,47365,53.37,88750,1542,280.54
AUTOIETF,2026-09-23,191391,67.37,284070,1498,28.2
AUTOIND,2026-09-23,142914,48.28,296038,3587,87.79
AVADHSUGAR,2026-09-23,30238,34.66,87245,4710,730.8
AVALON,2026-09-23,65430,39.5,165657,16878,2445.6
AVANCE,2026-09-23,4754169,65.99,7204800,1607,0.83
AVANTEL,2026-09-23,318640,43.7,729108,9067,146.17
AVANTIFEED,2026-09-23,88566,41.35,214188,14115,767.2
AVL,2026-09-23,18893,36.0,52482,3439,624.4
AVONMORE,2026-09-23,290884,77.45,375571,870,13.48
AVROIND,2026-09-23,154721,75.44,205089,824,7.13
AVTNPL,2026-09-23,416014,39.09,1064371,14084,96.88
AWFIS,2026-09-23,191522,37.92,505043,11670,269.05
AWHCL,2026-09-23,180830,14.16,1277403,37362,387.95
AWL,2026-09-23,602828,45.0,1339573,19822,186.18
AXISBANK,2026-09-23,1255454,54.88,2287837,64055,1243.2
AXISCADES,2026-09-23,143186,49.18,291136,26300,1940.2
AXITA,2026-09-23,161746,61.2,264291,405,8.0
AXTEL,2026-09-23,21300,90.93,23425,443,450.35
AYE,2026-09-23,268557,39.82,674407,11557,180.66
AYMSYNTEX,2026-09-23,31607,48.54,65117,2215,292.8
AZAD,2026-09-23,110795,49.13,225494,22087,2713.2
AZADIND,2026-09-23,3573,11.92,29970,361,80.93
BAGFILMS,2026-09-23,84761,82.63,102573,272,4.34
BAIDFIN,2026-09-23,37968,83.78,45319,239,10.55
BAJAJ-AUTO,2026-09-23,108345,68.27,158704,16705,11400.0
BAJAJCON,2026-09-23,317499,52.99,599193,25871,505.85
BAJAJELEC,2026-09-23,45494,49.84,91278,3097,329.4
BAJAJFINSV,2026-09-23,318515,42.66,746622,37659,1846.5
BAJAJHCARE,2026-09-23,171417,39.13,438116,14032,352.7
BAJAJHFL,2026-09-23,1087541,49.96,2176881,16622,83.52
BAJAJHIND,2026-09-23,2865514,22.95,12484841,17704,20.52
BAJAJHLDNG,2026-09-23,11416,48.6,23489,7563,11449.0
BAJAJINDEF,2026-09-23,19812,57.21,34631,741,221.9
BAJAJST,2026-09-23,2438,65.15,3742,290,349.8
BAJEL,2026-09-23,33591,48.83,68789,2125,174.06
BAJFINANCE,2026-09-23,4586465,53.22,8618523,189164,1043.2
BALAJEE,2026-09-23,17953,66.59,26960,252,25.68
BALAJITELE,2026-09-23,28898,38.86,74370,1697,94.18
BALAMINES,2026-09-23,73292,29.01,252681,25533,2271.2
BALAXI,2026-09-23,66091,81.42,81169,494,22.94
BALKRISHNA,2026-09-23,2915,64.49,4520,64,16.15
BALKRISIND,2026-09-23,50855,54.66,93043,12519,2199.6
BALMLAWRIE,2026-09-23,30097,64.95,46338,976,167.43
BALPHARMA,2026-09-23,16865,45.79,36829,815,108.28
BALRAMCHIN,2026-09-23,214675,20.97,1023714,27064,676.4
BALUFORGE,2026-09-23,151476,23.99,631352,11112,506.25
BANARBEADS,2026-09-23,1074,96.76,1110,40,113.28
BANARISUG,2026-09-23,119,45.25,263,119,3342.8
BANCOINDIA,2026-09-23,29842,50.34,59280,5700,611.75
BANDHANBNK,2026-09-23,15219177,36.37,41844761,140391,191.38
BANG,2026-09-23,22123,58.3,37947,376,31.78
BANK10ADD,2026-09-23,5769,30.66,18817,89,16.59
BANK10BETF,2026-09-23,1191,9.89,12037,25,20.46
BANKA,2026-09-23,635,91.37,695,9,76.5
BANKADD,2026-09-23,84493,98.8,85517,63,58.01
BANKBARODA,2026-09-23,3221066,56.94,5657358,41680,236.87
BANKBEES,2026-09-23,149839,59.58,251472,4262,585.57
BANKBETA,2026-09-23,189325,96.03,197155,208,58.42
BANKBETF,2026-09-23,3740,62.86,5950,490,57.64
BANKETF,2026-09-23,46752,82.03,56995,1745,576.92
BANKIETF,2026-09-23,244061,75.72,322306,915,58.02
BANKINDIA,2026-09-23,1895866,54.74,3463585,26752,139.65
BANKNIFTY1,2026-09-23,454227,75.66,600339,594,58.68
BANKPSU,2026-09-23,5226,48.17,10850,59,84.16
BANSALWIRE,2026-09-23,156733,77.17,203102,3907,315.9
BANSWRAS,2026-09-23,28299,80.07,35341,578,111.28
BASF,2026-09-23,5534,42.73,12952,2509,3580.4
BATAINDIA,2026-09-23,59060,50.46,117043,6398,637.2
BATLIBOI,2026-09-23,12434,71.84,17309,484,84.28
BAYERCROP,2026-09-23,73897,79.58,92860,9600,3762.6
BBETF0432,2026-09-23,431,80.26,537,21,1340.66
BBL,2026-09-23,8692,53.44,16265,3222,2231.1
BBNPNBETF,2026-09-23,2609,95.43,2734,16,57.19
BBNPPGOLD,2026-09-23,498,74.33,670,45,146.4
BBOX,2026-09-23,149482,38.01,393313,24092,809.85
BBTC,2026-09-23,22254,45.53,48883,4055,1450.2
BBTCL,2026-09-23,2570,68.04,3777,243,231.3
BCG,2026-09-23,2385020,51.92,4593817,5213,9.59
BCLIND,2026-09-23,433916,34.76,1248255,5846,34.14
BCONCEPTS,2026-09-23,1951,77.67,2512,277,153.06
BCPL,2026-09-23,4731,79.25,5970,161,69.47
BDL,2026-09-23,266761,41.12,648782,21892,1161.0
BEARDSELL,2026-09-23,9293,81.88,11349,110,24.75
BECTORFOOD,2026-09-23,222763,34.28,649769,15273,219.3
BEDMUTHA,2026-09-23,5032,84.37,5964,73,104.89
BEEKAY,2026-09-23,815,75.67,1077,118,423.25
BEL,2026-09-23,4110817,61.07,6731863,68383,396.05
BELLACASA,2026-09-23,16938,66.17,25599,1470,284.12
BELRISE,2026-09-23,1444862,50.73,2848133,40067,249.78
BEML,2026-09-23,66691,32.68,204095,15980,2095.4
BENARAS,2026-09-23,58,98.31,59,22,10470.0
BENGALASM,2026-09-23,58,42.03,138,87,6182.5
BEPL,2026-09-23,355722,45.67,778846,9560,130.49
BERGEPAINT,2026-09-23,139667,43.62,320195,18094,459.75
BESTAGRO,2026-09-23,198120,37.33,530764,1683,18.59
BETA,2026-09-23,16409,54.76,29966,4141,2187.8
BFINVEST,2026-09-23,6700,63.47,10556,842,446.7
BFSI,2026-09-23,36854,41.12,89631,456,26.58
BFUTILITIE,2026-09-23,19767,57.81,34192,1636,530.5
BHAGCHEM,2026-09-23,59828,65.67,91103,1308,247.0
BHAGERIA,2026-09-23,80137,54.43,147240,2428,351.75
BHAGYANGR,2026-09-23,76937,52.24,147276,5773,444.65
BHANDARI,2026-09-23,76132,84.16,90463,236,2.95
BHARATCOAL,2026-09-23,1729570,49.48,3495396,12487,32.62
BHARATFORG,2026-09-23,404253,53.24,759299,34319,2004.0
BHARATRAS,2026-09-23,4175,54.48,7663,1111,1134.0
BHARATSE,2026-09-23,32723,41.6,78657,3288,220.05
BHARATWIRE,2026-09-23,54746,49.78,109975,2426,170.1
BHARTIARTL,2026-09-23,2725316,73.69,3698253,101538,1833.2
BHARTIHEXA,2026-09-23,42844,61.99,69109,17641,1525.2
BHEL,2026-09-23,2718895,51.85,5244031,58370,423.1
BIGBLOC,2026-09-23,38741,62.25,62239,630,39.97
BIKAJI,2026-09-23,214441,4.9,4379438,118896,591.1
BIL,2026-09-23,3297,72.16,4569,527,1034.95
BIMETAL,2026-09-23,219,96.05,228,29,660.65
BIOCON,2026-09-23,1449342,54.37,2665586,34056,395.0
BIOFILCHEM,2026-09-23,6362,50.85,12512,194,32.29
BIRLACABLE,2026-09-23,253379,48.8,519169,13691,361.9
BIRLACORPN,2026-09-23,15602,44.49,35065,4203,839.95
BIRLAMONEY,2026-09-23,47728,75.61,63124,1047,120.34
BIRLANU,2026-09-23,3447,61.48,5607,1094,1407.3
BLACKBUCK,2026-09-23,231639,42.26,548088,22762,616.05
BLAL,2026-09-23,7991,70.23,11378,338,165.33
BLBLIMITED,2026-09-23,193752,62.43,310344,1266,17.33
BLEL,2026-09-23,231689,37.06,625105,20151,469.6
BLIL,2026-09-23,29910,79.98,37398,1234,67.28
BLKASHYAP,2026-09-23,353507,49.36,716221,3552,53.97
BLS,2026-09-23,224351,46.94,477976,11698,230.07
BLSE,2026-09-23,191167,44.44,430157,11192,322.45
BLUECLOUDS,2026-09-23,867231,52.23,1660415,4736,19.73
BLUECOAST,2026-09-23,41,100.0,41,12,20.82
BLUEDART,2026-09-23,2320,47.33,4902,1800,4799.5
BLUEJET,2026-09-23,304098,56.78,535536,27868,585.75
BLUESTARCO,2026-09-23,25043,22.68,110416,8391,1532.6
BLUESTONE,2026-09-23,1717859,18.63,9219890,267836,855.5
BLUSPRING,2026-09-23,345494,51.13,675699,3653,132.59
BMWVENTLTD,2026-09-23,140125,78.45,178615,1172,51.2
BNAGROCHEM,2026-09-23,1101,93.23,1181,26,206.88
BNKETFAXIS,2026-09-23,6810,94.03,7242,68,584.85
BODALCHEM,2026-09-23,853867,41.17,2073889,12728,199.53
BOHRAIND,2026-09-23,2758,100.0,2758,19,13.64
BOMDYEING,2026-09-23,168721,35.8,471331,4934,111.52
BONLON,2026-09-23,7324,80.46,9103,138,40.93
BORANA,2026-09-23,24323,75.43,32247,505,295.5
BOROLTD,2026-09-23,57543,44.65,128862,3254,267.5
BORORENEW,2026-09-23,112332,46.02,244086,11814,475.0
BOROSCI,2026-09-23,155851,60.59,257217,2419,117.74
BOSCH-HCIL,2026-09-23,13694,57.77,23705,3163,1769.8
BOSCHLTD,2026-09-23,4371,39.25,11137,5774,47955.0
BPCL,2026-09-23,1173614,56.82,2065484,19394,315.75
BPL,2026-09-23,33156,75.13,44133,685,45.09
BPLPHARMA,2026-09-23,1553,70.62,2199,167,1545.5
BRAHMINFRA,2026-09-23,12490,92.9,13444,566,154.55
BRIGADE,2026-09-23,77944,44.43,175436,11832,616.45
BRIGHOTEL,2026-09-23,43866,73.0,60089,1806,57.05
BRIGHTBR,2026-09-23,371,72.04,515,29,251.1
BRITANNIA,2026-09-23,124691,60.11,207441,22494,4929.0
BRNL,2026-09-23,24520,39.73,61714,363,16.66
BROOKS,2026-09-23,39151,49.81,78607,657,61.0
BSE,2026-09-23,1169676,41.82,2796681,118373,3270.7
BSE500IETF,2026-09-23,40100,59.77,67086,778,38.72
BSHSL,2026-09-23,4496,86.66,5188,88,85.57
BSL,2026-09-23,2074,86.42,2400,164,124.24
BSLGOLDETF,2026-09-23,142981,76.03,188051,1557,132.9
BSLNIFTY,2026-09-23,644271,88.99,724016,3187,27.56
BSLSENETFG,2026-09-23,457,49.09,931,66,75.32
BSOFT,2026-09-23,273893,47.85,572371,10538,281.1
BTML,2026-09-23,786167,93.04,844976,405,7.15
BUILDPRO,2026-09-23,13997,51.08,27400,3142,1292.3
BUTTERFLY,2026-09-23,5237,56.49,9270,541,566.0
BVCL,2026-09-23,8250,78.3,10537,174,42.12
BYKE,2026-09-23,57753,76.57,75426,500,30.35
CAMLINFINE,2026-09-23,445268,39.93,1115122,11311,98.69
CAMPUS,2026-09-23,97812,46.02,212531,6904,211.05
CAMS,2026-09-23,710555,53.28,1333519,62552,723.9
CANBK,2026-09-23,7804932,50.04,15597011,72806,126.0
CANFINHOME,2026-09-23,111592,51.51,216630,7812,757.95
CANHLIFE,2026-09-23,127229,48.46,262543,6246,151.63
CANTABIL,2026-09-23,84051,49.54,169647,2695,238.55
CAPACITE,2026-09-23,129201,53.39,242003,3632,198.25
CAPILLARY,2026-09-23,304771,50.14,607870,19277,545.55
CAPITALSFB,2026-09-23,24829,74.37,33387,665,284.6
CAPLIPOINT,2026-09-23,30404,47.27,64325,12295,2793.8
CARBORUNIV,2026-09-23,252898,42.3,597871,38043,1264.5
CARERATING,2026-09-23,12300,65.51,18775,4476,1639.6
CARRARO,2026-09-23,80372,51.5,156054,8784,554.6
CARTRADE,2026-09-23,60746,33.06,183741,26576,3001.8
CARYSIL,2026-09-23,31245,46.15,67696,5788,1085.1
CASHIETF,2026-09-23,130712,82.25,158917,108,1080.68
CASTROLIND,2026-09-23,1926908,52.97,3637883,32976,193.23
CCAVENUE,2026-09-23,3559660,44.22,8049310,10572,16.09
CCCL,2026-09-23,242859,59.0,411657,1044,13.26
CCHHL,2026-09-23,93711,77.56,120817,461,13.42
CCL,2026-09-23,124550,52.81,235839,18290,1043.2
CDSL,2026-09-23,152763,38.16,400345,18318,1351.1
CEATLTD,2026-09-23,10602,36.82,28791,6029,3432.2
CEIGALL,2026-09-23,288055,47.19,610450,13155,388.85
CEINSYS,2026-09-23,22839,62.01,36833,2246,712.05
CELEBRITY,2026-09-23,15106,58.61,25774,174,6.65
CELLO,2026-09-23,61859,51.09,121087,5161,324.1
CEMNTGROWW,2026-09-23,38254,86.31,44323,290,14.28
CEMPRO,2026-09-23,99194,50.54,196274,16157,1311.2
CENTENKA,2026-09-23,18124,54.89,33020,2237,580.55
CENTEXT,2026-09-23,171740,67.92,252857,826,18.79
CENTRALBK,2026-09-23,2414984,54.66,4418230,17388,31.63
CENTRUM,2026-09-23,338161,78.31,431850,793,21.21
CENTUM,2026-09-23,63661,32.47,196068,36346,4826.1
CENTURYPLY,2026-09-23,38164,62.45,61115,5539,711.9
CERA,2026-09-23,1710,53.57,3192,990,5520.0
CESC,2026-09-23,470005,67.16,699865,11204,142.56
CEWATER,2026-09-23,26476,55.51,47694,2503,274.4
CGCL,2026-09-23,2003513,51.06,3923518,28437,268.6
CGPOWER,2026-09-23,663711,49.93,1329293,26093,895.0
CGVAK,2026-09-23,440,83.65,526,48,148.67
CHALET,2026-09-23,60210,31.95,188427,18429,884.05
CHAMBLFERT,2026-09-23,245647,62.25,394631,17483,419.6
CHEMBOND,2026-09-23,4853,55.21,8790,597,193.68
CHEMCRUX,2026-09-23,10536,93.85,11227,183,78.16
CHEMFAB,2026-09-23,7845,85.05,9224,243,351.6
CHEMICAL,2026-09-23,171160,65.66,260675,816,29.56
CHEMPLASTS,2026-09-23,242979,30.18,804982,14735,199.4
CHENNPETRO,2026-09-23,414576,38.33,1081696,44010,1388.6
CHEVIOT,2026-09-23,564,83.43,676,105,1176.7
CHOICEGOLD,2026-09-23,6293,76.92,8181,75,149.87
CHOICEIN,2026-09-23,132877,51.41,258470,6152,751.85
CHOLAFIN,2026-09-23,807865,65.83,1227152,44980,1774.0
CHOLAHLDNG,2026-09-23,158645,67.8,233988,21437,1472.4
CIEINDIA,2026-09-23,468839,69.28,676768,26123,384.2
CIFL,2026-09-23,375485,72.76,516089,1994,21.34
CINELINE,2026-09-23,8754,62.3,14051,278,90.01
CINEVISTA,2026-09-23,22053,91.53,24093,175,14.1
CIPLA,2026-09-23,361866,55.57,651221,22885,1383.0
CLEAN,2026-09-23,94057,41.98,224043,14849,836.6
CLEANMAX,2026-09-23,259596,16.75,1550273,114893,1457.5
CLEDUCATE,2026-09-23,1753,66.53,2635,65,56.31
CLSEL,2026-09-23,23961,67.63,35431,1259,296.25
CMLL,2026-09-23,243699,47.38,514379,18090,504.65
CMPDI,2026-09-23,655933,42.18,1555190,25057,213.53
CMRGREEN,2026-09-23,157322,54.7,287593,11669,227.73
CMSINFO,2026-09-23,219655,45.57,482023,12838,234.12
CNL,2026-09-23,4302,59.77,7197,928,1146.1
COALINDIA,2026-09-23,5116311,64.31,7956161,70350,424.55
COASTCORP,2026-09-23,23877,77.53,30799,408,38.04
COCHINSHIP,2026-09-23,163247,40.52,402906,17056,1370.0
COCKERILL,2026-09-23,1862,56.29,3308,986,8144.0
COFFEEDAY,2026-09-23,356731,44.98,793052,2767,31.0
COFORGE,2026-09-23,836527,56.76,1473720,70801,1782.4
COHANCE,2026-09-23,440012,39.74,1107159,42024,461.45
COLPAL,2026-09-23,148889,54.82,271591,14606,1886.7
COMFINTE,2026-09-23,124469,82.6,150694,412,5.73
COMMOIETF,2026-09-23,7961,51.11,15576,333,98.01
COMPEAU,2026-09-23,943,89.9,1049,36,364.4
COMPUSOFT,2026-09-23,7457,69.22,10773,137,13.35
COMSYN,2026-09-23,392170,38.81,1010524,7552,299.3
CONCOR,2026-09-23,744513,54.37,1369351,22951,464.65
CONCORDBIO,2026-09-23,61434,41.65,147508,14978,1560.3
CONFIPET,2026-09-23,1906159,33.9,5623265,41318,89.12
CONS,2026-09-23,8824,89.99,9806,81,11.86
CONSUMAXIS,2026-09-23,70,48.28,145,20,118.44
CONSUMBEES,2026-09-23,27341,61.91,44163,665,128.81
CONSUMER,2026-09-23,84798,72.9,116323,244,11.91
CONSUMIETF,2026-09-23,4391,66.96,6558,122,119.51
CONTROLPR,2026-09-23,16639,67.09,24800,1038,584.55
CORALFINAC,2026-09-23,2929,84.12,3482,123,31.9
CORDELIA,2026-09-23,517505,41.44,1248838,11639,112.97
CORDSCABLE,2026-09-23,204920,37.58,545284,18103,369.65
COROMANDEL,2026-09-23,83014,57.31,144853,17653,1956.0
CORONA,2026-09-23,9835,59.53,16520,2556,2163.4
COSMOFIRST,2026-09-23,20325,51.7,39315,3101,867.2
CPCAP,2026-09-23,14505,59.51,24373,980,152.95
CPEDU,2026-09-23,3734,90.26,4137,106,179.52
CPL,2026-09-23,18068,71.82,25157,334,62.46
CPPLUS,2026-09-23,266427,87.11,305859,7254,3831.9
CPSEETF,2026-09-23,236740,57.3,413128,9330,93.2
CRAFTSMAN,2026-09-23,24320,47.31,51402,18212,10904.0
CRAMC,2026-09-23,567652,61.32,925674,17923,230.35
CRAVATEX,2026-09-23,5278,93.48,5646,57,341.7
CREATIVEYE,2026-09-23,34247,57.57,59489,299,6.19
CREDITACC,2026-09-23,71157,48.89,145556,16216,1349.6
CREST,2026-09-23,1350,58.42,2311,103,366.0
CRESTO,2026-09-23,145358,53.8,270186,1189,20.14
CRISIL,2026-09-23,14327,43.74,32752,6483,4605.8
CRIZAC,2026-09-23,124823,55.22,226048,4863,176.5
CROMPTON,2026-09-23,968258,43.53,2224190,22306,223.43
CROWN,2026-09-23,30790,67.19,45823,519,122.53
CSBBANK,2026-09-23,221318,49.44,447626,19168,336.4
CSLFINANCE,2026-09-23,23895,59.56,40117,1000,216.95
CSM,2026-09-23,128709,44.55,288893,3636,103.93
CUB,2026-09-23,595324,46.9,1269250,18320,225.34
CUBEXTUB,2026-09-23,738642,69.58,1061637,3936,125.82
CUMMINSIND,2026-09-23,132468,56.21,235682,32822,5010.0
CUPID,2026-09-23,11341518,21.55,52637525,274580,273.85
CYIENT,2026-09-23,128316,41.33,310466,28595,1072.2
CYIENTDLM,2026-09-23,235697,44.98,523966,28024,963.5
DABUR,2026-09-23,728862,49.23,1480659,26981,387.4
DALBHARAT,2026-09-23,17775,62.66,28368,4543,1744.0
DALMIASUG,2026-09-23,67267,28.42,236658,9920,407.75
DAMCAPITAL,2026-09-23,88763,40.69,218160,3721,140.39
DANGEE,2026-09-23,27038,75.76,35687,89,2.7
DATAMATICS,2026-09-23,54064,25.13,215120,10032,789.85
DATAPATTNS,2026-09-23,115905,32.03,361812,34864,4422.4
DAVANGERE,2026-09-23,7859170,62.87,12500992,3755,2.2
DBCORP,2026-09-23,37235,60.09,61966,2725,182.22
DBEIL,2026-09-23,256694,69.7,368295,1038,6.8
DBL,2026-09-23,85006,56.99,149163,5382,413.55
DBOL,2026-09-23,56114,55.21,101634,2774,115.63
DBREALTY,2026-09-23,631915,61.17,1033102,7465,101.48
DCAL,2026-09-23,75767,56.49,134136,3014,173.33
DCBBANK,2026-09-23,384129,47.3,812051,19467,223.69
DCI,2026-09-23,22051,52.8,41762,1964,268.6
DCM,2026-09-23,8800,93.34,9428,263,75.34
DCMFINSERV,2026-09-23,4573,59.54,7680,93,5.01
DCMNVL,2026-09-23,21666,88.96,24354,285,179.43
DCMSHRIRAM,2026-09-23,15052,59.34,25367,4359,980.0
DCMSIL,2026-09-23,217415,77.19,281648,1393,77.46
DCMSRIND,2026-09-23,120321,65.24,184417,1644,38.01
DCW,2026-09-23,2961209,33.96,8719090,37565,50.02
DCXINDIA,2026-09-23,88952,47.53,187156,3476,164.73
DDEVPLSTIK,2026-09-23,38392,56.7,67705,2079,262.6
DECCANCE,2026-09-23,31400,63.11,49757,1230,560.45
DECNGOLD,2026-09-23,439445,42.45,1035225,15856,222.44
DEEDEV,2026-09-23,136530,54.41,250940,13180,711.15
DEEPA,2026-09-23,957511,28.97,3305468,39501,196.4
DEEPAKFERT,2026-09-23,165287,50.08,330051,16492,1386.2
DEEPAKNTR,2026-09-23,59412,54.28,109445,10474,1635.8
DEEPINDS,2026-09-23,134031,39.89,335966,18064,772.9
DEFENCE,2026-09-23,104903,55.7,188347,714,79.1
DELHIVERY,2026-09-23,2069396,67.02,3087778,59772,435.0
DELTACORP,2026-09-23,5521618,31.02,17802335,78734,68.65
DELTAMAGNT,2026-09-23,636,91.51,695,42,56.57
DEN,2026-09-23,213986,66.95,319639,1356,26.84
DENORA,2026-09-23,2384,58.2,4096,586,795.65
DENTA,2026-09-23,31370,42.28,74195,1651,274.8
DEVIT,2026-09-23,16157,64.85,24914,504,23.24
DEVX,2026-09-23,44620,78.28,56997,471,35.0
DEVYANI,2026-09-23,586289,43.61,1344367,18036,140.11
DGCONTENT,2026-09-23,529,50.87,1040,18,24.9
DHAMPURSUG,2026-09-23,229077,39.42,581058,12133,168.39
DHANBANK,2026-09-23,240711,62.4,385760,1996,30.01
DHANUKA,2026-09-23,14807,48.31,30647,2987,982.65
DHARMAJ,2026-09-23,58194,53.86,108051,4093,299.1
DHATRE,2026-09-23,26461,78.77,33591,180,4.15
DHOOTTRANS,2026-09-23,282139,24.17,1167338,60917,1615.4
DHRUV,2026-09-23,12138,93.61,12966,173,21.07
DHUNINV,2026-09-23,314,74.23,423,56,1001.75
DIAMINESQ,2026-09-23,4093,81.45,5025,162,249.38
DIAMONDYD,2026-09-23,1745,42.77,4080,559,1088.0
DICIND,2026-09-23,3162,62.83,5033,602,665.65
DIFFNKG,2026-09-23,44985,39.95,112607,5056,439.3
DIGIDRIVE,2026-09-23,10744,73.09,14700,148,17.9
DIGISPICE,2026-09-23,76092,85.08,89439,282,16.5
DIGITIDE,2026-09-23,216743,53.67,403826,5381,81.13
DISAQ,2026-09-23,67,50.0,134,99,12088.0
DISHTV,2026-09-23,1884658,79.79,2361940,1728,2.46
DIVGIITTS,2026-09-23,74431,51.44,144698,13054,1177.1
DIVIDEND,2026-09-23,1183,77.52,1526,21,35.0
DIVISLAB,2026-09-23,299059,61.11,489382,50350,9624.0
DIVOPPBEES,2026-09-23,9824,58.73,16726,438,74.86
DIXON,2026-09-23,57820,30.16,191704,28890,13200.0
DJML,2026-09-23,52071,46.47,112048,1096,72.7
DLF,2026-09-23,1244733,51.31,2425745,50627,675.0
DLINKINDIA,2026-09-23,31547,51.62,61110,2293,426.1
DMART,2026-09-23,239425,56.08,426919,30937,3834.8
DMCC,2026-09-23,55378,51.4,107730,4071,296.3
DNAMEDIA,2026-09-23,86213,86.98,99123,128,2.5
DODLA,2026-09-23,14126,72.72,19425,1761,1048.6
DOLATALGO,2026-09-23,74234,73.93,100410,871,68.72
DOLLAR,2026-09-23,23362,52.86,44194,1784,274.45
DOLLEX,2026-09-23,70932,82.37,86114,229,37.75
DOLPHIN,2026-09-23,45611,43.05,105950,7009,723.55
DOMS,2026-09-23,19522,60.98,32015,5898,2141.5
DONEAR,2026-09-23,11636,86.33,13479,139,83.13
DPABHUSHAN,2026-09-23,11520,49.24,23394,2085,1455.9
DRAGARWQ,2026-09-23,811,89.12,910,176,5202.0
DRCSYSTEMS,2026-09-23,24339,77.48,31414,299,12.67
DREAMFOLKS,2026-09-23,25994,54.21,47951,1221,63.91
DREDGECORP,2026-09-23,26405,49.06,53819,4025,1017.5
DRREDDY,2026-09-23,614597,62.24,987420,52294,1211.2
DSFCL,2026-09-23,62330,66.37,93917,506,30.25
DSSL,2026-09-23,8254,50.12,16469,1707,1030.4
DUCON,2026-09-23,1217461,80.64,1509806,273,1.6
DVL,2026-09-23,6311,69.79,9043,350,292.2
DWARKESH,2026-09-23,429293,29.24,1468253,7637,41.86
DYCL,2026-09-23,341261,44.77,762315,20530,476.9
DYNAMATECH,2026-09-23,17160,45.99,37310,12351,12561.0
DYNPRO,2026-09-23,7704,70.15,10982,393,234.58
EASEMYTRIP,2026-09-23,4821852,52.27,9224928,7606,5.87
EASTWEST,2026-09-23,18901,83.9,22527,68,2.39
EBANK10,2026-09-23,652,85.45,763,9,16.64
EBANKNIFTY,2026-09-23,259,99.23,261,12,57.21
EBBETF0430,2026-09-23,2427,81.06,2994,201,1609.69
EBBETF0431,2026-09-23,328,55.97,586,58,1431.06
EBBETF0433,2026-09-23,3333,79.15,4211,116,1309.84
EBGNG,2026-09-23,483496,37.4,1292762,52443,715.15
ECAPINSURE,2026-09-23,19167,85.3,22469,151,23.71
ECLERX,2026-09-23,24957,41.55,60071,8321,1924.2
ECORECO,2026-09-23,5796,63.96,9062,770,419.55
ECOSMOBLTY,2026-09-23,25069,60.72,41289,1049,109.11
EDELWEISS,2026-09-23,6375082,41.91,15211696,71262,142.03
EFCIL,2026-09-23,131911,51.08,258227,5140,183.08
EGOLD,2026-09-23,29938,81.65,36665,408,150.9
EICHERMOT,2026-09-23,133269,61.98,215015,29281,7470.0
EIDPARRY,2026-09-23,103895,44.96,231077,14587,701.4
EIEL,2026-09-23,175690,39.73,442187,8450,203.32
EIHAHOTELS,2026-09-23,5518,63.48,8693,583,296.85
EIHOTEL,2026-09-23,51757,52.35,98871,4698,301.15
EIMCOELECO,2026-09-23,7877,45.31,17385,2811,2297.8
EKC,2026-09-23,1086175,4.55,23855254,148749,113.66
EKI,2026-09-23,65218,61.31,106374,1593,82.54
ELANTAS,2026-09-23,1013,30.25,3349,1445,14308.0
ELCIDIN,2026-09-23,9,81.82,11,11,105800.0
ELDEHSG,2026-09-23,317,74.94,423,39,779.75
ELECON,2026-09-23,1481063,4.78,30987016,428425,466.6
ELECTCAST,2026-09-23,779826,56.09,1390274,12015,74.22
ELECTHERM,2026-09-23,9827,67.84,14486,785,904.65
ELGIEQUIP,2026-09-23,96713,38.25,252822,17277,614.7
ELGIRUBCO,2026-09-23,9377,59.87,15662,303,59.35
ELIN,2026-09-23,44410,49.38,89944,1421,89.95
ELIQUID,2026-09-23,25713,99.99,25715,21,1048.83
ELITECON,2026-09-23,12729219,52.62,24189173,23366,9.13
ELLEN,2026-09-23,325228,45.55,714065,20262,371.3
ELM250,2026-09-23,30808,70.22,43871,188,16.2
ELMDIV,2026-09-23,804,54.62,1472,26,35.76
ELPROINTL,2026-09-23,3391,98.03,3459,119,171.5
EMAMILTD,2026-09-23,2008556,44.96,4467324,75817,391.45
EMAMIREAL,2026-09-23,32396,84.27,38442,349,69.58
EMBDL,2026-09-23,1532400,37.04,4137653,24078,61.22
EMCURE,2026-09-23,17721,47.18,37562,5893,1981.7
EMETAL,2026-09-23,7681,59.27,12959,36,13.23
EMIL,2026-09-23,1482837,38.78,3823676,47070,191.32
EMKAY,2026-09-23,24485,54.02,45325,1140,270.6
EMMVEE,2026-09-23,1169366,41.87,2792865,59565,333.1
EMPIND,2026-09-23,921,61.28,1503,209,1074.8
EMPOWER,2026-09-23,1644283,100.0,1644283,1162,2.06
EMSLIMITED,2026-09-23,65684,52.52,125060,3890,366.35
EMUDHRA,2026-09-23,180044,18.62,966799,32772,637.8
EMULTIMQ,2026-09-23,9618,96.55,9962,114,41.32
ENDURANCE,2026-09-23,30533,53.02,57593,17193,2669.6
ENERGY,2026-09-23,202882,46.92,432395,791,38.13
ENERGYAXIS,2026-09-23,10229,52.6,19447,72,18.92
ENERGYDEV,2026-09-23,18339,82.43,22249,313,14.71
ENEXT50,2026-09-23,11,61.11,18,3,72.16
ENGINERSIN,2026-09-23,2839344,25.29,11229270,116974,306.2
ENIFTY,2026-09-23,1073,96.93,1107,51,23.65
ENIL,2026-09-23,1755,83.33,2106,88,100.17
ENKEIWHEL,2026-09-23,358,80.63,444,32,399.45
ENRIN,2026-09-23,91026,53.39,170478,25945,3214.4
ENTERO,2026-09-23,92286,55.99,164838,17075,1842.5
EPACK,2026-09-23,141256,40.57,348177,6074,184.82
EPACKPEB,2026-09-23,421522,47.27,891746,20139,253.95
EPIGRAL,2026-09-23,13594,49.3,27575,2578,1093.6
EPL,2026-09-23,577421,47.51,1215471,21442,239.1
EQUAL200,2026-09-23,5739,90.46,6344,28,13.64
EQUAL50,2026-09-23,454,59.97,757,21,325.16
EQUAL50ADD,2026-09-23,24904,87.61,28426,237,334.44
EQUITASBNK,2026-09-23,694706,44.2,1571676,12305,72.27
ERIS,2026-09-23,30978,67.5,45891,3204,1269.9
ESABINDIA,2026-09-23,1654,62.25,2657,1059,5604.5
ESCORTS,2026-09-23,46457,48.51,95760,12625,2796.9
ESDS,2026-09-23,1089435,35.73,3048927,70370,1770.7
ESENSEX,2026-09-23,851,97.59,872,17,75.54
ESG,2026-09-23,2039,61.56,3312,30,40.29
ESILVER,2026-09-23,11825,50.41,23457,1074,229.58
ESSARSHPNG,2026-09-23,137772,64.17,214690,790,16.38
ESSENTIA,2026-09-23,1530163,56.46,2710049,762,1.03
ESTER,2026-09-23,14510,56.76,25566,645,88.32
ETERNAL,2026-09-23,12281955,66.89,18360484,170827,342.65
ETHOSLTD,2026-09-23,22124,26.25,84295,17542,2660.2
EUREKAFORB,2026-09-23,71318,56.94,125260,7694,378.45
EUROBOND,2026-09-23,5576,65.27,8543,126,152.22
EUROPRATIK,2026-09-23,106137,32.12,330401,8519,220.15
EVEREADY,2026-09-23,22957,45.47,50486,1979,328.5
EVIETF,2026-09-23,59128,53.76,109988,515,31.76
EVINDIA,2026-09-23,38260,55.49,68944,1019,31.72
EXCELINDUS,2026-09-23,1955,22.05,8868,1374,963.3
EXCELSOFT,2026-09-23,232313,50.78,457531,4166,80.94
EXICOM,2026-09-23,615796,36.73,1676574,16595,168.09
EXIDEIND,2026-09-23,507555,45.66,1111617,27126,425.95
EXPLEOSOL,2026-09-23,8145,70.36,11577,1051,872.45
EXXARO,2026-09-23,52720,77.77,67787,250,6.27
FABTECH,2026-09-23,42533,51.0,83406,1327,148.64
FACT,2026-09-23,21403,16.01,133669,8100,796.7
FAZE3Q,2026-09-23,7620,54.65,13944,834,438.05
FCL,2026-09-23,4580597,37.49,12216676,47438,56.81
FCSSOFT,2026-09-23,1343036,69.24,1939753,1011,1.36
FDC,2026-09-23,79983,62.06,128884,5888,349.95
FEDDERSHOL,2026-09-23,3673628,11.15,32953487,95216,67.22
FEDERALBNK,2026-09-23,3378696,65.77,5137220,60925,331.3
FEDFINA,2026-09-23,524742,50.15,1046301,12730,153.42
FERMENTA,2026-09-23,29074,41.65,69810,3655,475.5
FIBERWEB,2026-09-23,4247,77.64,5470,95,26.48
FIEMIND,2026-09-23,32423,48.06,67467,11026,1924.5
FILATEX,2026-09-23,4941604,25.35,19496415,97681,108.72
FILATFASH,2026-09-23,12201490,98.34,12407028,637,0.18
FINCABLES,2026-09-23,179014,30.13,594101,31177,1470.2
FINEORG,2026-09-23,8306,54.45,15254,4710,5096.5
FINIETF,2026-09-23,116999,67.33,173757,651,32.37
FINKURVE,2026-09-23,23316,64.95,35900,805,70.12
FINOPB,2026-09-23,141012,51.83,272069,3400,132.68
FINPIPE,2026-09-23,149790,24.77,604745,9952,154.16
FIRSTCRY,2026-09-23,1364904,38.06,3586209,36722,180.41
FISCHER,2026-09-23,1564703,53.07,2948354,13693,35.03
FIVESTAR,2026-09-23,394491,45.29,871098,43199,549.7
FLAIR,2026-09-23,39719,42.23,94056,2745,240.79
FLEXIADD,2026-09-23,46200,44.56,103672,497,9.74
FLUOROCHEM,2026-09-23,16400,56.6,28976,8440,4476.4
FMCGADD,2026-09-23,2656,44.45,5975,58,45.86
FMCGIETF,2026-09-23,480527,74.33,646494,2269,49.71
FMGOETZE,2026-09-23,89897,44.88,200283,5640,453.55
FMNL,2026-09-23,279517,56.71,492846,685,8.1
FOODSIN,2026-09-23,180465,86.82,207867,1066,53.41
FORCEMOT,2026-09-23,13249,41.7,31775,9956,17352.0
FORTIS,2026-09-23,612690,61.93,989288,37362,894.0
FOSECOIND,2026-09-23,5851,52.4,11166,3973,6555.0
FRACTAL,2026-09-23,181397,70.64,256784,13742,761.65
FREDUN,2026-09-23,29324,55.77,52582,4515,1394.0
FRONTSP,2026-09-23,77241,21.85,353549,21247,1394.6
FSL,2026-09-23,157155,35.47,443067,10802,267.85
FUSION,2026-09-23,84635,53.63,157826,3256,184.2
GABRIEL,2026-09-23,178879,11.67,1533195,73855,1428.1
GAEL,2026-09-23,393255,41.51,947394,20427,163.19
GAIL,2026-09-23,2052099,61.81,3320082,42844,172.95
GAJA,2026-09-23,692872,35.27,1964327,27271,150.04
GALAPREC,2026-09-23,54134,37.69,143631,11969,1164.2
GALAXYSURF,2026-09-23,9412,54.16,17378,5392,2222.0
GALLANTT,2026-09-23,27024,37.71,71669,4479,556.45
GANDHAR,2026-09-23,183559,50.23,365423,6156,268.4
GANDHITUBE,2026-09-23,15458,56.78,27224,2626,995.05
GANECOS,2026-09-23,21046,43.04,48904,4807,1036.6
GANESHCP,2026-09-23,74404,61.84,120311,2035,164.48
GANESHHOU,2026-09-23,6426,52.6,12216,968,746.1
GANGAFORGE,2026-09-23,1804015,83.04,2172488,1221,1.55
GANGESSECU,2026-09-23,208,60.47,344,31,115.63
GARFIBRES,2026-09-23,9757,49.91,19548,2342,787.15
GARUDA,2026-09-23,315673,38.89,811718,12446,184.48
GATEWAY,2026-09-23,188006,50.45,372655,2335,52.67
GAUDIUMIVF,2026-09-23,235132,54.63,430439,4842,117.69
GAYAHWS,2026-09-23,140268,89.51,156707,270,1.88
GAYAPROJ,2026-09-23,495564,57.72,858564,2891,24.17
GCSL,2026-09-23,147299,34.15,431390,4293,642.7
GEEKAYWIRE,2026-09-23,266774,56.53,471955,1725,33.25
GEMAROMA,2026-09-23,27675,50.68,54609,1302,154.94
GENCON,2026-09-23,23525,9.9,237708,627,39.31
GENESYS,2026-09-23,167451,42.23,396510,6911,281.62
GENUSPAPER,2026-09-23,37590,61.83,60793,336,11.34
GENUSPOWER,2026-09-23,509100,52.61,967695,14637,308.35
GEOJITFSL,2026-09-23,140433,53.3,263464,2693,81.98
GESHIP,2026-09-23,232276,56.41,411769,36278,1483.8
GFLLIMITED,2026-09-23,19053,51.92,36697,728,56.74
GHCL,2026-09-23,45139,41.69,108262,6004,424.0
GHCLTEXTIL,2026-09-23,248471,51.83,479396,9971,134.61
GICHSGFIN,2026-09-23,38462,69.68,55197,612,139.48
GICRE,2026-09-23,124978,43.93,284469,10143,344.15
GILLANDERS,2026-09-23,4016,95.57,4202,40,104.91
GILLETTE,2026-09-23,17222,58.7,29337,8492,7094.0
GILT10BETA,2026-09-23,96,52.46,183,15,26.58
GILT5BETA,2026-09-23,168,27.86,603,13,66.25
GILT5YBEES,2026-09-23,77981,72.64,107350,319,66.05
GIPCL,2026-09-23,244804,50.11,488506,8166,191.64
GKB,2026-09-23,6199,58.12,10666,190,69.73
GKENERGY,2026-09-23,119306,45.11,264474,3447,127.14
GKSL,2026-09-23,264947,47.21,561223,8120,177.71
GKWLIMITED,2026-09-23,236,99.16,238,23,1605.0
GLAND,2026-09-23,73868,46.16,160041,25282,2910.2
GLASSWALL,2026-09-23,3471469,9.86,35196312,291324,286.41
GLAXO,2026-09-23,120718,72.28,167009,11844,2876.9
GLENMARK,2026-09-23,401194,67.19,597118,37704,2475.0
GLFL,2026-09-23,2815,80.45,3499,23,5.09
GLOBAL,2026-09-23,222976,70.08,318189,3331,134.45
GLOBALE,2026-09-23,3920,92.78,4225,28,11.34
GLOBALVECT,2026-09-23,4176,64.32,6493,210,137.46
GLOBE,2026-09-23,1016013,62.3,1630865,753,2.24
GLOBECIVIL,2026-09-23,15092,61.39,24584,413,44.18
GLOBUSSPR,2026-09-23,32600,53.77,60628,6698,829.1
GLOSTERLTD,2026-09-23,624,73.67,847,67,578.0
GLOTTIS,2026-09-23,45830,87.32,52488,580,58.1
GMBREW,2026-09-23,26537,54.1,49050,3591,968.3
GMDCLTD,2026-09-23,204221,34.7,588607,16439,556.7
GMMPFAUDLR,2026-09-23,139956,56.94,245810,21123,1432.6
GMRAIRPORT,2026-09-23,8214432,67.95,12088650,35579,99.14
GMRP&UI,2026-09-23,1803230,49.29,3658751,21701,98.13
GNA,2026-09-23,1147948,31.94,3594624,73641,596.65
GNFC,2026-09-23,830404,43.83,1894770,44169,623.05
GNRL,2026-09-23,1321342,79.34,1665342,8858,98.07
GOACARBON,2026-09-23,21043,59.44,35405,1415,402.35
GOCLCORP,2026-09-23,127848,45.43,281400,10711,392.75
GOCOLORS,2026-09-23,32533,36.51,89102,3224,317.55
GODAVARIB,2026-09-23,31979,64.0,49964,1336,239.43
GODFRYPHLP,2026-09-23,46703,32.22,144961,10284,2003.0
GODIGIT,2026-09-23,136918,51.26,267080,10152,245.0
GODREJAGRO,2026-09-23,84441,48.12,175495,10341,670.05
GODREJCP,2026-09-23,285008,55.33,515092,12425,879.75
GODREJIND,2026-09-23,13769,38.32,35933,4092,1106.0
GODREJPROP,2026-09-23,131883,42.89,307495,17971,1707.6
GOKEX,2026-09-23,95913,37.53,255593,18604,710.25
GOKUL,2026-09-23,41456,25.33,163693,534,40.42
GOKULAGRO,2026-09-23,101804,39.13,260169,8719,225.81
GOLD1,2026-09-23,1000497,57.88,1728462,5448,125.96
GOLD360,2026-09-23,2064,53.53,3856,144,147.35
GOLDADD,2026-09-23,6125416,66.91,9154776,3812,14.65
GOLDAXIS,2026-09-23,213914,39.3,544295,1860,125.69
GOLDBEES,2026-09-23,8101974,57.01,14210476,68827,124.73
GOLDBETA,2026-09-23,407806,67.29,606078,2193,127.1
GOLDBND,2026-09-23,6638,83.44,7955,93,150.95
GOLDCASE,2026-09-23,6477106,64.73,10005755,6919,23.76
GOLDETF,2026-09-23,618026,52.18,1184368,3330,146.79
GOLDIAM,2026-09-23,223547,46.78,477829,10052,332.6
GOLDIETF,2026-09-23,1289912,51.57,2501126,19911,129.21
GOODLUCK,2026-09-23,366727,39.51,928120,33847,537.1
GOODYEAR,2026-09-23,4236,71.25,5945,523,709.7
GOPAL,2026-09-23,126671,36.61,345990,18177,262.45
GOYALALUM,2026-09-23,89164,38.71,230349,994,5.92
GPIL,2026-09-23,754109,52.8,1428181,19698,234.68
GPPL,2026-09-23,383973,58.32,658410,17318,164.12
GPTHEALTH,2026-09-23,28908,43.82,65970,2101,161.5
GPTINFRA,2026-09-23,86615,58.38,148368,1999,116.29
GRANDOAK,2026-09-23,2828,67.87,4167,220,35.06
GRANULES,2026-09-23,210498,53.29,394983,18114,860.25
GRAPHITE,2026-09-23,735097,31.17,2358335,67398,821.0
GRASIM,2026-09-23,214650,52.16,411551,32915,3188.5
GRAUWEIL,2026-09-23,521344,38.84,1342329,13985,86.18
GRAVITA,2026-09-23,224002,62.53,358210,31944,1561.1
GREAVESCOT,2026-09-23,1148853,51.64,2224825,31676,206.01
GREENLAM,2026-09-23,21702,52.13,41627,1402,227.83
GREENPANEL,2026-09-23,62006,55.08,112565,3387,169.08
GREENPLY,2026-09-23,225667,53.28,423550,14878,298.4
GREENPOWER,2026-09-23,1077760,47.75,2257309,3049,9.08
GRINDWELL,2026-09-23,10847,48.66,22292,4454,1977.6
GRINFRA,2026-09-23,12403,43.51,28505,2536,825.65
GRMOVER,2026-09-23,198142,21.59,917723,4837,81.54
GROBTEA,2026-09-23,46,70.77,65,12,919.35
GROWW,2026-09-23,6432188,49.89,12891618,68822,188.63
GROWWCAPM,2026-09-23,204301,65.69,311014,740,11.29
GROWWCHEM,2026-09-23,16244,54.77,29661,156,29.6
GROWWDEFNC,2026-09-23,68145,50.78,134196,1781,94.32
GROWWEV,2026-09-23,92689,45.75,202614,1284,31.5
GROWWGOLD,2026-09-23,525038,43.66,1202515,2277,14.74
GROWWHOSPI,2026-09-23,74693,61.31,121823,552,53.2
GROWWLIQID,2026-09-23,186651,87.98,212148,167,110.86
GROWWLOVOL,2026-09-23,4265,58.29,7317,87,10.19
GROWWMC150,2026-09-23,3713,98.7,3762,24,230.65
GROWWMETAL,2026-09-23,347972,64.12,542690,1074,12.6
GROWWMOM50,2026-09-23,30236,73.17,41322,302,10.92
GROWWN200,2026-09-23,22328,76.47,29199,235,11.15
GROWWNET,2026-09-23,237883,59.1,402523,661,11.15
GROWWNIFTY,2026-09-23,318314,61.05,521396,4304,9.51
GROWWNXT50,2026-09-23,6167,23.18,26606,402,72.02
GROWWPOWER,2026-09-23,483983,51.63,937400,1662,11.16
GROWWPSE,2026-09-23,5202,49.49,10511,125,96.84
GROWWPSUBK,2026-09-23,1562,29.29,5332,130,83.6
GROWWRAIL,2026-09-23,160404,53.99,297097,2017,27.07
GROWWRLTY,2026-09-23,195528,76.6,255255,460,9.74
GROWWSC250,2026-09-23,119366,98.01,121793,373,10.62
GROWWSLVR,2026-09-23,547672,42.8,1279570,1682,22.57
GRPLTD,2026-09-23,176,72.13,244,88,2001.2
GRSE,2026-09-23,76889,40.32,190681,14862,2380.6
GRWRHITECH,2026-09-23,29950,28.37,105577,25727,6537.5
GSEC10ABSL,2026-09-23,1,100.0,1,1,112.0
GSEC10IETF,2026-09-23,8,66.67,12,6,261.97
GSEC10YEAR,2026-09-23,725,99.72,727,12,30.44
GSEC5IETF,2026-09-23,10282,55.26,18607,42,66.1
GSFC,2026-09-23,374472,37.01,1011816,14167,155.34
GSLSU,2026-09-23,68801,83.14,82751,541,32.43
GSPCROP,2026-09-23,16488,6.81,242198,3037,488.85
GSS,2026-09-23,8613,66.47,12957,226,10.51
GTECJAINX,2026-09-23,3147,44.11,7134,102,28.07
GTL,2026-09-23,77335,63.64,121517,496,7.03
GTLINFRA,2026-09-23,11597410,65.36,17742687,9265,1.14
GTPL,2026-09-23,14112,49.98,28237,623,56.07
GUFICBIO,2026-09-23,55587,63.26,87869,2843,437.45
GUJALKALI,2026-09-23,19043,42.89,44404,2747,633.0
GUJAPOLLO,2026-09-23,1740,53.89,3229,175,336.95
GUJENERGY,2026-09-23,926569,56.04,1653518,37494,237.32
GUJRAFFIA,2026-09-23,4240,82.22,5157,193,40.0
GUJTHEM,2026-09-23,776144,89.67,865520,7966,410.75
GULFOILLUB,2026-09-23,45610,66.62,68465,4502,1098.7
GULPOLY,2026-09-23,33074,52.35,63175,2216,174.22
GVPIL,2026-09-23,77869,43.1,180685,8218,686.3
GVT&D,2026-09-23,384629,67.85,566900,87820,4417.0
GYFTR,2026-09-23,26830,54.94,48837,2136,168.03
HAL,2026-09-23,218941,50.58,432866,27087,4836.0
HALDER,2026-09-23,25831,42.76,60410,1219,266.15
HALEOSLABS,2026-09-23,827,69.61,1188,213,1510.7
HAMPTON,2026-09-23,6800,62.83,10823,73,8.09
HAPPSTMNDS,2026-09-23,280492,44.35,632423,17336,317.7
HAPPYFORGE,2026-09-23,55723,67.55,82497,13325,2099.8
HARDWYN,2026-09-23,402418,64.99,619192,677,9.22
HARIOMPIPE,2026-09-23,57935,51.24,113058,4702,357.2
HARRMALAYA,2026-09-23,10581,75.6,13996,426,178.03
HARSHA,2026-09-23,47286,48.67,97147,4204,464.5
HATHWAY,2026-09-23,804012,56.09,1433477,1839,10.1
HATSUN,2026-09-23,12732,54.01,23574,2872,1155.7
HAVELLS,2026-09-23,269418,54.75,492115,29928,1096.5
HAVISHA,2026-09-23,22055,87.33,25254,69,1.38
HAWKINCOOK,2026-09-23,1224,76.5,1600,451,7992.0
HAZOOR,2026-09-23,56716,49.8,113893,336,19.05
HBESD,2026-09-23,238,96.75,246,12,70.65
HBLENGINE,2026-09-23,542089,35.46,1528909,45038,764.35
HBPOR,2026-09-23,36,97.3,37,6,62.0
HBSL,2026-09-23,3611,96.6,3738,58,55.68
HCC,2026-09-23,5291773,44.11,11996406,19866,22.17
HCG,2026-09-23,47796,58.51,81683,11869,712.7
HCL-INSYS,2026-09-23,223208,72.92,306094,801,10.93
HCLTECH,2026-09-23,1589774,58.35,2724431,65117,1256.7
HDBFS,2026-09-23,147525,63.12,233723,11311,670.8
HDFCAMC,2026-09-23,174356,65.33,266881,23068,2448.3
HDFCBANK,2026-09-23,15746596,67.88,23197231,225520,737.25
HDFCBSE500,2026-09-23,1028773,76.21,1349938,259,36.92
HDFCGOLD,2026-09-23,1567481,66.51,2356873,5903,128.94
HDFCGROWTH,2026-09-23,3084,45.25,6815,152,114.12
HDFCLIFE,2026-09-23,1222580,60.56,2018805,35379,561.5
HDFCLIQUID,2026-09-23,9553,72.99,13088,39,1079.06
HDFCLOWVOL,2026-09-23,473,56.58,836,44,19.93
HDFCMID150,2026-09-23,155298,62.1,250079,957,23.25
HDFCMOMENT,2026-09-23,35990,55.31,65064,399,30.87
HDFCNEXT50,2026-09-23,24441,75.37,32428,360,74.12
HDFCNIF100,2026-09-23,67405,95.46,70609,198,25.45
HDFCNIFBAN,2026-09-23,258215,92.96,277775,344,58.14
HDFCNIFIT,2026-09-23,76928,52.99,145162,510,30.26
HDFCNIFTY,2026-09-23,79801,73.08,109200,829,264.65
HDFCNIMEG,2026-09-23,12301,90.12,13650,87,132.45
HDFCPSUBK,2026-09-23,20738,66.94,30982,170,84.34
HDFCPVTBAN,2026-09-23,65332,58.81,111094,304,27.95
HDFCQUAL,2026-09-23,2212,50.47,4383,51,56.93
HDFCSENSEX,2026-09-23,20578,64.85,31734,431,85.0
HDFCSILVER,2026-09-23,617724,34.51,1789966,7697,220.13
HDFCSML250,2026-09-23,915882,72.68,1260149,7549,185.99
HDFCVALUE,2026-09-23,2305,33.62,6856,50,122.17
HEADSUP,2026-09-23,3519,61.5,5722,85,6.77
HEALTHADD,2026-09-23,61124,50.49,121051,62,16.9
HEALTHAXIS,2026-09-23,1202,62.77,1915,71,173.88
HEALTHCARE,2026-09-23,13733,43.49,31580,170,22.09
HEALTHIETF,2026-09-23,39993,55.39,72206,1569,172.89
HEALTHX,2026-09-23,2527,81.54,3099,129,293.3
HEALTHY,2026-09-23,504955,79.29,636884,815,17.36
HECPROJECT,2026-09-23,4424,64.1,6902,162,115.42
HEGAM,2026-09-23,573994,55.27,1038595,23144,237.3
HEIDELBERG,2026-09-23,45205,54.98,82223,1983,141.58
HEMIPROP,2026-09-23,84546,51.99,162616,2414,120.91
HERANBA,2026-09-23,12124,50.56,23980,1253,171.49
HERITGFOOD,2026-09-23,149636,44.14,338968,9408,424.05
HEROMOTOCO,2026-09-23,164008,53.83,304703,27642,5394.0
HEROMOTORS,2026-09-23,37154411,26.57,139842838,446645,98.4
HESTERBIO,2026-09-23,794,49.59,1601,410,2241.8
HEXATRADEX,2026-09-23,570,83.58,682,29,158.95
HEXT,2026-09-23,55300,44.57,124075,6638,500.0
HGINFRA,2026-09-23,23301,49.85,46742,3932,450.7
HGM,2026-09-23,4342,55.76,7787,128,42.64
HGS,2026-09-23,13797,67.34,20489,910,378.5
HIKAL,2026-09-23,402225,30.41,1322731,27346,232.43
HILINFRA,2026-09-23,46455,77.97,59582,596,43.56
HILTON,2026-09-23,78938,75.7,104278,539,16.73
HIMATSEIDE,2026-09-23,706002,47.68,1480818,15429,67.87
HINDADH,2026-09-23,5106,96.19,5308,139,380.4
HINDALCO,2026-09-23,2908638,56.39,5158521,97602,1003.8
HINDALUMI,2026-09-23,2638,84.47,3123,101,93.78
HINDCOMPOS,2026-09-23,4458,74.9,5952,327,389.1
HINDCON,2026-09-23,19838,68.76,28851,291,25.21
HINDCOPPER,2026-09-23,1911702,31.13,6140632,90388,513.0
HINDOILEXP,2026-09-23,135304,38.62,350306,6840,173.58
HINDPETRO,2026-09-23,886841,45.06,1968247,25468,360.0
HINDUNILVR,2026-09-23,558716,64.19,870342,38393,1950.0
HINDWAREAP,2026-09-23,63539,47.84,132825,5633,177.02
HINDZINC,2026-09-23,1958765,48.19,4064936,57752,595.45
HIRECT,2026-09-23,9656,50.39,19164,2329,1239.9
HISARMETAL,2026-09-23,195,86.28,226,12,156.13
HITECH,2026-09-23,183782,55.39,331801,3461,75.86
HLEGLAS,2026-09-23,235246,38.48,611311,18899,446.85
HLVLTD,2026-09-23,163115,75.01,217455,659,6.59
HMAAGRO,2026-09-23,915845,53.33,1717160,2710,23.61
HNDFDS,2026-09-23,22774,51.01,44647,3880,621.1
HNGSNGBEES,2026-09-23,31659,61.35,51605,3150,461.52
HOMEFIRST,2026-09-23,17492,42.4,41253,4947,1205.8
HONASA,2026-09-23,396135,55.57,712921,22470,484.9
HONAUT,2026-09-23,1339,40.89,3275,1752,34275.0
HONDAPOWER,2026-09-23,1074,65.81,1632,360,1931.7
HORIZONIND,2026-09-23,1910027,66.02,2893202,14764,53.28
HPAL,2026-09-23,28383,79.29,35795,576,35.65
HPIL,2026-09-23,1118,45.76,2443,119,116.49
HPL,2026-09-23,64723,55.71,116184,4573,280.55
HRYNSHP,2026-09-23,325,97.89,332,34,99.52
HSBCGOLD,2026-09-23,878,26.58,3303,59,131.04
HSCL,2026-09-23,587703,42.81,1372793,18145,667.75
HTEL,2026-09-23,537499,46.76,1149415,9812,71.27
HTMEDIA,2026-09-23,53617,72.11,74352,543,24.86
HUBTOWN,2026-09-23,121975,50.36,242204,3731,177.35
HUDCO,2026-09-23,1314668,45.05,2918388,34413,177.92
HUHTAMAKI,2026-09-23,51011,49.61,102814,3441,250.0
HYBRIDETF,2026-09-23,50127,99.45,50404,35,10.02
HYUNDAI,2026-09-23,163556,45.59,358724,29474,2095.0
IBULLSLTD,2026-09-23,4070005,66.38,6131763,11989,29.12
ICEMAKE,2026-09-23,11701,65.05,17987,1358,699.45
ICICIAMC,2026-09-23,99805,58.17,171584,20393,3179.0
ICICIB22,2026-09-23,270799,82.95,326462,1792,113.36
ICICIBANK,2026-09-23,2813317,59.12,4758314,120264,1340.0
ICICIGI,2026-09-23,573264,80.86,708998,18852,1500.6
ICICIPRULI,2026-09-23,419501,55.88,750732,20909,484.5
ICIL,2026-09-23,500292,25.99,1924680,56267,476.55
ICRA,2026-09-23,9058,66.61,13598,2941,4533.3
IDBI,2026-09-23,1666347,39.41,4228479,21710,83.39
IDEA,2026-09-23,79550020,29.23,272140999,463863,14.52
IDEAFORGE,2026-09-23,198734,58.91,337370,24170,720.45
IDFCFIRSTB,2026-09-23,30497881,47.27,64518343,132127,87.9
IDFNIFTYET,2026-09-23,2599,97.38,2669,29,259.52
IEX,2026-09-23,636173,44.25,1437722,20091,113.16
IFBAGRO,2026-09-23,1248,70.79,1763,279,864.8
IFBIND,2026-09-23,24545,33.08,74193,5603,1258.7
IFCI,2026-09-23,13035227,16.82,77513063,177255,79.49
IFGLEXPOR,2026-09-23,9709,48.4,20059,733,197.16
IGARASHI,2026-09-23,36850,40.05,92008,4471,431.8
IGCL,2026-09-23,45065,56.94,79146,2265,63.55
IGIL,2026-09-23,293709,55.91,525286,22547,331.65
IGL,2026-09-23,582132,48.04,1211876,31235,147.09
IGPL,2026-09-23,124853,52.68,237014,7410,588.95
IIFL,2026-09-23,1756007,48.66,3608407,66633,633.3
IIFLCAPS,2026-09-23,1532137,63.57,2410124,36937,353.05
IITL,2026-09-23,33650,27.58,122009,2635,140.39
IKIO,2026-09-23,83961,44.55,188483,4735,207.89
IKS,2026-09-23,322947,31.91,1011998,70677,1937.8
IMAGICAA,2026-09-23,274974,51.25,536551,2525,52.84
IMFA,2026-09-23,36328,47.9,75849,8410,1266.1
IMPAL,2026-09-23,6581,81.75,8050,654,1059.5
INA,2026-09-23,243103,47.74,509267,4268,91.47
INCREDIBLE,2026-09-23,3413,87.56,3898,86,32.08
INDBANK,2026-09-23,22885,54.88,41698,655,26.14
INDGN,2026-09-23,152962,54.66,279828,13723,598.4
INDHOTEL,2026-09-23,793604,61.28,1295095,35781,743.7
INDIACEM,2026-09-23,50765,45.14,112453,5574,340.05
INDIAGLYCO,2026-09-23,360568,58.6,615316,10211,257.7
INDIAMART,2026-09-23,38852,54.72,71004,8218,1652.4
INDIANB,2026-09-23,578212,59.26,975762,27901,842.0
INDIANCARD,2026-09-23,1130,65.74,1719,118,208.64
INDIANHUME,2026-09-23,79669,56.96,139861,4692,366.25
INDIASHLTR,2026-09-23,26380,30.94,85267,5993,667.15
INDIGO,2026-09-23,405251,69.63,581998,49996,5028.5
INDIGOPNTS,2026-09-23,18750,55.67,33681,5012,1140.0
INDIQUBE,2026-09-23,23570,57.55,40955,2850,192.46
INDNIPPON,2026-09-23,44913,41.11,109262,11705,1260.7
INDOBORAX,2026-09-23,21199,52.55,40341,2284,462.55
INDOCO,2026-09-23,49218,41.61,118278,3486,251.16
INDOFARM,2026-09-23,110028,30.19,364454,5316,144.03
INDOKEM,2026-09-23,1719,79.22,2170,163,614.9
INDOMIM,2026-09-23,841745,29.4,2863505,97943,1251.9
INDORAMA,2026-09-23,658039,33.41,1969705,23336,100.0
INDOSTAR,2026-09-23,35513,54.27,65443,1943,227.26
INDOTECH,2026-09-23,4431,66.18,6695,1822,3286.8
INDOTHAI,2026-09-23,1280494,43.74,2927782,5090,30.77
INDOUS,2026-09-23,1359,43.17,3148,157,78.1
INDOWIND,2026-09-23,59818,80.79,74042,456,8.94
INDPRUD,2026-09-23,3,75.0,4,4,6225.0
INDRAMEDCO,2026-09-23,179321,65.71,272880,7030,374.6
INDSWFTLAB,2026-09-23,319808,39.6,807681,18802,405.05
INDTERRAIN,2026-09-23,11808,64.85,18208,383,29.37
INDUSINDBK,2026-09-23,1817894,69.21,2626452,54624,959.3
INDUSTOWER,2026-09-23,3461981,69.53,4979379,51384,384.8
INFOBEAN,2026-09-23,38362,43.34,88517,1923,151.81
INFOMEDIA,2026-09-23,2402,99.54,2413,22,5.48
INFRA,2026-09-23,7068,84.0,8414,102,11.87
INFRABEES,2026-09-23,5117,50.97,10040,345,937.79
INFRAIETF,2026-09-23,558951,94.4,592082,3665,93.36
INFY,2026-09-23,3043550,59.58,5108734,124303,1020.5
INGERRAND,2026-09-23,34094,62.46,54585,6472,4228.4
INNOVACAP,2026-09-23,113777,25.05,454203,39083,1297.6
INNOVANA,2026-09-23,13241,37.25,35551,532,299.1
INNOVISION,2026-09-23,13653,42.88,31843,977,257.05
INOXGREEN,2026-09-23,1042164,43.59,2391071,24860,174.81
INOXINDIA,2026-09-23,51327,35.63,144053,21135,2168.9
INOXWIND,2026-09-23,7222293,42.03,17183824,53299,75.02
INSECTICID,2026-09-23,4056,58.83,6894,629,608.9
INSPIRISYS,2026-09-23,4078,92.58,4405,88,91.69
INSUREIETF,2026-09-23,62265,81.93,75994,100,15.21
INTELLECT,2026-09-23,177678,32.32,549685,28879,668.05
INTENTECH,2026-09-23,16396,60.92,26912,283,83.69
INTERARCH,2026-09-23,32848,63.77,51512,4051,1693.1
INTERNET,2026-09-23,95742,61.56,155530,209,15.03
INTLCONV,2026-09-23,57826,64.45,89727,1467,80.99
INVENTURE,2026-09-23,493166,38.2,1291066,341,0.9
IOB,2026-09-23,731628,53.76,1360796,8751,32.13
IOC,2026-09-23,4309689,65.28,6601919,44735,138.15
IOLCP,2026-09-23,1182349,34.03,3474298,44569,206.6
IONEXCHANG,2026-09-23,58627,49.69,117980,8808,430.1
IPCALAB,2026-09-23,82133,51.51,159445,18623,1962.6
IPL,2026-09-23,99443,59.56,166962,2423,133.52
IPRINGLTD,2026-09-23,711,79.8,891,52,136.89
IRB,2026-09-23,10505135,28.48,36892063,43059,18.03
IRCON,2026-09-23,557526,30.34,1837678,21033,110.13
IRCTC,2026-09-23,405712,44.09,920265,28854,463.8
IREDA,2026-09-23,868380,41.76,2079281,15462,111.0
IRFC,2026-09-23,2303475,38.39,5999917,33423,81.0
IRIS,2026-09-23,12715,72.24,17600,424,234.87
IRISDOREME,2026-09-23,125505,31.96,392682,4725,66.26
IRMENERGY,2026-09-23,16864,55.8,30224,1506,272.9
ISFT,2026-09-23,94447,23.01,410493,8546,107.63
ISGEC,2026-09-23,50260,55.15,91136,8218,867.85
ISHANCH,2026-09-23,14631,70.53,20744,593,49.87
ISTLTD,2026-09-23,234,69.85,335,58,655.0
IT,2026-09-23,314721,66.65,472169,1285,31.43
ITADD,2026-09-23,7794,52.16,14942,226,30.17
ITAXIS,2026-09-23,5242,80.28,6530,92,313.65
ITBEES,2026-09-23,8826302,64.05,13779436,25098,31.47
ITBETA,2026-09-23,2459,99.72,2466,107,299.0
ITC,2026-09-23,7798913,59.34,13142058,86367,270.15
ITCHOTELS,2026-09-23,690722,50.35,1371792,33906,161.23
ITDC,2026-09-23,42309,20.64,204985,15645,702.65
ITETF,2026-09-23,254015,62.62,405623,1280,30.0
ITI,2026-09-23,73550,29.76,247138,6546,257.2
ITIETF,2026-09-23,993950,77.74,1278622,1576,31.48
ITL,2026-09-23,723,95.13,760,34,364.75
IVALUE,2026-09-23,184060,60.71,303178,5696,233.07
IVC,2026-09-23,66792,70.01,95399,806,7.83
IVZBANKNF,2026-09-23,216,100.0,216,5,56.53
IVZINGOLD,2026-09-23,5374,63.08,8520,139,131.25
IVZINNIFTY,2026-09-23,423,59.49,711,36,269.47
IVZSENSEX,2026-09-23,382,61.61,620,13,75.11
IWP,2026-09-23,3158,84.92,3719,87,35.34
IXIGO,2026-09-23,1138719,55.41,2055136,42380,163.9
IZMO,2026-09-23,31471,49.13,64061,4750,931.15
J&KBANK,2026-09-23,590183,46.38,1272524,20305,149.25
JAGRAN,2026-09-23,161852,62.29,259841,1976,63.41
JAGSNPHARM,2026-09-23,29482,53.61,54990,3061,225.63
JAIBALAJI,2026-09-23,480308,47.84,1003915,4128,66.78
JAICORPLTD,2026-09-23,207630,41.66,498373,6528,96.73
JAINREC,2026-09-23,1047415,20.24,5175026,79492,302.95
JAIPURKURT,2026-09-23,1914,83.04,2305,82,24.95
JAMNAAUTO,2026-09-23,973618,35.63,2732676,32929,129.55
JARO,2026-09-23,9646,8.47,113920,1667,462.5
JASH,2026-09-23,165949,33.67,492872,17573,588.95
JAYAGROGN,2026-09-23,10991,52.24,21040,655,237.12
JAYBARMARU,2026-09-23,263444,64.72,407073,5550,116.1
JAYKAY,2026-09-23,1213777,12.2,9950063,140238,212.76
JAYNECOIND,2026-09-23,939777,58.56,1604836,9616,91.36
JAYSREETEA,2026-09-23,21389,57.44,37234,489,89.55
JBMA,2026-09-23,126811,22.65,559877,23838,601.8
JENBURPH,2026-09-23,2208,79.65,2772,327,952.0
JETFREIGHT,2026-09-23,117807,54.76,215128,1449,21.67
JGCHEM,2026-09-23,151191,39.76,380279,16553,621.55
JHS,2026-09-23,57567,73.38,78452,370,8.47
JINDALPHOT,2026-09-23,1575,79.31,1986,197,1084.8
JINDALPOLY,2026-09-23,8012,57.32,13978,1035,715.2
JINDALSAW,2026-09-23,616343,50.6,1218110,25707,292.6
JINDALSTEL,2026-09-23,214486,21.56,994851,30797,1175.3
JINDRILL,2026-09-23,77127,31.1,247992,10513,606.8
JINDWORLD,2026-09-23,1919140,22.03,8712868,25564,52.2
JIOFIN,2026-09-23,3891362,56.0,6949246,47174,232.15
JISLDVREQS,2026-09-23,50491,90.83,55586,196,20.36
JISLJALEQS,2026-09-23,1229936,51.24,2400307,7040,28.9
JITFINFRA,2026-09-23,17499,74.03,23637,853,280.45
JKCEMENT,2026-09-23,44096,71.29,61858,7156,5085.0
JKIL,2026-09-23,15920,58.03,27434,1973,479.6
JKIPL,2026-09-23,2422,67.17,3606,125,100.25
JKLAKSHMI,2026-09-23,27068,58.25,46467,4109,511.2
JKPAPER,2026-09-23,122827,45.67,268928,12856,415.25
JKTYRE,2026-09-23,282111,36.9,764630,21926,355.35
JLHL,2026-09-23,47034,56.62,83065,6113,274.05
JMA,2026-09-23,5988,74.22,8068,153,89.89
JMFINANCIL,2026-09-23,592345,52.34,1131723,19588,127.51
JNKINDIA,2026-09-23,52694,51.0,103325,4412,418.4
JNPR,2026-09-23,377481,50.75,743855,52561,267.3
JOCIL,2026-09-23,1304,66.19,1970,42,148.71
JPOLYINVST,2026-09-23,705,66.32,1063,218,978.95
JPPOWER,2026-09-23,19413801,33.37,58181761,1059555,16.04
JSFB,2026-09-23,628522,58.05,1082667,21791,546.6
JSL,2026-09-23,546273,60.24,906824,42992,758.55
JSLL,2026-09-23,195581,45.9,426083,17445,524.3
JSWCEMENT,2026-09-23,1523480,62.89,2422590,55461,118.18
JSWDULUX,2026-09-23,32317,37.18,86927,14748,3160.9
JSWENERGY,2026-09-23,1116661,58.06,1923195,43932,521.0
JSWHL,2026-09-23,653,45.66,1430,696,11333.0
JSWINFRA,2026-09-23,1501206,44.97,3338113,68287,363.6
JSWSTEEL,2026-09-23,590748,43.56,1356042,69654,1297.8
JTEKTINDIA,2026-09-23,114966,43.72,262966,3488,119.99
JTLIND,2026-09-23,1593991,26.98,5908069,22811,91.31
JUBLCPL,2026-09-23,10205,41.13,24809,2903,2202.4
JUBLFOOD,2026-09-23,294665,47.13,625258,24404,483.3
JUBLINGREA,2026-09-23,142733,34.44,414480,19056,640.95
JUBLPHARMA,2026-09-23,62158,45.99,135144,15589,1058.0
JUNIORBEES,2026-09-23,204399,79.13,258317,5289,784.54
JUNIPER,2026-09-23,42825,52.19,82050,2199,221.77
JUSTDIAL,2026-09-23,43947,35.24,124710,6197,693.55
JWL,2026-09-23,260309,30.34,858020,15976,233.16
JYOTHYLAB,2026-09-23,116926,54.31,215274,7525,194.11
JYOTICNC,2026-09-23,462657,34.57,1338131,58512,1100.8
JYOTIRES,2026-09-23,3271,72.93,4485,350,848.45
JYOTISTRUC,2026-09-23,2119284,45.24,4684974,4653,9.33
KABRAEXTRU,2026-09-23,207176,51.44,402751,15490,732.85
KAJARIACER,2026-09-23,81979,50.09,163666,17854,1216.4
KAKATCEM,2026-09-23,600,62.24,964,35,107.97
KALAMANDIR,2026-09-23,336254,36.81,913575,9328,79.99
KALPATARU,2026-09-23,21356,16.09,132733,2175,272.55
KALYANKJIL,2026-09-23,601745,21.95,2741044,33896,584.25
KAMAHOLD,2026-09-23,1143,65.92,1734,256,2239.2
KAMANWALA,2026-09-23,255,100.0,255,5,16.5
KAMATHOTEL,2026-09-23,55640,49.24,112995,4524,240.35
KAMDHENU,2026-09-23,972451,58.35,1666669,6261,40.77
KAMOPAINTS,2026-09-23,140670,72.46,194143,675,4.27
KANANIIND,2026-09-23,52441,80.54,65112,139,1.42
KANCHI,2026-09-23,523,98.68,530,31,390.3
KANCOTEA,2026-09-23,342,91.2,375,19,54.72
KANOHAR,2026-09-23,978978,9.07,10796574,303566,907.0
KANPRPLA,2026-09-23,15735,54.3,28977,1115,257.05
KANSAINER,2026-09-23,71713,48.71,147219,3959,182.58
KAPSTON,2026-09-23,24856,62.7,39643,1445,585.9
KARAMTARA,2026-09-23,1068389,36.89,2896481,50975,361.95
KARMAENG,2026-09-23,1548,93.59,1654,68,40.18
KARURVYSYA,2026-09-23,728499,49.73,1465001,33689,324.45
KAYNES,2026-09-23,167575,20.83,804616,51187,3458.0
KCP,2026-09-23,60306,62.32,96770,1829,157.05
KDDL,2026-09-23,64188,41.95,153006,20567,4251.9
KDGREEN,2026-09-23,23798,40.22,59171,566,50.03
KEC,2026-09-23,422935,47.42,891865,21741,402.4
KECL,2026-09-23,41155,59.95,68644,1462,120.24
KEEPLEARN,2026-09-23,8708,73.37,11868,74,1.84
KEI,2026-09-23,444873,54.99,808984,57038,4722.5
KELLTONTEC,2026-09-23,913825,51.87,1761639,3078,13.76
KENNAMET,2026-09-23,11164,41.07,27181,5902,4316.7
KERNEX,2026-09-23,44544,44.86,99303,11192,1731.0
KEYFINSERV,2026-09-23,309,62.17,497,23,244.05
KFINTECH,2026-09-23,210914,45.12,467472,16003,911.95
KHAICHEM,2026-09-23,151406,53.78,281525,2196,50.13
KHAITANLTD,2026-09-23,2364,72.05,3281,157,153.14
KHANDSE,2026-09-23,776,77.06,1007,28,18.0
KICL,2026-09-23,222,57.51,386,161,5000.0
KIMS,2026-09-23,215070,66.51,323371,15548,798.05
KINGFA,2026-09-23,4399,56.27,7818,2771,6240.5
KIOCL,2026-09-23,23178,47.05,49267,2648,349.35
KIRANVYPAR,2026-09-23,705,72.53,972,106,215.1
KIRIINDUS,2026-09-23,635605,53.65,1184732,22939,572.75
KIRLFER,2026-09-23,66199,52.17,126883,7032,478.1
KIRLOSBROS,2026-09-23,13367,45.54,29352,5249,1794.3
KIRLOSENG,2026-09-23,225757,57.04,395759,35479,2219.5
KIRLOSIND,2026-09-23,1676,38.81,4319,578,3681.0
KIRLPNU,2026-09-23,33156,52.63,62999,5523,711.95
KISSHT,2026-09-23,387525,41.87,925450,41041,355.15
KITEX,2026-09-23,171640,36.09,475593,5751,121.33
KJMCFIN,2026-09-23,2028,91.35,2220,78,61.5
KKCL,2026-09-23,9998,63.96,15632,918,477.55
KLBRENG-B,2026-09-23,253187,50.58,500546,16926,518.6
KMCSHIL,2026-09-23,87025,35.66,244025,4552,162.2
KMEW,2026-09-23,33929,42.31,80182,13033,2996.6
KMSUGAR,2026-09-23,79795,68.23,116949,1206,29.5
KNACK,2026-09-23,187510,50.57,370798,4601,184.25
KNAGRI,2026-09-23,7635,71.02,10750,283,211.63
KNRCON,2026-09-23,240479,41.38,581131,5931,121.77
KOHINOOR,2026-09-23,33124,15.39,215225,3495,31.75
KOKUYOCMLN,2026-09-23,25909,71.92,36023,464,76.35
KOLTEPATIL,2026-09-23,30945,64.76,47783,2557,440.05
KOPRAN,2026-09-23,228917,39.91,573639,9899,279.42
KOTAKBANK,2026-09-23,5620215,65.14,8628172,83373,413.25
KOTHARIPET,2026-09-23,28707,37.46,76642,1432,136.81
KOTHARIPRO,2026-09-23,47379,35.7,132714,1997,69.64
KOTIC,2026-09-23,13732,44.28,31010,1239,147.11
KOVAI,2026-09-23,902,53.69,1680,649,6160.5
KPEL,2026-09-23,87149,38.7,225215,6085,228.8
KPIGREEN,2026-09-23,834023,21.47,3884369,68295,350.05
KPIL,2026-09-23,52193,49.28,105907,12982,1411.8
KPITTECH,2026-09-23,491656,42.57,1154889,25229,527.0
KPL,2026-09-23,16484,40.83,40372,6969,3724.5
KPRMILL,2026-09-23,52837,40.37,130890,11505,1136.7
KRBL,2026-09-23,206642,34.6,597218,17920,404.85
KREBSBIO,2026-09-23,1212,31.76,3816,85,57.54
KRIDHANINF,2026-09-23,17835,89.92,19835,44,1.84
KRISHANA,2026-09-23,266590,50.62,526685,7318,188.15
KRISHIVAL,2026-09-23,5824,80.44,7240,266,417.35
KRISHNADEF,2026-09-23,38785,58.44,66368,5885,1032.9
KRITI,2026-09-23,38659,85.49,45222,304,63.19
KRITIKA,2026-09-23,88465,79.87,110757,481,5.0
KRITINUT,2026-09-23,8402,83.95,10008,194,80.21
KRN,2026-09-23,89951,56.34,159649,19340,1412.6
KROSS,2026-09-23,1345891,22.05,6104799,113352,278.56
KRSNAA,2026-09-23,31602,47.08,67117,3194,560.05
KRYSTAL,2026-09-23,6705,48.46,13836,682,643.65
KSB,2026-09-23,68007,60.83,111806,10825,823.2
KSCL,2026-09-23,29137,58.47,49831,2556,710.7
KSE,2026-09-23,4100,65.95,6217,277,178.79
KSHINTL,2026-09-23,91979,41.05,224075,17672,1046.8
KSHITIJPOL,2026-09-23,6267026,64.01,9790833,5248,4.83
KSL,2026-09-23,278200,43.0,646949,29967,998.25
KSOLVES,2026-09-23,17320,60.01,28863,1254,259.05
KTKBANK,2026-09-23,1685443,47.26,3566531,39199,343.05
KUANTUM,2026-09-23,83448,52.04,160358,3024,82.87
KUSUMGAR,2026-09-23,457306,35.2,1299181,60360,635.1
KWIL,2026-09-23,3008273,35.78,8406785,26053,41.92
LAGNAM,2026-09-23,2563,99.42,2578,41,75.0
LAHOTIOV,2026-09-23,2919,98.71,2957,44,40.77
LAKSHMIMIL,2026-09-23,16,84.21,19,10,7716.5
LAL,2026-09-23,12158,70.56,17230,151,8.57
LALITHAA,2026-09-23,4370762,45.96,9509619,26949,352.9
LALPATHLAB,2026-09-23,129695,56.3,230347,42768,1924.3
LAMBODHARA,2026-09-23,6110,57.45,10636,333,119.93
LANCER,2026-09-23,183235,77.15,237499,807,11.78
LANDMARK,2026-09-23,27926,48.64,57410,3355,506.4
LANDSMILL,2026-09-23,1087787,70.35,1546188,678,0.54
LAOPALA,2026-09-23,39819,51.91,76706,1862,163.06
LARGEMID50,2026-09-23,277,47.43,584,9,35.61
LASERPOWER,2026-09-23,563321,38.78,1452647,20768,287.4
LATENTVIEW,2026-09-23,114296,48.61,235148,6695,253.4
LATTEYS,2026-09-23,40085,74.69,53669,315,20.35
LAURUSLABS,2026-09-23,809944,59.38,1363988,38551,2034.0
LAXMICOT,2026-09-23,12354,55.53,22247,214,13.4
LAXMIDENTL,2026-09-23,102385,79.42,128908,4785,195.09
LAXMIINDIA,2026-09-23,65693,67.68,97062,1576,126.12
LCCINFOTEC,2026-09-23,58653,87.28,67198,134,3.84
LCCPROJECT,2026-09-23,630432,26.73,2358279,29285,146.59
LCL,2026-09-23,147146,40.91,359664,23349,577.55
LEAPIND,2026-09-23,531542,33.83,1571060,22046,148.62
LEMERITE,2026-09-23,75873,38.28,198181,418,19.88
LEMONTREE,2026-09-23,755379,53.52,1411299,17816,107.92
LENSKART,2026-09-23,2987631,62.43,4785213,108244,686.7
LEXUS,2026-09-23,35223,67.64,52072,416,12.5
LFIC,2026-09-23,548,62.2,881,55,136.14
LGBBROSLTD,2026-09-23,7702,53.27,14459,2237,1734.5
LGEINDIA,2026-09-23,365774,46.53,786043,56590,1694.2
LGHL,2026-09-23,933,12.85,7259,290,176.62
LIBAS,2026-09-23,194268,87.36,222387,291,12.09
LIBERTSHOE,2026-09-23,46170,34.95,132090,4314,235.48
LICHSGFIN,2026-09-23,1602817,53.28,3008551,38561,572.5
LICI,2026-09-23,2296089,58.21,3944345,49033,407.5
LICMFGOLD,2026-09-23,19978,50.25,39754,629,135.9
LICNETFGSC,2026-09-23,2804,75.4,3719,51,29.27
LICNETFN50,2026-09-23,130,99.24,131,18,263.9
LICNETFSEN,2026-09-23,1,100.0,1,1,844.27
LICNFNHGP,2026-09-23,214,77.54,276,35,274.19
LICNMID100,2026-09-23,3662,24.61,14881,140,62.75
LIKHITHA,2026-09-23,95814,51.9,184606,3065,229.21
LINC,2026-09-23,13521,68.97,19605,444,93.85
LINCOLN,2026-09-23,9445,60.01,15739,1204,603.55
LINDEINDIA,2026-09-23,5228,39.87,13113,3297,6286.0
LIQGRWBEES,2026-09-23,157409,86.59,181780,274,1056.58
LIQUID,2026-09-23,321864,78.58,409623,182,999.99
LIQUID1,2026-09-23,285808,71.07,402177,673,1123.81
LIQUIDADD,2026-09-23,326489,73.95,441516,285,1145.93
LIQUIDBEES,2026-09-23,1931728,59.38,3252975,3709,1000.0
LIQUIDBETA,2026-09-23,52,85.25,61,7,1009.1
LIQUIDBETF,2026-09-23,173052,87.23,198382,84,1099.9
LIQUIDCASE,2026-09-23,16350015,96.82,16887025,10150,116.04
LIQUIDETF,2026-09-23,131841,79.82,165175,169,999.99
LIQUIDIETF,2026-09-23,622238,91.06,683340,296,999.95
LIQUIDPLUS,2026-09-23,91880,67.53,136057,305,1104.36
LIQUIDSBI,2026-09-23,5126,92.01,5571,44,999.99
LIQUIDSHRI,2026-09-23,10602,92.99,11401,25,1122.57
LKPSEC,2026-09-23,2142,78.66,2723,65,15.27
LLOYDSENGG,2026-09-23,8619440,42.78,20150065,80281,91.52
LLOYDSENT,2026-09-23,2354543,53.02,4441245,23232,74.15
LLOYDSME,2026-09-23,335981,45.44,739451,43609,1890.9
LMW,2026-09-23,1005,51.91,1936,1062,17126.0
LODHA,2026-09-23,678851,51.12,1327880,28472,1162.5
LOKESHMACH,2026-09-23,43425,56.53,76824,2850,359.25
LORDSCHLO,2026-09-23,8558,76.08,11249,344,137.38
LOTUSCHO,2026-09-23,3298,52.54,6277,611,562.4
LOTUSEYE,2026-09-23,4166,78.4,5314,147,115.24
LOVABLE,2026-09-23,5656,68.37,8273,260,71.38
LOWVOL,2026-09-23,1119,63.58,1760,14,200.09
LOWVOL1,2026-09-23,667899,95.51,699280,4712,20.39
LOWVOLIETF,2026-09-23,4401235,90.8,4847235,9419,21.4
LOYALTEX,2026-09-23,11955,22.97,52037,1475,231.23
LPDC,2026-09-23,12629,65.38,19317,278,6.66
LT,2026-09-23,562252,59.47,945462,63470,3929.9
LTF,2026-09-23,2173791,36.68,5926308,52706,310.0
LTFOODS,2026-09-23,217094,49.32,440150,18332,430.0
LTGILTBEES,2026-09-23,618242,63.77,969453,483,29.79
LTGILTCASE,2026-09-23,144722,99.01,146167,129,30.37
LTM,2026-09-23,123278,40.38,305311,26662,4085.0
LTTS,2026-09-23,22289,46.2,48247,9557,3231.3
LUMAXIND,2026-09-23,5290,44.21,11965,3462,5788.0
LUMAXTECH,2026-09-23,111611,39.8,280450,33794,2044.9
LUMINO,2026-09-23,2436403,17.65,13801506,63166,109.9
LUPIN,2026-09-23,434218,66.92,648814,41407,2102.8
LUXIND,2026-09-23,28367,51.45,55135,4083,1186.5
LXCHEM,2026-09-23,1405578,38.87,3615692,36027,188.44
M&M,2026-09-23,1829712,70.36,2600352,101519,3035.0
M&MFIN,2026-09-23,350733,52.16,672466,31421,348.6
MAANALU,2026-09-23,108751,61.26,177522,2258,103.93
MACPOWER,2026-09-23,19442,44.41,43775,5886,2059.5
MADHAV,2026-09-23,2376,99.25,2394,48,34.57
MADHAVIPL,2026-09-23,42902,75.79,56608,248,7.67
MADHUCON,2026-09-23,12427,92.93,13373,48,4.14
MADRASFERT,2026-09-23,23399,46.83,49965,1062,61.47
MAFANG,2026-09-23,317801,53.23,597087,13999,234.14
MAFATIND,2026-09-23,14696,60.72,24203,510,121.05
MAGADSUGAR,2026-09-23,6461,39.46,16374,1555,509.2
MAGNUM,2026-09-23,13534,63.26,21394,153,19.0
MAHABANK,2026-09-23,5376406,43.77,12282011,51047,84.11
MAHAPEXLTD,2026-09-23,8807,92.15,9557,124,53.0
MAHEPC,2026-09-23,10508,55.42,18962,648,100.45
MAHESHWARI,2026-09-23,5953,92.57,6431,78,72.83
MAHKTECH,2026-09-23,551467,70.95,777289,4674,21.86
MAHLIFE,2026-09-23,39050,44.91,86955,8705,356.6
MAHLOG,2026-09-23,215020,51.43,418086,14582,416.55
MAHSCOOTER,2026-09-23,1429,52.69,2712,705,13269.0
MAHSEAMLES,2026-09-23,208204,47.32,439951,19092,702.75
MAITHANALL,2026-09-23,58226,52.09,111790,5450,1009.9
MAKEINDIA,2026-09-23,14314,71.71,19962,264,163.01
MAKERSL,2026-09-23,1081,62.27,1736,40,182.88
MALLCOM,2026-09-23,2894,72.84,3973,407,975.35
MALUPAPER,2026-09-23,5519,57.13,9660,224,31.99
MAMATA,2026-09-23,52741,29.51,178742,6929,423.35
MANAKALUCO,2026-09-23,27367,63.71,42954,430,35.96
MANAKCOAT,2026-09-23,109079,60.15,181350,2871,131.99
MANAKSIA,2026-09-23,46521,65.19,71359,811,66.8
MANALIPETC,2026-09-23,759890,36.57,2077751,14013,87.69
MANAPPURAM,2026-09-23,2096323,55.14,3801599,48118,320.4
MANBA,2026-09-23,242993,30.77,789795,11060,139.19
MANCREDIT,2026-09-23,11373,7.95,143066,1594,225.17
MANGALAM,2026-09-23,22425,57.38,39080,405,32.32
MANGLMCEM,2026-09-23,39259,56.76,69168,3263,1033.3
MANINDS,2026-09-23,1204370,11.26,10691371,314119,986.7
MANINFRA,2026-09-23,635380,34.86,1822660,9400,124.75
MANIPALHOS,2026-09-23,680455,56.62,1201772,34868,760.95
MANKIND,2026-09-23,195280,55.39,352575,25765,2465.0
MANOMAY,2026-09-23,19320,13.2,146401,5608,224.48
MANORAMA,2026-09-23,78014,55.05,141711,23747,1929.4
MANORG,2026-09-23,896,69.95,1281,116,458.15
MANUFGBEES,2026-09-23,6021,87.27,6899,71,160.41
MANUGRAPH,2026-09-23,866391,49.77,1740711,4082,23.52
MANYAVAR,2026-09-23,35610,40.87,87124,5653,531.15
MAPMYINDIA,2026-09-23,80652,43.62,184879,9989,906.8
MARALOVER,2026-09-23,8010,74.52,10749,153,61.11
MARATHON,2026-09-23,11780,49.38,23856,1471,419.4
MARICO,2026-09-23,517331,61.83,836702,37543,832.3
MARINE,2026-09-23,4714197,24.73,19063839,186671,425.8
MARKOLINES,2026-09-23,35826,38.87,92158,715,169.9
MARKSANS,2026-09-23,1440882,43.44,3317178,58912,347.6
MARSONS,2026-09-23,214372,23.64,906853,9263,128.05
MARUTI,2026-09-23,106075,48.11,220483,34559,12230.0
MASFIN,2026-09-23,145324,76.93,188916,6623,284.5
MASKINVEST,2026-09-23,21,91.3,23,8,146.67
MASPTOP50,2026-09-23,639994,31.2,2051032,22622,97.56
MASTEK,2026-09-23,24519,44.62,54954,6117,1573.3
MASTERTR,2026-09-23,32756,25.46,128635,1346,88.14
MATRIMONY,2026-09-23,8713,56.96,15296,969,544.95
MAWANASUG,2026-09-23,67146,50.05,134159,2832,133.07
MAXESTATES,2026-09-23,28701,51.21,56043,3128,603.2
MAXHEALTH,2026-09-23,692698,61.7,1122755,30582,1059.9
MAXIND,2026-09-23,20625,71.71,28760,652,149.82
MAYURUNIQ,2026-09-23,55534,57.95,95827,5634,722.9
MAZDOCK,2026-09-23,145121,38.82,373859,18409,2211.5
MBAPL,2026-09-23,391721,48.59,806244,8158,167.51
MBEL,2026-09-23,40290,33.97,118607,4179,261.0
MBLINFRA,2026-09-23,42701,72.85,58613,418,21.72
MCCHRLS-B,2026-09-23,3177,87.06,3649,212,657.1
MCL,2026-09-23,146826,59.24,247844,3420,60.75
MCLEODRUSS,2026-09-23,92771,72.16,128566,735,47.2
MCLOUD,2026-09-23,441807,47.48,930478,2916,25.41
MCX,2026-09-23,935611,41.58,2249890,125537,3374.0
MEDANTA,2026-09-23,32129,41.06,78256,10636,1496.1
MEDIASSIST,2026-09-23,362700,70.25,516290,9642,334.6
MEDICO,2026-09-23,371928,63.42,586464,4274,32.65
MEDPLUS,2026-09-23,52527,46.35,113333,9757,662.0
MEESHO,2026-09-23,6260521,21.4,29256339,209262,236.37
MEGASTAR,2026-09-23,1218,76.8,1586,132,277.6
MEIL,2026-09-23,23179,40.8,56811,2050,274.25
MERCANTILE,2026-09-23,7696,86.03,8946,81,22.01
MERCURYEV,2026-09-23,357045,53.74,664358,2864,38.72
METAL,2026-09-23,1422647,64.98,2189340,4251,13.4
METALIETF,2026-09-23,5199025,57.13,9100169,7749,13.34
METROBRAND,2026-09-23,13735,50.26,27326,5719,911.1
METROGLOBL,2026-09-23,237,95.95,247,16,130.38
METROPOLIS,2026-09-23,131145,59.96,218722,14186,585.5
MFML,2026-09-23,16906,75.26,22464,218,18.22
MFSL,2026-09-23,225018,69.42,324133,17491,1562.9
MGEL,2026-09-23,1826650,88.3,2068588,635,15.49
MGL,2026-09-23,83893,28.95,289762,27195,1092.8
MHRIL,2026-09-23,62108,45.09,137743,3314,201.39
MID150,2026-09-23,23938,98.85,24216,140,23.33
MID150BEES,2026-09-23,197906,64.01,309171,4223,237.36
MID150CASE,2026-09-23,471664,59.21,796587,2626,11.56
MIDBANKADD,2026-09-23,4791,84.89,5644,18,17.25
MIDCAP,2026-09-23,114036,68.36,166823,594,18.31
MIDCAPADD,2026-09-23,2974,66.04,4503,21,22.86
MIDCAPBETA,2026-09-23,447,93.13,480,19,230.8
MIDCAPETF,2026-09-23,758030,68.01,1114590,3364,23.43
MIDCAPIETF,2026-09-23,318910,72.81,437990,1554,23.74
MIDHANI,2026-09-23,143692,42.61,337218,11749,416.2
MIDQ50ADD,2026-09-23,23289,78.37,29716,90,24.28
MIDSELIETF,2026-09-23,139569,74.94,186250,833,19.79
MIDSMALL,2026-09-23,43810,63.28,69229,445,51.56
MIDWESTLTD,2026-09-23,12499,42.23,29595,3035,993.4
MIIL,2026-09-23,66026,55.65,118649,2580,698.1
MILKYMIST,2026-09-23,1712177,41.12,4163501,20627,317.25
MINDACORP,2026-09-23,83621,54.71,152854,11419,689.05
MINDTECK,2026-09-23,10049,68.18,14739,795,159.65
MIRZAINT,2026-09-23,77203,52.0,148475,1353,29.35
MITCON,2026-09-23,93990,91.84,102341,181,82.62
MITTAL,2026-09-23,1132925,45.96,2465145,476,0.74
MKEXIM,2026-09-23,6914,79.52,8695,165,68.13
MKPL,2026-09-23,38674,84.79,45612,242,4.04
MLKFOOD,2026-09-23,1377,64.65,2130,95,82.88
MMFL,2026-09-23,27667,52.95,52247,4295,614.65
MMP,2026-09-23,45633,47.16,96752,4166,464.8
MMTC,2026-09-23,325349,37.75,861890,6406,60.47
MMWL,2026-09-23,34331,95.42,35980,127,13.7
MNC,2026-09-23,16761,63.1,26562,293,32.49
MOALPHA50,2026-09-23,12783,32.64,39162,149,55.69
MOBANK10,2026-09-23,1552,55.61,2791,52,16.7
MOBIKWIK,2026-09-23,649714,46.03,1411387,18961,202.93
MOCAPITAL,2026-09-23,333284,57.86,575974,2127,53.88
MODEFENCE,2026-09-23,727701,67.6,1076465,5346,103.76
MODINATUR,2026-09-23,676,67.2,1006,111,352.65
MODIRUBBER,2026-09-23,757,87.01,870,62,121.51
MODIS,2026-09-23,13518,34.46,39231,1278,356.35
MODTHREAD,2026-09-23,10264,58.12,17661,194,45.92
MOENERGY,2026-09-23,112939,82.62,136700,424,38.02
MOGOLD,2026-09-23,4375,41.29,10597,281,149.1
MOGSEC,2026-09-23,1473,79.58,1851,41,65.44
MOHEALTH,2026-09-23,41921,77.17,54326,413,52.8
MOHITE,2026-09-23,26392,84.17,31356,84,2.45
MOHITIND,2026-09-23,15867,85.0,18667,119,23.5
MOIL,2026-09-23,245186,38.7,633513,9933,248.7
MOINFRA,2026-09-23,1378,66.99,2057,44,58.32
MOIPO,2026-09-23,942,57.09,1650,45,48.97
MOKSH,2026-09-23,47573,85.62,55566,188,10.13
MOL,2026-09-23,194958,45.32,430151,3574,61.63
MOLBIO,2026-09-23,341712,15.59,2192517,104608,1313.2
MOLDTKPAC,2026-09-23,38227,48.64,78593,5961,679.95
MOLOWVOL,2026-09-23,439200,59.65,736337,84,35.25
MOM100,2026-09-23,124789,68.03,183430,1758,67.29
MOM30IETF,2026-09-23,994623,83.61,1189643,1237,31.12
MOM50,2026-09-23,7802,90.32,8638,114,244.51
MOMENTUM,2026-09-23,27671,56.49,48982,127,30.94
MOMENTUM30,2026-09-23,53404,24.76,215721,928,30.53
MOMENTUM50,2026-09-23,172062,59.31,290112,8483,54.0
MOMETAL,2026-09-23,9623,63.67,15114,40,13.36
MOMGF,2026-09-23,438,65.08,673,22,159.93
MOMIDMTM,2026-09-23,22801,78.06,29211,189,64.22
MOMMIDCAP,2026-09-23,619783,82.89,747696,522,12.98
MOMNC,2026-09-23,244,98.79,247,10,31.61
MOMOMENTUM,2026-09-23,62439,83.82,74495,248,61.77
MOMSBELIEF,2026-09-23,111837,44.29,252520,3654,227.7
MON100,2026-09-23,461973,59.18,780598,15346,327.37
MON50EQUAL,2026-09-23,4986,76.36,6530,61,33.9
MONARCH,2026-09-23,23694,55.39,42773,1147,363.45
MONEXT50,2026-09-23,2931,68.85,4257,48,72.69
MONEYBOXX,2026-09-23,47065,66.77,70488,471,54.96
MONIFTY100,2026-09-23,4495,77.3,5815,52,24.67
MONIFTY500,2026-09-23,286889,83.8,342348,841,23.52
MONQ50,2026-09-23,926798,32.38,2862484,27786,202.92
MONTECARLO,2026-09-23,9300,33.9,27432,1256,527.6
MOOILGAS,2026-09-23,56777,12.77,444509,276,11.06
MOPSE,2026-09-23,37,97.37,38,11,98.42
MOQUALITY,2026-09-23,333,84.09,396,17,195.28
MOREALTY,2026-09-23,412728,72.62,568354,1414,87.24
MOREPENLAB,2026-09-23,3609817,32.04,11266057,45449,122.35
MOSCHIP,2026-09-23,302273,37.37,808871,11412,207.32
MOSERVICE,2026-09-23,1403,98.53,1424,26,30.38
MOSILVER,2026-09-23,4956,22.93,21615,516,227.74
MOSMALL250,2026-09-23,1501924,86.36,1739141,1720,18.48
MOTHERSON,2026-09-23,3558796,48.84,7287266,53501,164.4
MOTILALOFS,2026-09-23,495380,23.63,2096581,56550,1042.5
MOTISONS,2026-09-23,29534808,20.47,144251390,158019,18.89
MOTOGENFIN,2026-09-23,13178,78.47,16794,128,26.09
MOTOUR,2026-09-23,10022,74.74,13409,102,78.33
MOVALUE,2026-09-23,34707,76.01,45664,501,111.73
MPHASIS,2026-09-23,91334,41.67,219169,16849,2259.0
MPIMANIPAL,2026-09-23,1677099,18.98,8835559,142988,372.6
MPSLTD,2026-09-23,5611,62.69,8951,1898,2691.2
MRF,2026-09-23,1438,61.09,2354,1980,124580.0
MRPL,2026-09-23,1130206,20.21,5593160,44960,166.32
MSCI360,2026-09-23,2370,100.0,2370,18,10.25
MSCIADD,2026-09-23,158,61.24,258,6,28.88
MSCIINDIA,2026-09-23,1223,88.24,1386,66,29.29
MSL,2026-09-23,622,98.26,633,30,136.0
MSPL,2026-09-23,584446,51.59,1132883,4469,35.57
MSTCLTD,2026-09-23,66535,46.33,143600,5697,752.25
MSUMI,2026-09-23,8566063,56.42,15183566,40826,34.98
MTNL,2026-09-23,296088,35.75,828289,3569,24.36
MUFIN,2026-09-23,142323,15.33,928541,4883,133.11
MUFTI,2026-09-23,34798,75.21,46267,587,73.2
MUKANDLTD,2026-09-23,894344,35.41,2525436,17901,157.11
MUKESHB,2026-09-23,216,99.54,217,6,132.98
MULTICAP,2026-09-23,36369,72.07,50466,332,16.53
MUNJALAU,2026-09-23,121638,33.62,361795,8883,107.27
MUNJALSHOW,2026-09-23,33482,61.76,54209,845,133.44
MURUDCERA,2026-09-23,11557,78.57,14709,335,29.06
MUTHOOTCAP,2026-09-23,2773,62.62,4428,257,227.71
MUTHOOTFIN,2026-09-23,422149,59.37,711064,91069,2856.5
MUTHOOTMF,2026-09-23,58142,56.95,102096,2779,189.19
MVELECTRO,2026-09-23,190243,13.84,1374608,37105,871.6
MVGJL,2026-09-23,323908,42.38,764238,16638,221.29
MWL,2026-09-23,721903,21.42,3370765,11859,44.63
NACLIND,2026-09-23,718550,53.75,1336755,20510,139.23
NAGREEKCAP,2026-09-23,58606,79.0,74186,540,30.2
NAGREEKEXP,2026-09-23,78856,81.02,97332,610,24.21
NAHARCAP,2026-09-23,1936,85.1,2275,72,252.3
NAHARINDUS,2026-09-23,4882,58.41,8358,396,131.86
NAHARPOLY,2026-09-23,2470,73.32,3369,156,228.81
NAHARSPING,2026-09-23,11678,75.56,15456,271,277.45
NAM-INDIA,2026-09-23,286037,57.8,494842,17539,1165.0
NARMADA,2026-09-23,232812,46.07,505348,658,13.34
NATCOPHARM,2026-09-23,329873,50.69,650820,40793,837.6
NATHBIOGEN,2026-09-23,94928,97.32,97539,156,148.02
NATIONALUM,2026-09-23,3594224,57.51,6249209,82761,363.45
NATIONSTD,2026-09-23,5101,80.46,6340,299,113.38
NAUKRI,2026-09-23,882439,56.94,1549637,69175,1297.0
NAVA,2026-09-23,125988,59.75,210862,20318,553.65
NAVINFLUOR,2026-09-23,120441,69.31,173778,22657,8457.5
NAVKARCORP,2026-09-23,1153590,46.45,2483269,15071,87.94
NAVKARURB,2026-09-23,777421,72.62,1070470,409,0.93
NAVNETEDUL,2026-09-23,57490,73.09,78660,2415,123.75
NAZARA,2026-09-23,955777,71.99,1327663,12973,372.7
NBCC,2026-09-23,2469209,43.89,5625306,31851,83.99
NBIFIN,2026-09-23,5100,92.93,5488,81,1948.9
NCC,2026-09-23,1003976,44.5,2256139,24316,136.05
NCLIND,2026-09-23,17116,68.61,24946,562,176.22
NDGL,2026-09-23,53,94.64,56,19,2579.0
NDL,2026-09-23,372300,55.88,666203,820,2.76
NDLVENTURE,2026-09-23,4586,65.12,7042,217,124.06
NDRAUTO,2026-09-23,7654,44.26,17294,1310,763.15
NDTV,2026-09-23,73567,51.53,142777,1308,71.11
NEAGI,2026-09-23,1,100.0,1,1,3468.8
NECLIFE,2026-09-23,66262,71.39,92820,319,11.06
NELCAST,2026-09-23,58372,67.93,85930,1754,106.98
NELCO,2026-09-23,218552,42.72,511625,20300,1020.75
NEOGEN,2026-09-23,73544,42.82,171733,27292,2392.1
NEPHROPLUS,2026-09-23,62359,50.91,122493,16721,741.9
NESCO,2026-09-23,28735,59.92,47959,6316,1078.5
NESTLEIND,2026-09-23,426287,62.14,685984,47104,1387.2
NETF,2026-09-23,1326,89.53,1481,98,255.17
NETWEB,2026-09-23,180023,32.75,549732,43870,4736.0
NETWORK18,2026-09-23,1551277,55.69,2785721,6226,27.14
NEULANDLAB,2026-09-23,11082,41.03,27009,11958,22490.0
NEWGEN,2026-09-23,198419,28.84,688103,21896,504.15
NEXT30ADD,2026-09-23,523,57.47,910,38,42.25
NEXT50,2026-09-23,9960,46.43,21450,3037,748.46
NEXT50ADD,2026-09-23,882,82.74,1066,28,72.88
NEXT50BETA,2026-09-23,44200,80.76,54728,399,78.1
NEXT50ETF,2026-09-23,5559,67.81,8198,64,73.2
NEXT50IETF,2026-09-23,705403,82.98,850097,3213,76.47
NEXTMEDIA,2026-09-23,19225,87.12,22067,106,3.79
NFL,2026-09-23,228655,34.07,671132,4449,67.84
NGIL,2026-09-23,1467,77.78,1886,50,39.78
NGLFINE,2026-09-23,1524,46.88,3251,879,2830.4
NH,2026-09-23,55107,52.87,104223,14840,1919.3
NHPC,2026-09-23,3822170,54.72,6985170,28664,76.74
NIACL,2026-09-23,661293,23.52,2811596,27210,191.16
NIBE,2026-09-23,33607,47.93,70122,4823,1346.9
NIBL,2026-09-23,27768,74.66,37193,419,33.52
NICCOPAR,2026-09-23,371,76.49,485,42,80.0
NIF100BEES,2026-09-23,3214,55.17,5826,413,261.0
NIF100IETF,2026-09-23,64160,50.68,126599,931,27.43
NIF500BETA,2026-09-23,24222,99.56,24328,17,36.78
NIFTY1,2026-09-23,28319,74.93,37795,1075,260.14
NIFTY100EW,2026-09-23,11819,46.67,25323,173,34.48
NIFTYADD,2026-09-23,5260,86.47,6083,97,246.62
NIFTYAXIS,2026-09-23,205362,92.57,221852,248,260.08
NIFTYBEES,2026-09-23,2093798,66.07,3169237,25197,267.59
NIFTYBETA,2026-09-23,18670,77.85,23982,299,259.97
NIFTYBETF,2026-09-23,1801,46.78,3850,87,241.75
NIFTYCASE,2026-09-23,349802,84.89,412050,1352,9.4
NIFTYETF,2026-09-23,29865,43.07,69341,716,255.42
NIFTYIETF,2026-09-23,179652,55.97,320959,7948,266.29
NIFTYJBLK,2026-09-23,103102,49.05,210215,477,12.02
NIFTYQLITY,2026-09-23,11709,83.03,14102,112,20.56
NIITLTD,2026-09-23,70915,42.61,166415,2329,91.67
NIITMTS,2026-09-23,43189,52.79,81817,4535,220.27
NILAINFRA,2026-09-23,132985,76.55,173728,509,6.82
NILASPACES,2026-09-23,1038573,61.7,1683147,3221,11.81
NILE,2026-09-23,1049,66.02,1589,291,1436.6
NILKAMAL,2026-09-23,5559,47.05,11814,2586,1880.2
NIMBSPROJ,2026-09-23,2551,8.34,30579,480,194.79
NINSYS,2026-09-23,1337,76.01,1759,248,710.3
NIPPOBATRY,2026-09-23,2975,78.87,3772,226,329.6
NIRAJ,2026-09-23,10845,70.46,15392,55,27.99
NIRLON,2026-09-23,4235,76.72,5520,627,610.05
NITCO,2026-09-23,285100,50.81,561111,2944,92.38
NITINSPIN,2026-09-23,26647,57.2,46585,2906,617.8
NITIRAJ,2026-09-23,373,45.1,827,36,228.34
NITTAGELA,2026-09-23,1448,64.47,2246,311,1730.2
NIVABUPA,2026-09-23,225583,57.71,390877,7339,80.23
NKIND,2026-09-23,456,94.02,485,28,56.78
NLCINDIA,2026-09-23,383217,50.49,758960,21151,267.1
NMDC,2026-09-23,5422127,46.35,11699092,45844,82.0
NOCIL,2026-09-23,2416305,32.72,7384798,58153,206.3
NOIDATOLL,2026-09-23,95079,78.8,120653,269,3.93
NORBTEAEXP,2026-09-23,692,69.48,996,32,65.55
NORTHARC,2026-09-23,310571,52.87,587471,14867,313.8
NOVAAGRI,2026-09-23,17720,59.56,29754,239,23.11
NOVARTIND,2026-09-23,21740,27.98,77712,10817,2027.4
NPBET,2026-09-23,14228,99.97,14232,17,284.0
NPST,2026-09-23,22543,48.85,46146,5937,1844.7
NRAIL,2026-09-23,11145,57.34,19435,1778,657.9
NRBBEARING,2026-09-23,436504,28.51,1530829,45852,541.05
NSIL,2026-09-23,2740,74.52,3677,549,5624.0
NSLNISP,2026-09-23,2412231,28.37,8502115,26715,43.95
NTCIND,2026-09-23,3818,85.09,4487,64,141.63
NTPC,2026-09-23,6514954,61.9,10525477,88503,326.0
NTPCGREEN,2026-09-23,2929640,56.09,5223366,41016,95.42
NUCLEUS,2026-09-23,4360,44.31,9840,1006,685.0
NUVAMA,2026-09-23,46506,56.13,82852,11882,1688.2
NUVOCO,2026-09-23,135556,43.45,312009,12094,344.75
NV20,2026-09-23,54992,75.44,72893,272,13.56
NV20BEES,2026-09-23,3980,50.13,7939,189,135.55
NV20IETF,2026-09-23,91384,51.98,175820,1317,13.21
NYKAA,2026-09-23,1475274,65.66,2246914,29276,340.85
OAL,2026-09-23,12109,51.02,23735,1299,558.35
OBCL,2026-09-23,32953,73.01,45135,251,60.27
OBEROIRLTY,2026-09-23,193414,49.72,389012,41428,1850.0
ODIGMA,2026-09-23,21211,71.54,29650,1000,21.1
ODYCORP,2026-09-23,5738,58.02,9889,178,7.13
OFSS,2026-09-23,70940,40.72,174209,34574,10849.0
OIL,2026-09-23,372443,52.31,711993,16091,470.0
OILIETF,2026-09-23,336629,54.19,621242,1354,11.15
OLAELEC,2026-09-23,70893374,18.17,390177989,572669,41.87
OLECTRA,2026-09-23,426227,23.92,1782067,76890,1275.9
OMAXAUTO,2026-09-23,140106,70.11,199826,1942,209.94
OMAXE,2026-09-23,281352,32.19,873922,12111,123.13
OMINFRAL,2026-09-23,48247,48.25,99989,1527,78.34
OMNI,2026-09-23,219178,44.96,487489,20213,553.7
OMPOWER,2026-09-23,11173,58.85,18985,686,170.39
ONEGLOBAL,2026-09-23,8837,88.64,9969,362,543.35
ONEPOINT,2026-09-23,7300102,33.44,21831475,116383,68.41
ONESOURCE,2026-09-23,101062,63.7,158650,12741,1596.7
ONGC,2026-09-23,6380774,71.59,8913385,77058,236.9
ONIDA,2026-09-23,631860,65.43,965764,2756,34.3
ONIXSOLAR,2026-09-23,17334,100.0,17334,147,306.5
ONWARDTEC,2026-09-23,22240,65.51,33949,1187,294.0
OPTIEMUS,2026-09-23,2495169,23.48,10628491,203601,828.35
OPTIFIN,2026-09-23,406629,31.72,1281812,3030,15.46
ORCHASP,2026-09-23,160987,57.69,279036,374,1.37
ORCHPHARMA,2026-09-23,48035,35.61,134909,11866,1102.05
ORICONENT,2026-09-23,26582,70.24,37842,701,53.84
ORIENTALTL,2026-09-23,111904,79.77,140278,356,4.96
ORIENTBELL,2026-09-23,14927,52.29,28548,1985,391.5
ORIENTCEM,2026-09-23,79169,54.8,144462,1578,124.89
ORIENTCER,2026-09-23,32301,75.46,42804,575,47.7
ORIENTELEC,2026-09-23,107505,54.38,197695,6761,168.08
ORIENTHOT,2026-09-23,174891,59.28,295043,2237,143.58
ORIENTPPR,2026-09-23,134527,72.39,185833,987,16.9
ORIENTTECH,2026-09-23,39726,51.64,76929,2239,238.06
ORIRAIL,2026-09-23,24999,34.56,72334,1964,126.81
ORISSAMINE,2026-09-23,4252,52.7,8069,1528,3841.2
ORKLAINDIA,2026-09-23,107360,65.31,164395,10962,557.45
ORTINGLOBE,2026-09-23,5505,78.13,7046,65,15.1
OSWALAGRO,2026-09-23,8856,66.67,13284,326,34.96
OSWALGREEN,2026-09-23,47994,67.96,70616,658,20.2
OSWALPUMPS,2026-09-23,532667,24.67,2158898,32058,284.25
OSWALSEEDS,2026-09-23,78614,64.46,121958,575,13.57
PACEDIGITK,2026-09-23,430061,23.92,1797594,20430,169.39
PACIFICI,2026-09-23,194,86.22,225,15,142.34
PAGEIND,2026-09-23,3612,20.56,17565,7672,37340.0
PAISALO,2026-09-23,6439148,39.31,16379793,37775,90.39
PAKKA,2026-09-23,38987,66.1,58981,722,77.15
PALASHSECU,2026-09-23,1309,65.35,2003,169,85.69
PALREDTEC,2026-09-23,1420,97.26,1460,40,46.73
PANACEABIO,2026-09-23,18590,54.64,34025,1698,381.75
PANAMAPET,2026-09-23,94345,57.33,164568,5329,480.7
PANCHMAHQ,2026-09-23,40,100.0,40,4,290.95
PANORAMA,2026-09-23,235564,63.33,371956,2788,56.87
PANSARI,2026-09-23,196,97.51,201,12,277.0
PARACABLES,2026-09-23,582824,48.18,1209778,7097,62.29
PARADEEP,2026-09-23,376680,31.86,1182398,16160,154.26
PARAGMILK,2026-09-23,1458898,51.04,2858071,47549,268.9
PARAS,2026-09-23,109471,20.81,526157,28546,1381.2
PARASPETRO,2026-09-23,74626,72.34,103163,260,2.08
PARKHOSPS,2026-09-23,309415,53.12,582522,11144,286.55
PARKHOTELS,2026-09-23,107632,57.75,186387,2785,106.29
PARNAXLAB,2026-09-23,43504,98.74,44059,83,128.73
PASHUPATI,2026-09-23,89456,45.05,198559,4333,80.39
PASUPTAC,2026-09-23,477252,45.88,1040321,8039,79.82
PATANJALI,2026-09-23,827853,20.11,4117507,48169,409.45
PATELENG,2026-09-23,1677986,53.92,3111930,9203,27.27
PATELRMART,2026-09-23,35839,64.8,55309,1295,210.33
PATINTLOG,2026-09-23,50712,66.92,75782,233,14.42
PAUSHAKLTD,2026-09-23,26033,55.59,46827,3100,687.2
PAVNAIND,2026-09-23,17346,72.89,23798,239,15.5
PAYTM,2026-09-23,1078140,44.73,2410487,96696,1775.0
PBMPOLY,2026-09-23,134,100.0,134,7,63.68
PCBL,2026-09-23,553766,38.66,1432331,27688,345.45
PCJEWELLER,2026-09-23,177674483,20.48,867441415,328550,14.47
PDMJEPAPER,2026-09-23,53359,40.92,130398,2549,98.27
PDSL,2026-09-23,40168,59.34,67691,3337,361.4
PEARLPOLY,2026-09-23,38568,81.59,47273,192,19.7
PENIND,2026-09-23,765291,44.93,1703156,20833,183.31
PENINLAND,2026-09-23,199091,65.46,304151,797,17.38
PERMAGN,2026-09-23,2486,78.32,3174,235,832.5
PERNIASPOP,2026-09-23,75742,58.61,129229,5180,549.05
PERSISTENT,2026-09-23,135154,34.75,388889,33273,5240.0
PETRONET,2026-09-23,812554,62.49,1300396,27193,285.85
PFC,2026-09-23,7476330,67.05,11150266,119040,346.0
PFIZER,2026-09-23,7538,42.86,17586,4299,4025.5
PFOCUS,2026-09-23,1323490,19.22,6885605,95266,337.15
PFS,2026-09-23,345335,71.17,485229,4322,26.72
PGEL,2026-09-23,207221,37.93,546381,10696,521.15
PGHH,2026-09-23,14963,47.68,31383,10293,7193.5
PGHL,2026-09-23,10455,59.46,17583,3618,5452.0
PGIL,2026-09-23,165848,21.6,767765,54667,1300.8
PHARMABEES,2026-09-23,1955261,59.16,3305177,7883,27.89
PHOENIXLTD,2026-09-23,356283,55.73,639296,36185,1993.2
PHOENXINTL,2026-09-23,1728,88.39,1955,38,28.16
PICCADIL,2026-09-23,54705,49.3,110953,8741,621.6
PIDILITIND,2026-09-23,315769,58.88,536262,25089,1588.1
PIGL,2026-09-23,14578,74.37,19603,494,99.92
PIIND,2026-09-23,38758,37.68,102874,13718,2386.0
PILANIINVS,2026-09-23,547,74.32,736,190,4041.8
PILITA,2026-09-23,20110,64.23,31307,154,7.43
PINELABS,2026-09-23,12570111,33.89,37096342,212669,188.3
PIONEEREMB,2026-09-23,6663,78.38,8501,118,22.24
PIRAMALFIN,2026-09-23,242874,62.65,387676,34297,2226.5
PITTIENG,2026-09-23,89943,55.4,162348,17388,1167.1
PIXTRANS,2026-09-23,6725,34.62,19427,3179,1758.7
PLASTIBLEN,2026-09-23,7856,71.19,11036,521,187.5
PLATIND,2026-09-23,21272,59.52,35738,1240,216.58
PLAZACABLE,2026-09-23,56694,55.0,103082,1358,62.84
PML,2026-09-23,1225,98.87,1239,43,486.0
PNB,2026-09-23,6864635,53.46,12840968,36389,118.3
PNBGILTS,2026-09-23,80125,48.37,165650,2239,76.33
PNBHOUSING,2026-09-23,540105,60.27,896182,33077,1138.5
PNC,2026-09-23,22981,92.0,24978,225,17.33
PNCINFRA,2026-09-23,653500,52.56,1243417,27261,139.17
PNGJL,2026-09-23,192410,43.87,438608,21379,605.0
PNGSREVA,2026-09-23,45029,48.95,91990,4717,525.95
POCL,2026-09-23,170980,46.82,365156,12465,487.4
PODDARMENT,2026-09-23,3477,44.61,7794,397,281.8
POEL,2026-09-23,11215,65.56,17106,446,140.57
POKARNA,2026-09-23,30728,53.06,57910,3635,741.05
POLICYBZR,2026-09-23,1342329,54.17,2477939,83218,1886.3
POLYCAB,2026-09-23,141269,62.43,226275,26269,8417.0
POLYMED,2026-09-23,36919,55.23,66841,8210,1726.6
POLYPLEX,2026-09-23,14983,54.31,27586,3815,1117.1
POLYSPIN,2026-09-23,1110,88.59,1253,30,30.78
PONNIERODE,2026-09-23,39182,35.84,109319,3595,375.25
POONAWALLA,2026-09-23,1074646,57.14,1880797,52831,478.85
POWERGRID,2026-09-23,4108460,67.19,6114433,59995,270.2
POWERICA,2026-09-23,39796,48.51,82043,3479,570.85
POWERINDIA,2026-09-23,33463,49.29,67887,21384,31150.0
POWERMECH,2026-09-23,11045,51.65,21384,4215,2453.5
PPLPHARMA,2026-09-23,1178693,40.93,2879998,46852,210.74
PRABHA,2026-09-23,42219,49.87,84663,1542,234.8
PRAENG,2026-09-23,24670,83.03,29712,228,21.38
PRAJIND,2026-09-23,119393,41.3,289121,9034,320.15
PRAKASH,2026-09-23,237560,55.34,429269,5285,119.79
PRAKASHSTL,2026-09-23,58865,90.22,65249,399,3.72
PRANAV,2026-09-23,1058668,17.65,5998749,48490,105.85
PRASOLCHEM,2026-09-23,280468,39.3,713648,48926,740.9
PRAVEG,2026-09-23,11521,63.07,18266,1002,261.05
PRAXIS,2026-09-23,25320,82.77,30589,139,4.28
PRECAM,2026-09-23,302801,21.59,1402615,16508,122.11
PRECOT,2026-09-23,12950,87.62,14779,359,646.9
PRECWIRE,2026-09-23,245369,34.27,715914,30566,498.85
PREMCO,2026-09-23,627,93.3,672,93,400.75
PREMEXPLN,2026-09-23,126168,69.74,180909,3355,675.15
PREMIERENE,2026-09-23,445509,47.9,930143,18967,915.0
PREMIERPOL,2026-09-23,980832,15.05,6517058,41084,96.72
PRESTIGE,2026-09-23,53986,38.17,141420,10592,1490.0
PRICOLLTD,2026-09-23,114759,47.68,240689,13316,763.65
PRIMESECU,2026-09-23,13592,32.99,41199,837,296.35
PRIMO,2026-09-23,34132,74.87,45589,423,22.92
PRINCEPIPE,2026-09-23,32719,48.45,67525,2741,265.75
PRIORITY,2026-09-23,550488,43.49,1265732,15632,263.35
PRISMX,2026-09-23,213638,91.69,233005,116,0.53
PRITI,2026-09-23,3489,84.79,4115,119,33.17
PRIVISCL,2026-09-23,118538,50.4,235188,44282,3483.8
PROSTARM,2026-09-23,470423,24.46,1923182,19995,138.08
PROTEAN,2026-09-23,402174,21.37,1881519,52949,636.2
PROZONER,2026-09-23,213718,73.28,291649,2483,52.19
PRSMJOHNSN,2026-09-23,90463,49.71,181974,2674,116.43
PRUDENT,2026-09-23,15459,63.18,24467,4159,3352.7
PRUDMOULI,2026-09-23,2650,98.44,2692,28,13.8
PSB,2026-09-23,406620,50.35,807656,3801,22.1
PSPPROJECT,2026-09-23,72299,51.75,139703,4079,832.55
PSUBANK,2026-09-23,30852,48.66,63408,315,83.41
PSUBANKADD,2026-09-23,21296,57.14,37270,112,84.44
PSUBNKBEES,2026-09-23,579313,53.56,1081518,3186,93.19
PSUBNKIETF,2026-09-23,35557,50.5,70415,485,84.54
PTC,2026-09-23,453308,62.54,724814,11934,157.08
PTCIL,2026-09-23,1870,24.49,7635,3137,22355.0
PTL,2026-09-23,35180,93.53,37612,385,38.18
PUNJABCHEM,2026-09-23,2876,65.83,4369,631,1064.9
PURVA,2026-09-23,40660,42.94,94686,2677,216.82
PVP,2026-09-23,484888,68.38,709084,2407,68.61
PVRINOX,2026-09-23,182260,37.88,481134,33903,1317.5
PVSL,2026-09-23,48365,86.31,56036,800,98.71
PVTBANIETF,2026-09-23,965490,74.11,1302707,1116,27.65
PVTBANK,2026-09-23,6008,97.14,6185,6,27.39
PVTBANKADD,2026-09-23,35319,71.22,49593,93,27.77
PVTBKGROWW,2026-09-23,6635,57.45,11550,56,28.03
PWL,2026-09-23,3055244,35.82,8529874,57643,136.11
PYRAMID,2026-09-23,32867,65.36,50286,815,159.33
QGOLDHALF,2026-09-23,26093,42.31,61667,524,124.98
QNIFTY,2026-09-23,2140,70.16,3050,117,258.62
QPOWER,2026-09-23,184483,56.49,326604,19343,1555.6
QUADFUTURE,2026-09-23,102430,34.27,298871,10538,526.55
QUAL30IETF,2026-09-23,21969,66.71,32933,194,20.33
QUALITY30,2026-09-23,9942,98.03,10142,24,19.95
QUESS,2026-09-23,107335,48.68,220486,14936,359.0
QUICKHEAL,2026-09-23,33506,40.86,82002,2330,151.57
RACE,2026-09-23,288722,42.1,685875,8038,122.91
RACLGEAR,2026-09-23,27207,39.91,68163,9768,1689.6
RADAAN,2026-09-23,202210,35.68,566770,613,3.13
RADIANTCMS,2026-09-23,297899,65.45,455125,1944,35.54
RADICO,2026-09-23,201385,38.12,528324,63981,4601.9
RADIOCITY,2026-09-23,129080,93.17,138537,154,6.04
RAILTEL,2026-09-23,211975,37.14,570785,13275,268.75
RAIN,2026-09-23,1354069,45.59,2970299,26373,221.86
RAINBOW,2026-09-23,57888,62.01,93353,12653,1406.5
RAJMET,2026-09-23,201932,68.77,293642,634,3.12
RAJPALAYAM,2026-09-23,1081,95.41,1133,30,790.45
RAJRATAN,2026-09-23,106823,17.28,618194,26203,483.2
RAJSREESUG,2026-09-23,11298,61.25,18445,303,32.0
RAJTV,2026-09-23,76223,92.25,82629,118,9.77
RALLIS,2026-09-23,142690,50.06,285026,11890,202.62
RAMANEWS,2026-09-23,26312,81.52,32276,280,31.81
RAMAPHO,2026-09-23,14820,64.78,22878,621,123.21
RAMBHAJO,2026-09-23,243666,43.17,564484,9158,286.1
RAMCOCEM,2026-09-23,173870,73.21,237490,7545,885.05
RAMCOIND,2026-09-23,43940,56.02,78432,3778,325.95
RAMCOSYS,2026-09-23,56804,56.85,99924,3937,598.0
RAMKY,2026-09-23,21707,61.01,35578,1447,325.15
RAMRAT,2026-09-23,109941,45.24,243033,13149,558.65
RANASUG,2026-09-23,128504,35.85,358493,1155,14.06
RANEHOLDIN,2026-09-23,3982,74.25,5363,653,1591.9
RATEGAIN,2026-09-23,131923,50.82,259610,20181,851.8
RATNAMANI,2026-09-23,12203,43.5,28051,7549,2800.8
RATNAVEER,2026-09-23,1787002,23.84,7495098,46856,331.4
RAYMOND,2026-09-23,445238,9.98,4461009,145537,1114.65
RAYMONDLSL,2026-09-23,239364,46.62,513403,25108,677.45
RAYMONDREL,2026-09-23,1262217,9.86,12802316,290981,671.45
RBA,2026-09-23,959530,49.67,1931704,16228,94.86
RBLBANK,2026-09-23,1243168,34.04,3651779,62406,428.0
RCF,2026-09-23,466888,38.32,1218290,10373,109.63
RECLTD,2026-09-23,2890461,53.05,5448840,38232,311.5
REDINGTON,2026-09-23,1900124,40.76,4661529,81549,400.75
REDTAPE,2026-09-23,251716,26.99,932477,15429,121.1
REFEX,2026-09-23,123208,52.97,232580,4005,286.65
REGAAL,2026-09-23,681688,18.4,3705161,34190,94.56
REGENCERAM,2026-09-23,4094,78.25,5232,203,34.89
RELAXO,2026-09-23,102073,39.43,258882,10613,298.3
RELCHEMQ,2026-09-23,1474,68.3,2158,90,117.71
RELIABLE,2026-09-23,8575,78.45,10930,314,145.7
RELIANCE,2026-09-23,5575020,66.75,8352048,147001,1248.0
RELIGARE,2026-09-23,330785,74.0,447019,5460,251.77
RELTD,2026-09-23,46175,60.44,76395,1791,149.36
REMSONSIND,2026-09-23,149027,44.77,332855,4515,99.87
RENTOMOJO,2026-09-23,1561604,19.81,7882264,150570,521.35
RENUKA,2026-09-23,2482161,28.39,8743486,14071,23.04
REPCOHOME,2026-09-23,28643,60.84,47082,2061,355.85
REPL,2026-09-23,1045,56.15,1861,57,58.23
REPRO,2026-09-23,8822,55.39,15927,842,301.35
RESPONIND,2026-09-23,349262,34.49,1012730,8336,162.24
RETAIL,2026-09-23,3159,95.15,3320,70,17.25
RGL,2026-09-23,991768,23.7,4184608,42898,170.48
RHETAN,2026-09-23,828372,100.0,828372,1415,16.79
RHIM,2026-09-23,797684,16.42,4858870,77573,388.85
RHL,2026-09-23,320,68.52,467,19,173.1
RICOAUTO,2026-09-23,268602,41.03,654611,8596,129.23
RIIL,2026-09-23,15016,17.34,86618,3976,719.95
RIR,2026-09-23,201400,40.19,501113,10222,189.75
RISHABH,2026-09-23,46613,48.38,96353,5511,738.95
RITCO,2026-09-23,77471,68.65,112853,2811,289.75
RITES,2026-09-23,150132,34.64,433416,16349,204.05
RKDL,2026-09-23,4557,77.99,5843,94,18.49
RKEC,2026-09-23,27104,74.01,36623,201,19.04
RKFORGE,2026-09-23,162382,43.51,373182,13176,710.2
RKSWAMY,2026-09-23,32780,82.85,39564,514,92.45
RMC,2026-09-23,13133,52.47,25030,1149,221.94
RML,2026-09-23,11779,45.67,25789,3508,1356.7
ROHLTD,2026-09-23,16125,64.0,25196,769,309.75
ROLEXRINGS,2026-09-23,2395285,33.81,7085323,72741,183.58
ROML,2026-09-23,2309,88.23,2617,26,41.87
ROSSARI,2026-09-23,59094,46.16,128013,5324,454.8
ROSSELLIND,2026-09-23,19430,71.73,27087,511,52.03
ROSSTECH,2026-09-23,83157,30.08,276498,24268,1449.8
ROTO,2026-09-23,75567,42.52,177737,1844,63.13
ROUTE,2026-09-23,190812,18.36,1039348,27642,473.25
RPEL,2026-09-23,25657,44.58,57548,8525,1711.7
RPGLIFE,2026-09-23,40301,28.1,143445,14001,3025.4
RPOWER,2026-09-23,6593544,35.78,18429284,29088,21.03
RPPINFRA,2026-09-23,13794,55.1,25033,496,55.05
RPSGVENT,2026-09-23,9138,59.25,15423,944,851.75
RPTECH,2026-09-23,185646,48.57,382200,19884,898.7
RRECL,2026-09-23,1012,90.36,1120,14,137.0
RRIL,2026-09-23,23856,83.01,28739,138,16.04
RRKABEL,2026-09-23,119623,44.55,268514,28557,2476.7
RSL,2026-09-23,99851,39.68,251660,7482,184.02
RSSOFTWARE,2026-09-23,17844,77.84,22923,349,32.39
RSWM,2026-09-23,42499,59.44,71503,1501,225.28
RSYSTEMS,2026-09-23,184859,57.6,320943,4814,239.6
RTNINDIA,2026-09-23,321654,35.71,900767,4626,27.45
RTNPOWER,2026-09-23,5563766,47.27,11771033,9088,7.11
RTSPOWR,2026-09-23,8601,98.26,8753,49,89.0
RUBFILA,2026-09-23,25560,54.72,46712,909,66.04
RUBICON,2026-09-23,372432,62.01,600567,45681,1674.8
RUBYMILLS,2026-09-23,33376,29.8,111992,6017,490.2
RUCHINFRA,2026-09-23,59661,50.71,117662,280,5.25
RUCHIRA,2026-09-23,14384,69.03,20838,629,105.77
RUDRA,2026-09-23,32770,82.54,39703,167,19.81
RUPA,2026-09-23,62939,49.25,127805,3529,140.63
RUSHIL,2026-09-23,117038,64.93,180245,545,16.78
RUSTOMJEE,2026-09-23,39336,64.07,61398,5155,365.75
RVHL,2026-09-23,5246,96.95,5411,128,39.48
RVNL,2026-09-23,944921,32.65,2894169,26498,211.77
RVTH,2026-09-23,834,67.8,1230,96,641.15
S&SPOWER,2026-09-23,1422,72.29,1967,193,318.05
SAATVIKGL,2026-09-23,61102,46.82,130510,5582,447.6
SAB,2026-09-23,2001,100.0,2001,3,170.0
SADBHAV,2026-09-23,71853,85.23,84305,230,7.71
SADBHIN,2026-09-23,94790,86.09,110108,181,2.59
SAFARI,2026-09-23,25125,58.57,42901,6066,1491.6
SAGARDEEP,2026-09-23,6777,78.51,8632,143,24.36
SAGCEM,2026-09-23,36827,54.97,67000,1180,152.68
SAGILITY,2026-09-23,3105538,52.47,5919241,12984,45.99
SAHLIBHFI,2026-09-23,17993,61.37,29319,631,76.03
SAHYADRI,2026-09-23,4063,62.52,6499,642,369.6
SAICAPI,2026-09-23,412,71.28,578,38,155.69
SAIL,2026-09-23,18184041,43.7,41615771,146880,185.44
SAILIFE,2026-09-23,103756,39.04,265789,21694,1609.6
SAIPARENT,2026-09-23,35134,56.25,62456,2620,509.3
SAKAR,2026-09-23,102839,45.04,228348,16465,1162.65
SAKHTISUG,2026-09-23,127543,55.72,228906,687,18.23
SAKSOFT,2026-09-23,91280,42.98,212364,3771,147.79
SAKUMA,2026-09-23,1913271,72.04,2655959,1128,1.67
SALASAR,2026-09-23,1764319,63.55,2776406,3189,4.94
SALONA,2026-09-23,450,55.76,807,69,270.65
SALSTEEL,2026-09-23,227863,63.32,359860,2037,85.02
SALZERELEC,2026-09-23,12365,42.38,29178,1382,549.05
SAMBANDAM,2026-09-23,1229,100.0,1229,3,102.5
SAMBHAAV,2026-09-23,19390,91.45,21203,128,5.98
SAMBHV,2026-09-23,2264069,30.44,7438082,65323,158.22
SAMHI,2026-09-23,202396,50.24,402854,7195,160.01
SAMMAANCAP,2026-09-23,1500878,46.46,3230314,19793,144.48
SAMPANN,2026-09-23,13730,63.47,21633,214,24.34
SANATHAN,2026-09-23,286741,59.12,484976,14137,506.35
SANDESH,2026-09-23,494,76.71,644,186,1027.0
SANDHAR,2026-09-23,41330,52.83,78228,3871,591.75
SANDUMA,2026-09-23,245962,44.86,548326,10758,188.06
SANGAMIND,2026-09-23,5617,63.36,8865,665,570.85
SANGHVIMOV,2026-09-23,82517,53.47,154318,5943,441.75
SANOFI,2026-09-23,7615,67.89,11216,2154,3052.4
SANOFICONR,2026-09-23,1262,53.09,2377,893,4005.4
SANSERA,2026-09-23,257336,47.11,546223,95001,4621.4
SANSTAR,2026-09-23,67441,36.54,184575,2657,111.15
SAPPHIRE,2026-09-23,257644,35.95,716679,14311,231.48
SAPPL,2026-09-23,457,87.21,524,48,273.1
SARDAEN,2026-09-23,80511,50.59,159141,8618,505.95
SAREGAMA,2026-09-23,138331,31.55,438443,18860,507.0
SARLAPOLY,2026-09-23,47945,71.72,66846,673,100.03
SARVESHWAR,2026-09-23,734324,65.32,1124278,1481,3.66
SASKEN,2026-09-23,8448,54.64,15461,2060,1780.6
SATIA,2026-09-23,25370,67.02,37855,712,67.24
SATIN,2026-09-23,59086,65.06,90821,1995,225.3
SAURASHCEM,2026-09-23,60107,76.45,78627,706,53.86
SAYAJIHOTL,2026-09-23,1,50.0,2,2,327.0
SAYAJIIND,2026-09-23,2731,61.75,4423,35,122.0
SBC,2026-09-23,4737043,50.36,9405721,5746,48.78
SBCL,2026-09-23,185765,51.79,358667,22165,1156.0
SBFC,2026-09-23,639818,49.2,1300327,11606,91.21
SBGLP,2026-09-23,388560,33.38,1163972,8273,24.31
SBIBPB,2026-09-23,14796,62.09,23829,200,48.41
SBICARD,2026-09-23,255452,55.35,461549,28416,635.0
SBIETFCON,2026-09-23,761,53.93,1411,61,119.33
SBIETFIT,2026-09-23,4379,81.5,5373,250,314.58
SBIETFPB,2026-09-23,1534258,99.56,1540989,696,280.47
SBIETFQLTY,2026-09-23,38261,92.94,41166,77,214.2
SBIFUNDS,2026-09-23,349842,51.89,674153,25375,551.35
SBILIFE,2026-09-23,342729,66.76,513341,21435,1760.0
SBILIQETF,2026-09-23,33098,23.48,140951,92,1057.04
SBIMIDMOM,2026-09-23,42446,93.71,45297,109,63.65
SBIN,2026-09-23,2643995,58.47,4522248,90482,994.1
SBINEQWETF,2026-09-23,12092,77.46,15611,182,32.64
SBINMID150,2026-09-23,12180,82.63,14740,110,23.01
SBISILVER,2026-09-23,212024,28.8,736321,4314,225.79
SBISMLETF,2026-09-23,44540,81.16,54877,182,18.4
SBIVALETF,2026-09-23,1548,62.65,2471,33,14.58
SCHAEFFLER,2026-09-23,28131,61.75,45556,17468,4085.7
SCHAND,2026-09-23,34767,59.75,58188,1870,137.86
SCHNEIDER,2026-09-23,144790,48.47,298693,19484,1243.4
SCI,2026-09-23,393353,44.25,888953,11733,279.05
SCILAL,2026-09-23,195222,55.23,353501,1673,38.2
SCODATUBES,2026-09-23,979606,33.42,2930843,31715,137.74
SDBL,2026-09-23,98311,62.15,158194,1952,67.89
SEAMECLTD,2026-09-23,12763,48.29,26431,3527,1752.7
SECLEDBETA,2026-09-23,16003,76.19,21005,18,14.36
SECMARK,2026-09-23,1711,88.65,1930,48,141.03
SECURKLOUD,2026-09-23,9335,88.12,10593,125,16.61
SEDEMAC,2026-09-23,28326,44.27,63985,9647,3035.2
SEIL,2026-09-23,200486,64.84,309195,3012,197.86
SEJALLTD,2026-09-23,4743,62.33,7610,465,699.6
SEKURITIND,2026-09-23,14481,67.57,21432,425,113.82
SELECTIPO,2026-09-23,93766,66.27,141493,157,48.93
SEMAC,2026-09-23,695,71.65,970,78,265.65
SENCO,2026-09-23,581905,47.74,1218885,27960,342.25
SENORES,2026-09-23,62083,46.0,134952,11858,1383.4
SENSEXADD,2026-09-23,1007,68.83,1463,31,77.06
SENSEXAXIS,2026-09-23,1513,47.67,3174,50,77.86
SENSEXBETA,2026-09-23,802,49.94,1606,103,828.72
SENSEXETF,2026-09-23,3643,37.91,9610,140,77.37
SENSEXIETF,2026-09-23,3310,73.38,4511,215,861.59
SEPC,2026-09-23,5798467,47.11,12308628,5840,5.22
SERVOTECH,2026-09-23,206965,50.89,406657,4343,71.67
SESHAPAPER,2026-09-23,13792,68.08,20258,608,247.95
SETF10GILT,2026-09-23,671,44.7,1501,29,263.59
SETFGOLD,2026-09-23,2000125,56.85,3518011,7565,128.64
SETFNIF50,2026-09-23,391864,69.27,565701,2775,252.66
SETFNIFBK,2026-09-23,62521,93.01,67220,1447,580.67
SETFNN50,2026-09-23,8749,57.09,15326,814,776.31
SETL,2026-09-23,260465,59.47,437953,8742,407.0
SFL,2026-09-23,76116,46.38,164118,12918,643.1
SGFIN,2026-09-23,67587,52.77,128081,6208,622.15
SGIL,2026-09-23,30347,35.91,84520,4128,668.5
SGL,2026-09-23,11320,68.79,16455,158,8.93
SGLRES,2026-09-23,59405,63.81,93094,238,2.44
SGMART,2026-09-23,90808,54.6,166323,9908,731.45
SGRL,2026-09-23,18107,68.35,26491,1259,735.55
SHADOWFAX,2026-09-23,2765857,54.27,5096655,105413,285.75
SHAH,2026-09-23,1200438,70.29,1707745,660,3.25
SHAILY,2026-09-23,59707,32.86,181675,18971,3211.0
SHAKTIPUMP,2026-09-23,128727,38.81,331661,14792,476.8
SHALBY,2026-09-23,116313,51.88,224182,4584,145.67
SHANKARA,2026-09-23,19853,60.25,32951,497,143.39
SHANKESH,2026-09-23,1256875,27.69,4538664,29803,94.32
SHANTI,2026-09-23,13625,85.51,15934,80,5.7
SHANTIGEAR,2026-09-23,19171,45.02,42582,2309,668.05
SHANTIGOLD,2026-09-23,2685980,21.35,12582362,178570,288.07
SHARDACROP,2026-09-23,40546,48.95,82837,6020,758.05
SHARDAMOTR,2026-09-23,59643,37.02,161127,14923,971.85
SHAREINDIA,2026-09-23,591990,32.08,1845463,20963,219.98
SHARIABEES,2026-09-23,2807,60.27,4657,290,437.41
SHBAJRG,2026-09-23,2124,80.06,2653,128,161.24
SHERVANI,2026-09-23,215,55.27,389,30,320.1
SHILCTECH,2026-09-23,8777,45.99,19084,5397,4147.6
SHILGRAVQ,2026-09-23,28209,85.89,32843,493,147.67
SHILPAMED,2026-09-23,228313,37.21,613628,37996,1037.7
SHINDL,2026-09-23,20067,15.46,129807,820,164.13
SHIPROCKET,2026-09-23,1098431,35.82,3066223,34328,127.23
SHIVAAGRO,2026-09-23,2934,52.47,5592,137,39.74
SHIVACEM,2026-09-23,17169,83.21,20634,149,15.6
SHIVALIK,2026-09-23,76851,53.59,143393,5541,431.65
SHIVAMAUTO,2026-09-23,60966,64.35,94746,503,18.21
SHIVAMILLS,2026-09-23,803,91.67,876,24,59.92
SHIVATEX,2026-09-23,406,93.12,436,26,172.0
SHIVAUM,2026-09-23,5681,61.74,9201,330,513.2
SHK,2026-09-23,227902,42.44,536940,8886,144.45
SHOPERSTOP,2026-09-23,6457,31.34,20604,1947,391.1
SHRADDHA,2026-09-23,4505,92.73,4858,102,149.58
SHRADHA,2026-09-23,1921,79.84,2406,48,30.45
SHREDIGCEM,2026-09-23,86114,64.31,133898,1413,68.8
SHREECEM,2026-09-23,5014,49.12,10207,5645,22500.0
SHREEJISPG,2026-09-23,117666,36.61,321372,5292,723.75
SHREEPUSHK,2026-09-23,25175,49.66,50695,2532,495.8
SHREERAMA,2026-09-23,55061,63.94,86110,1056,45.79
SHREYANIND,2026-09-23,14531,92.92,15638,122,129.1
SHRIKRISH,2026-09-23,100,63.69,157,7,35.45
SHRINGARMS,2026-09-23,129630,33.95,381776,1869,210.22
SHRIPISTON,2026-09-23,12662,57.2,22138,5866,4489.8
SHRIRAMFIN,2026-09-23,1903240,65.26,2916356,72500,1010.8
SHRIRAMPPS,2026-09-23,181509,63.58,285463,2634,72.69
SHRJAGP,2026-09-23,153,66.23,231,30,632.25
SHUKRAPHAR,2026-09-23,1062404,30.96,3431554,18761,56.79
SHYAMMETL,2026-09-23,174853,41.75,418859,22017,1105.8
SHYAMTEL,2026-09-23,1228,91.71,1339,27,11.14
SICAGEN,2026-09-23,19580,87.5,22378,134,52.98
SIEL,2026-09-23,194,100.0,194,8,30.48
SIEMENS,2026-09-23,53668,40.32,133100,16216,3886.0
SIGACHI,2026-09-23,1066797,36.24,2943639,8754,31.34
SIGMA,2026-09-23,57940,74.22,78069,591,46.04
SIGNATURE,2026-09-23,6952,3.79,183486,5580,768.75
SIGNPOST,2026-09-23,14587,66.41,21965,896,273.9
SIKA,2026-09-23,18346,55.59,33001,2941,1059.75
SIL,2026-09-23,88306,64.62,136655,1398,17.13
SILGO,2026-09-23,17456,84.48,20664,276,70.43
SILINV,2026-09-23,2270,89.69,2531,71,452.8
SILVER,2026-09-23,205548,32.35,635480,5286,230.26
SILVER001,2026-09-23,421521,76.61,550189,113,23.19
SILVER1,2026-09-23,2671867,51.08,5230346,4471,22.36
SILVER360,2026-09-23,8043,56.39,14263,305,226.75
SILVERADD,2026-09-23,3822958,54.78,6978831,5501,22.2
SILVERAG,2026-09-23,80754,48.87,165251,1915,224.4
SILVERAXIS,2026-09-23,103539,35.33,293036,2357,229.19
SILVERBEES,2026-09-23,7662888,47.25,16219218,45400,220.26
SILVERBETA,2026-09-23,135057,25.86,522179,2667,222.41
SILVERBND,2026-09-23,9951,89.79,11083,136,231.23
SILVERCASE,2026-09-23,1407948,35.25,3994735,4515,23.37
SILVERIETF,2026-09-23,793469,38.75,2047735,10287,230.09
SILVERTUC,2026-09-23,69508,26.71,260207,4690,152.99
SIMPLEXINF,2026-09-23,90889,56.27,161513,2956,256.4
SIMPLXREA,2026-09-23,423,100.0,423,11,126.0
SINCLAIR,2026-09-23,19323,72.11,26798,313,82.04
SINDHUTRAD,2026-09-23,101593,47.94,211935,790,23.96
SINGERIND,2026-09-23,32115,71.22,45095,621,79.13
SINTERCOM,2026-09-23,7558,82.87,9120,170,78.75
SIRCA,2026-09-23,87885,30.32,289848,4416,414.4
SIS,2026-09-23,61815,63.05,98041,5465,421.45
SIYSIL,2026-09-23,11478,60.91,18844,2035,540.55
SJS,2026-09-23,23924,55.34,43229,9587,2334.1
SJVN,2026-09-23,858641,48.7,1763204,18492,63.25
SKFINDIA,2026-09-23,19638,54.08,36312,6831,1519.8
SKFINDUS,2026-09-23,18785,49.23,38160,12399,2885.9
SKIPPER,2026-09-23,290873,27.13,1071979,38417,567.5
SKMEGGPROD,2026-09-23,107052,60.67,176443,2882,229.75
SKYGOLD,2026-09-23,490800,37.02,1325607,55959,794.1
SKYWAYS,2026-09-23,1050367,21.43,4900366,33566,129.57
SMALL250,2026-09-23,86521,59.36,145765,502,18.5
SMALLADD,2026-09-23,23401,74.57,31383,101,18.56
SMALLCAP,2026-09-23,730713,53.47,1366686,2530,49.12
SMALLGROWW,2026-09-23,4014,74.28,5404,68,49.47
SMALLIETF,2026-09-23,9150,63.12,14497,88,18.49
SMARTWORKS,2026-09-23,17409,63.09,27592,1195,541.05
SMCGLOBAL,2026-09-23,888167,38.1,2330867,20311,87.14
SML100CASE,2026-09-23,845864,72.92,1159997,1050,11.38
SMLMAH,2026-09-23,21729,40.59,53537,12367,6794.0
SMLT,2026-09-23,3942,64.05,6155,196,60.61
SMSPHARMA,2026-09-23,328379,40.98,801318,21604,482.95
SNOWMAN,2026-09-23,92239,59.84,154134,1406,35.18
SNXT30BEES,2026-09-23,1269,64.35,1972,50,42.28
SNXT50BETA,2026-09-23,598,81.81,731,80,93.45
SOBHA,2026-09-23,19027,43.34,43906,7162,1243.8
SOFTTECH,2026-09-23,1991,64.31,3096,179,491.85
SOLARA,2026-09-23,212545,43.21,491844,20826,722.9
SOLARINDS,2026-09-23,137099,43.34,316329,54574,19730.0
SOLARWORLD,2026-09-23,164494,59.14,278134,3850,138.52
SOLEX,2026-09-23,157252,14.05,1119045,53324,735.2
SOMANYCERA,2026-09-23,49946,45.94,108719,5255,596.3
SOMATEX,2026-09-23,4554,67.94,6703,130,82.35
SOMICONVEY,2026-09-23,10255,88.12,11638,156,91.51
SONACOMS,2026-09-23,1398749,43.93,3183807,81203,833.0
SONAL,2026-09-23,201,100.0,201,6,83.55
SONATSOFTW,2026-09-23,121129,38.17,317370,7709,282.0
SOTL,2026-09-23,85723,34.67,247265,10937,715.6
SOUTHBANK,2026-09-23,6626848,45.54,14551891,43144,47.08
SOUTHWEST,2026-09-23,46700,53.38,87484,2418,194.64
SPAL,2026-09-23,13611,51.72,26317,2687,989.5
SPANDANA,2026-09-23,30124,38.34,78579,1983,232.18
SPARC,2026-09-23,666756,34.45,1935408,27962,205.65
SPCENET,2026-09-23,326584,70.87,460845,548,3.39
SPENCERS,2026-09-23,21322,65.17,32720,515,29.44
SPIC,2026-09-23,127295,35.66,356978,2975,67.0
SPLIL,2026-09-23,3678,40.17,9157,118,30.19
SPLPETRO,2026-09-23,117352,30.32,387021,27420,882.2
SPMLINFRA,2026-09-23,56155,42.1,133400,2035,168.58
SPORTKING,2026-09-23,100751,49.51,203482,5807,211.26
SRD,2026-09-23,76292,76.62,99577,353,40.88
SRF,2026-09-23,38220,52.22,73197,9414,2550.0
SRGHFL,2026-09-23,38404,83.17,46174,603,158.1
SRHHYPOLTD,2026-09-23,20803,42.7,48715,3372,587.5
SRM,2026-09-23,18765,55.42,33857,1986,422.45
SRTL,2026-09-23,47363,87.23,54296,643,38.9
SSDL,2026-09-23,78395,62.36,125706,1569,65.62
SSRETAIL,2026-09-23,8679267,18.98,45735525,729664,748.8
SSWL,2026-09-23,407433,38.39,1061277,33894,371.95
STANLEY,2026-09-23,20263,58.72,34505,850,137.43
STAR,2026-09-23,70552,46.04,153250,12742,1223.3
STARCEMENT,2026-09-23,39790,47.02,84627,2114,189.23
STARHEALTH,2026-09-23,444694,66.92,664468,42077,549.2
STARPAPER,2026-09-23,1655,62.08,2666,79,156.27
STARTECK,2026-09-23,489,78.74,621,53,253.85
STCINDIA,2026-09-23,8498,56.29,15098,296,111.98
STEAMHOUSE,2026-09-23,2122281,29.2,7268558,44953,110.73
STEELCAS,2026-09-23,139557,51.94,268681,11312,359.7
STEELCITY,2026-09-23,5864,68.52,8558,211,84.82
STEELXIND,2026-09-23,9577821,22.06,43409817,54619,12.01
STEL,2026-09-23,5608,46.95,11945,864,640.6
STLNETWORK,2026-09-23,2283887,73.99,3086717,2131,49.7
STLSTRINF,2026-09-23,10588,72.33,14638,115,24.01
STOVEKRAFT,2026-09-23,69719,53.56,130160,10773,829.1
STUDDS,2026-09-23,37586,69.59,54012,4191,415.75
STYL,2026-09-23,22870,58.37,39184,2134,359.8
STYLAMIND,2026-09-23,39129,44.33,88259,15697,3355.6
STYLEBAAZA,2026-09-23,714119,52.21,1367688,17041,378.05
STYRENIX,2026-09-23,13290,46.69,28464,4536,2130.1
SUBEXLTD,2026-09-23,11590796,16.33,70960363,258222,22.08
SUBROS,2026-09-23,19664,37.65,52234,3810,731.5
SUDARCOLOR,2026-09-23,1703,57.22,2976,192,390.7
SUDARSCHEM,2026-09-23,33889,47.15,71876,6017,1236.9
SUDEEPPHRM,2026-09-23,139411,66.47,209732,13259,1199.6
SUKHJITS,2026-09-23,6659,69.39,9597,471,162.58
SULA,2026-09-23,80688,47.01,171641,3669,137.76
SUMEDHA,2026-09-23,2061,99.9,2063,19,44.08
SUMEETINDS,2026-09-23,175844,100.0,175844,75,11.05
SUMICHEM,2026-09-23,218414,59.02,370058,17778,464.2
SUMIT,2026-09-23,7372,75.26,9795,217,49.91
SUMMITSEC,2026-09-23,997,73.47,1357,290,1403.7
SUNCLAY,2026-09-23,1087,64.55,1684,180,1253.9
SUNDARAM,2026-09-23,184054,90.24,203956,252,1.17
SUNDARMFIN,2026-09-23,35078,67.26,52156,13913,4654.9
SUNDRMFAST,2026-09-23,245335,88.54,277085,11183,1185.4
SUNDROP,2026-09-23,18368,50.69,36238,1751,744.3
SUNFLAG,2026-09-23,517001,56.63,912957,13926,390.55
SUNPHARMA,2026-09-23,655205,72.6,902514,66824,1865.0
SUNRAKSHAK,2026-09-23,7829,79.37,9864,230,366.6
SUNSHIEL,2026-09-23,1373,62.38,2201,328,1164.3
SUNSHINE,2026-09-23,247251,42.23,585436,7992,441.45
SUNTECK,2026-09-23,42406,46.78,90649,3525,290.1
SUNTV,2026-09-23,1003242,56.63,1771617,42628,490.2
SUPERHOUSE,2026-09-23,5051,67.48,7485,209,168.47
SUPRAJIT,2026-09-23,15869,54.93,28891,2722,485.05
SUPREME,2026-09-23,64002,88.97,71938,443,31.97
SUPREMEIND,2026-09-23,42768,54.79,78063,12744,3497.1
SUPREMEINF,2026-09-23,8875,69.44,12781,221,81.0
SUPRIYA,2026-09-23,282057,27.98,1007970,55390,1000.9
SURAJEST,2026-09-23,91304,43.83,208291,3809,220.41
SURAJLTD,2026-09-23,271,63.02,430,30,197.01
SURAKSHA,2026-09-23,36923,50.69,72845,3142,355.35
SURANASOL,2026-09-23,18756,74.78,25081,344,25.86
SURANAT&P,2026-09-23,53640,78.94,67954,676,16.04
SURYALA,2026-09-23,923,98.93,933,34,400.05
SURYALAXMI,2026-09-23,4411,80.24,5497,113,58.82
SURYAROSNI,2026-09-23,167882,54.59,307551,7698,214.64
SURYODAY,2026-09-23,90014,57.04,157818,2629,149.3
SUVEN,2026-09-23,166399,60.09,276928,7196,341.85
SUVIDHAA,2026-09-23,81374,52.38,155367,233,2.19
SUYOG,2026-09-23,10025,64.22,15611,1133,671.55
SUZLON,2026-09-23,46225856,46.54,99322778,146954,42.39
SVGLOBAL,2026-09-23,3291,73.69,4466,143,151.93
SVLL,2026-09-23,4058,90.34,4492,144,861.3
SVPGLOB,2026-09-23,36392,89.9,40480,69,3.35
SWANCORP,2026-09-23,209532,27.03,775263,14508,300.05
SWARAJENG,2026-09-23,2804,59.94,4678,864,3559.3
SWARNSAR,2026-09-23,33628,91.03,36942,194,42.04
SWELECTES,2026-09-23,5921,54.25,10914,887,581.85
SWIGGY,2026-09-23,8732451,46.58,18748823,152490,278.5
SWSOLAR,2026-09-23,581852,43.64,1333410,13979,180.76
SYMBIOTEC,2026-09-23,484714,33.56,1444410,72182,1062.0
SYMPHONY,2026-09-23,20210,51.78,39027,2150,592.6
SYNCOMF,2026-09-23,2250725,42.52,5293142,9863,20.01
SYNGENE,2026-09-23,144607,39.18,369046,12673,381.85
SYRMA,2026-09-23,430598,30.75,1400218,88776,1719.4
TAALTECH,2026-09-23,43257,42.61,101517,10298,1094.8
TAINWALCHM,2026-09-23,2181,84.44,2583,83,214.31
TAJGVK,2026-09-23,25420,53.54,47479,2051,329.9
TAKE,2026-09-23,237552,87.38,271857,649,15.86
TALBROAUTO,2026-09-23,89256,43.27,206297,8726,466.9
TANAA,2026-09-23,67605,36.89,183283,8466,352.45
TANLA,2026-09-23,158530,33.51,473046,16573,500.4
TARACHAND,2026-09-23,58987,74.91,78744,731,45.97
TARAPUR,2026-09-23,21958,84.62,25949,197,12.16
TARC,2026-09-23,212721,65.92,322713,3024,129.65
TARIL,2026-09-23,544165,43.28,1257349,25962,289.0
TARMAT,2026-09-23,3543,68.5,5172,180,54.73
TARSONS,2026-09-23,56151,45.49,123431,4243,335.45
TASTYBITE,2026-09-23,2112,57.8,3654,1233,10180.0
TATACAP,2026-09-23,1357265,40.75,3331010,69021,350.05
TATACHEM,2026-09-23,397183,33.67,1179765,22552,669.9
TATACOMM,2026-09-23,101696,64.4,157911,19438,1700.6
TATACONSUM,2026-09-23,579363,68.1,850774,34856,994.3
TATAELXSI,2026-09-23,61011,38.15,159930,14498,3212.0
TATAGOLD,2026-09-23,18185545,51.73,35154842,50412,14.67
TATAINVEST,2026-09-23,128342,34.2,375242,13432,674.3
TATAPOWER,2026-09-23,690118,48.65,1418458,30207,369.0
TATASTEEL,2026-09-23,18533584,46.57,39798327,179963,190.82
TATATECH,2026-09-23,278869,44.6,625279,42263,716.45
TATSILV,2026-09-23,11788886,35.2,33492729,34703,22.37
TATVA,2026-09-23,42525,42.11,100979,10583,1778.1
TBOTEK,2026-09-23,80139,58.2,137694,10362,1704.5
TCC,2026-09-23,342440,20.54,1667565,10420,53.89
TCI,2026-09-23,27001,63.9,42256,6432,829.75
TCIEXP,2026-09-23,11035,48.81,22609,1888,505.6
TCIFINANCE,2026-09-23,6400,70.41,9089,127,15.19
TCPLPACK,2026-09-23,4845,36.8,13166,3732,4003.0
TCS,2026-09-23,1212713,54.42,2228402,112320,2089.6
TDPOWERSYS,2026-09-23,727213,39.47,1842284,71833,765.5
TEAMGTY,2026-09-23,135,72.58,186,67,239.95
TEAMLEASE,2026-09-23,5139,64.47,7971,2185,1196.0
TECH,2026-09-23,45882,76.61,59892,300,31.05
TECHM,2026-09-23,466585,54.82,851068,49591,1557.0
TECHNOCRAF,2026-09-23,610857,20.66,2956605,64973,475.65
TECHNOE,2026-09-23,34907,49.15,71021,7276,1012.05
TECHNVISN,2026-09-23,442,80.36,550,125,4181.5
TECILCHEM,2026-09-23,7002,60.59,11556,100,9.5
TEGA,2026-09-23,179698,26.76,671454,38882,2078.8
TEJASNET,2026-09-23,264454,29.7,890300,23141,521.55
TEMBO,2026-09-23,845893,60.88,1389438,4377,59.31
TEMPSENS,2026-09-23,847828,23.3,3639393,80978,565.65
TENNIND,2026-09-23,466375,47.28,986500,39546,518.6
TERAI,2026-09-23,9,90.0,10,3,111.36
TERASOFT,2026-09-23,24240,65.42,37055,1778,230.8
TEXINFRA,2026-09-23,734858,26.32,2791859,21573,123.47
TEXMOPIPES,2026-09-23,63408,49.96,126916,1390,59.63
TEXRAIL,2026-09-23,3188616,46.21,6899587,51627,124.75
TFCILTD,2026-09-23,5713951,51.46,11104195,32258,141.55
TFL,2026-09-23,823,74.01,1112,37,11.77
TGBHOTELS,2026-09-23,43338,60.16,72038,183,9.43
TGVSL,2026-09-23,91225,53.18,171548,2684,108.55
THACKER,2026-09-23,18,100.0,18,8,1008.0
THAKDEV,2026-09-23,637,41.99,1517,63,133.78
THANGAMAYL,2026-09-23,40627,47.34,85826,17190,5317.0
THEINVEST,2026-09-23,6871,66.05,10403,282,94.06
THEJO,2026-09-23,1767,56.74,3114,399,2173.5
THELEELA,2026-09-23,76252,66.86,114049,11965,544.95
THEMISMED,2026-09-23,15034,42.91,35037,1022,121.97
THERMAX,2026-09-23,85615,55.96,153000,34598,3464.9
THOMASCOOK,2026-09-23,108619,45.81,237088,2985,105.12
THOMASCOTT,2026-09-23,26393,69.13,38180,1010,235.15
THYROCARE,2026-09-23,78640,53.66,146553,9605,573.75
TI,2026-09-23,756434,47.46,1593921,41974,601.5
TIGERLOGS,2026-09-23,78077,63.23,123476,973,26.87
TIIL,2026-09-23,21203,44.73,47403,9122,3019.9
TIINDIA,2026-09-23,80149,59.35,135053,10701,2578.6
TIMETECHNO,2026-09-23,467324,13.48,3467558,21330,181.96
TIMEX,2026-09-23,307115,25.74,1193305,61723,725.75
TIMKEN,2026-09-23,27201,49.3,55180,10700,3287.9
TINNARUBR,2026-09-23,14218,50.81,27984,2994,1007.25
TIPSFILMS,2026-09-23,1805,83.41,2164,207,314.75
TIPSMUSIC,2026-09-23,149420,45.75,326612,14381,670.5
TIRUMALCHM,2026-09-23,1133673,42.44,2671402,30145,165.22
TITAGARH,2026-09-23,97294,26.49,367272,15707,842.05
TITAN,2026-09-23,506955,65.86,769737,68371,4880.0
TMB,2026-09-23,116284,48.92,237718,15922,921.4
TMCV,2026-09-23,7998461,69.35,11532732,134651,450.2
TMPV,2026-09-23,2007000,42.85,4683895,56675,300.5
TNIDETF,2026-09-23,40061,59.05,67844,317,88.8
TNPETRO,2026-09-23,187090,38.49,486120,11139,128.98
TNPL,2026-09-23,164952,53.19,310131,3775,144.37
TNTELE,2026-09-23,32859,73.71,44578,259,9.06
TOKYOPLAST,2026-09-23,2162,89.34,2420,37,79.4
TOLINS,2026-09-23,22914,66.07,34684,739,91.58
TOP100CASE,2026-09-23,722185,90.93,794199,874,10.35
TOP10ADD,2026-09-23,126619,84.64,149597,431,84.58
TOP15IETF,2026-09-23,82070,60.88,134798,274,9.48
TOP20,2026-09-23,17038,56.97,29905,125,8.65
TORNTPHARM,2026-09-23,207506,67.03,309574,23927,4985.0
TORNTPOWER,2026-09-23,98092,62.66,156538,14623,1259.4
TOUCHWOOD,2026-09-23,193,78.78,245,9,61.85
TOYAMSL,2026-09-23,755731,61.56,1227535,291,0.88
TPLPLASTEH,2026-09-23,33388,30.82,108318,1067,67.15
TRACXN,2026-09-23,106267,64.53,164668,3869,32.95
TRANSCOR,2026-09-23,2563,78.6,3261,91,24.28
TRANSRAILL,2026-09-23,1189115,11.44,10396978,171198,488.9
TRAVELFOOD,2026-09-23,10821,48.48,22319,4385,1214.5
TREEHOUSE,2026-09-23,7951,76.18,10437,72,5.93
TREJHARA,2026-09-23,8340,68.64,12151,484,135.22
TREL,2026-09-23,90160,65.73,137169,3670,27.78
TRENT,2026-09-23,523154,62.3,839769,36016,2774.0
TRF,2026-09-23,5475,55.45,9874,612,216.31
TRIDENT,2026-09-23,1896625,37.89,5005602,14034,23.42
TRIGYN,2026-09-23,7794,52.16,14943,346,56.14
TRITONV,2026-09-23,2984,61.44,4857,667,1133.8
TRITURBINE,2026-09-23,147343,48.32,304911,41226,562.1
TRIVENI,2026-09-23,131427,45.42,289387,6540,242.35
TRU,2026-09-23,17906,68.07,26307,142,4.23
TRUALT,2026-09-23,618281,71.56,864019,11442,438.9
TSFINV,2026-09-23,43375,65.57,66149,6364,462.05
TTKHLTCARE,2026-09-23,12491,51.83,24101,2397,1051.2
TTKPRESTIG,2026-09-23,27078,62.43,43374,4762,525.8
TTL,2026-09-23,262199,63.39,413643,458,7.26
TTML,2026-09-23,396778,36.7,1081213,6041,35.63
TURTLEMINT,2026-09-23,467718,46.08,1014985,14169,136.3
TUTIALKA,2026-09-23,4102,73.42,5587,106,55.64
TVSELECT,2026-09-23,24294,52.61,46174,2239,391.8
TVSHLTD,2026-09-23,2317,50.25,4611,2066,12591.0
TVSMOTOR,2026-09-23,584907,67.79,862827,48904,4135.0
TVSSCS,2026-09-23,286978,46.72,614308,8695,132.48
TVSSRICHAK,2026-09-23,2374,46.2,5138,1243,4651.0
TVTODAY,2026-09-23,46984,82.3,57092,584,107.7
TWCGOLDETF,2026-09-23,32052,99.2,32309,312,150.51
UBL,2026-09-23,29905,48.86,61203,6502,1242.3
UCOBANK,2026-09-23,1496580,46.49,3219016,13572,24.04
UDAYJEW,2026-09-23,48606,47.25,102864,886,153.87
UDS,2026-09-23,74093,54.53,135877,3161,205.27
UEL,2026-09-23,9643,39.9,24169,912,191.86
UFLEX,2026-09-23,76030,50.39,150879,5920,670.45
UFO,2026-09-23,25106,69.3,36229,356,60.64
UGARSUGAR,2026-09-23,378435,41.32,915900,9712,57.22
UGROCAP,2026-09-23,77625,49.61,156479,2142,84.29
UJJIVANSFB,2026-09-23,3113420,51.11,6091985,30239,66.01
ULTRACEMCO,2026-09-23,151470,69.47,218031,22558,11155.0
ULTRAMAR,2026-09-23,35672,68.12,52370,2634,439.15
UMESLTD,2026-09-23,33944,83.44,40679,129,4.6
UMIYA-MRO,2026-09-23,8468,74.92,11302,386,95.1
UNICHEMLAB,2026-09-23,98251,33.32,294887,12643,573.2
UNIDT,2026-09-23,205835,62.27,330560,4432,235.24
UNIECOM,2026-09-23,254977,49.36,516602,6381,83.26
UNIENTER,2026-09-23,3037,58.14,5224,71,91.09
UNIINFO,2026-09-23,1,100.0,1,1,11.4
UNIMECH,2026-09-23,95816,43.22,221674,23318,1716.1
UNIONBANK,2026-09-23,2709656,47.69,5681838,37745,180.0
UNIONGOLD,2026-09-23,608,42.4,1434,46,147.4
UNIPARTS,2026-09-23,67907,56.35,120514,8708,861.2
UNITDSPR,2026-09-23,281153,36.63,767514,34554,1441.0
UNITECH,2026-09-23,1731983,63.95,2708184,1636,4.17
UNITEDPOLY,2026-09-23,94020,83.75,112261,670,45.94
UNITEDTEA,2026-09-23,813,96.79,840,53,428.0
UNIVCABLES,2026-09-23,29336,47.08,62316,5404,1508.8
UNOMINDA,2026-09-23,489718,65.92,742953,28216,1223.1
UPHOT,2026-09-23,29,100.0,29,4,1500.0
UPL,2026-09-23,2214905,68.96,3211815,40208,553.15
URBANCO,2026-09-23,2258955,42.77,5282197,42602,172.73
URJA,2026-09-23,306663,63.21,485177,1892,9.05
USHAMART,2026-09-23,1041251,61.94,1681147,28494,535.05
USK,2026-09-23,24388,92.69,26310,1857,19.85
UTIAMC,2026-09-23,23476,50.64,46356,5460,909.95
UTKARSHBNK,2026-09-23,2215923,50.14,4419587,4439,14.07
UTLSOLAR,2026-09-23,109433,43.2,253333,14447,446.1
UTTAMSUGAR,2026-09-23,109787,49.41,222196,5183,266.35
V2RETAIL,2026-09-23,417020,66.96,622820,11931,215.63
VADILALIND,2026-09-23,4069,33.21,12252,4471,7492.0
VADILENT,2026-09-23,76,100.0,76,2,10370.0
VAIBHAVGBL,2026-09-23,104684,53.24,196618,5476,209.49
VAISHALI,2026-09-23,140087,69.9,200416,415,8.45
VAKRANGEE,2026-09-23,544268,67.26,809142,1425,5.35
VAL30IETF,2026-09-23,53518,61.72,86708,450,15.0
VALIANTORG,2026-09-23,53545,74.37,71996,2063,420.8
VALUE,2026-09-23,3380,58.67,5761,51,15.94
VALUEAXIS,2026-09-23,26471,77.68,34078,216,32.48
VAML,2026-09-23,6929186,61.9,11194115,128985,436.3
VARDMNPOLY,2026-09-23,109386,76.85,142333,353,5.91
VARROC,2026-09-23,139461,43.96,317228,21530,836.5
VASCONEQ,2026-09-23,570597,60.51,942948,3874,32.99
VASUPRADA,2026-09-23,31,100.0,31,2,95.05
VASWANI,2026-09-23,80789,26.9,300339,3517,45.68
VBL,2026-09-23,2443766,58.11,4205329,44329,436.15
VEDAVAAG,2026-09-23,11110,78.21,14206,123,22.16
VEDL,2026-09-23,5817386,49.57,11735115,79925,271.0
VEDPOWER,2026-09-23,9711088,34.37,28255830,79057,32.98
VEEDOL,2026-09-23,6842,61.61,11106,1636,1365.8
VENKEYS,2026-09-23,24224,37.3,64935,7419,1692.2
VENTIVE,2026-09-23,5520,49.52,11148,880,578.35
VENUSPIPES,2026-09-23,55026,35.08,156866,17260,2235.5
VENUSREM,2026-09-23,19304,57.85,33367,2409,1643.7
VERANDA,2026-09-23,205279,61.52,333658,6095,231.5
VERTOZ,2026-09-23,18515,90.69,20416,259,36.84
VESUVIUS,2026-09-23,56921,61.92,91924,7564,396.1
VETO,2026-09-23,125764,52.55,239302,3428,145.57
VGCL,2026-09-23,3325,98.69,3369,223,47.18
VGL,2026-09-23,131242,38.01,345260,1636,70.63
VGUARD,2026-09-23,205584,60.66,338894,14775,316.4
VHL,2026-09-23,201,49.14,409,99,3383.8
VIDHIING,2026-09-23,32622,67.88,48059,2453,359.85
VIDYAWIRES,2026-09-23,641873,56.75,1131104,8501,88.71
VIJAYA,2026-09-23,78162,37.34,209302,24150,1570.7
VIJSOLX,2026-09-23,48,92.31,52,17,632.3
VIKASECO,2026-09-23,1244224,50.59,2459356,933,1.04
VIKASLIFE,2026-09-23,779228,51.65,1508572,7721,1.28
VIKRAMSOLR,2026-09-23,490897,44.51,1102920,11642,163.34
VIKRAN,2026-09-23,665448,54.9,1212167,4729,56.14
VIMTALABS,2026-09-23,57084,42.33,134851,7129,610.7
VINATIORGA,2026-09-23,52490,46.97,111759,15566,1222.8
VINCOFE,2026-09-23,1218970,46.95,2596563,33539,183.79
VINDHYATEL,2026-09-23,15645,39.66,39450,5168,2864.6
VINEETLAB,2026-09-23,32364,67.36,48043,561,34.82
VINNY,2026-09-23,225317,94.54,238328,213,0.92
VINYLINDIA,2026-09-23,3490,79.05,4415,378,221.54
VIPCLOTHNG,2026-09-23,50439,95.29,52932,184,21.72
VIPIND,2026-09-23,80289,50.77,158141,6688,298.9
VIRAT,2026-09-23,1572,33.75,4658,306,371.2
VIRINCHI,2026-09-23,50644,85.72,59083,281,14.03
VISACHROME,2026-09-23,15590,100.0,15590,42,34.81
VISAKAIND,2026-09-23,78362,52.4,149545,2129,96.08
VISHAL,2026-09-23,161410,92.16,175136,391,18.18
VISHNU,2026-09-23,18060,54.04,33418,2491,723.95
VISHWARAJ,2026-09-23,70458,28.87,244083,699,5.35
VISL,2026-09-23,5840776,55.95,10439050,15226,33.82
VITAL,2026-09-23,13354,99.72,13392,81,55.66
VIVIANA,2026-09-23,11612,67.62,17172,1486,724.55
VIVIDHA,2026-09-23,108852,77.86,139801,149,0.52
VIVOBIOT,2026-09-23,6095,72.04,8460,77,16.67
VIYASH,2026-09-23,1006217,51.95,1936724,31967,253.75
VLEGOV,2026-09-23,62232,45.31,137354,471,10.42
VLSFINANCE,2026-09-23,1288,65.55,1965,97,241.15
VMART,2026-09-23,23725,41.98,56513,5159,786.6
VMM,2026-09-23,10016215,50.14,19978362,96170,106.0
VMSTMT,2026-09-23,44019,64.93,67791,823,45.92
VOEPL,2026-09-23,38717,48.73,79459,3146,515.1
VOGL,2026-09-23,9858669,29.51,33407800,60659,35.86
VOITHPAPR,2026-09-23,595,96.12,619,57,1440.0
VOLTAMP,2026-09-23,4302,47.87,8987,3988,10799.0
VOLTAS,2026-09-23,192197,24.29,791314,27964,1130.0
VPRPL,2026-09-23,217178,60.91,356561,1907,32.83
VRAJ,2026-09-23,9829,59.89,16413,529,127.9
VRLLOG,2026-09-23,42559,61.03,69734,2423,291.75
VSSL,2026-09-23,47100,45.48,103560,4076,413.6
VSTIND,2026-09-23,85076,52.43,162276,3708,208.8
VSTL,2026-09-23,2965,66.52,4457,320,113.48
VSTTILLERS,2026-09-23,4798,54.57,8792,1778,4425.0
VTL,2026-09-23,50073,39.87,125583,7860,561.45
VTMLTD,2026-09-23,21993,47.95,45862,1135,44.5
WAAREEENER,2026-09-23,132971,36.44,364884,23367,2512.0
WAAREEINDO,2026-09-23,19766,42.56,46439,975,255.7
WAAREERTL,2026-09-23,111231,24.52,453569,24262,848.0
WABAG,2026-09-23,152931,40.21,380343,24327,2048.7
WAKEFIT,2026-09-23,49567,33.36,148579,2715,146.78
WALCHANNAG,2026-09-23,494849,33.27,1487437,21672,212.63
WANBURY,2026-09-23,104698,40.88,256087,5920,233.1
WARDINMOBI,2026-09-23,177485,56.95,311648,806,5.66
WATERBASE,2026-09-23,17524,80.59,21745,276,46.66
WCIL,2026-09-23,71891,39.1,183868,2372,97.33
WEALTH,2026-09-23,378,64.95,582,117,840.45
WEBELSOLAR,2026-09-23,830828,53.42,1555207,9962,73.93
WEIZMANIND,2026-09-23,148,86.55,171,22,71.57
WEL,2026-09-23,579346,47.42,1221695,6867,76.93
WELCORP,2026-09-23,370632,21.3,1740034,93912,2796.8
WELENT,2026-09-23,191392,61.71,310123,8495,774.0
WELSPLSOL,2026-09-23,247697,52.89,468338,3903,53.59
WELSPUNLIV,2026-09-23,2976582,24.64,12078998,95811,223.77
WENDT,2026-09-23,2962,35.36,8377,2450,8678.5
WESTLIFE,2026-09-23,922441,93.0,991841,6811,598.7
WEWIN,2026-09-23,7973,88.9,8968,154,46.76
WEWORK,2026-09-23,61868,59.0,104857,5063,668.5
WHBRADY,2026-09-23,194,83.62,232,43,502.6
WHEELS,2026-09-23,269855,52.9,510095,27725,2240.3
WHIRLPOOL,2026-09-23,1589323,14.78,10753329,216194,865.25
WILLAMAGOR,2026-09-23,8080,75.28,10733,143,22.78
WINDLAS,2026-09-23,53488,56.09,95358,9256,1077.45
WINDMACHIN,2026-09-23,16357,58.54,27943,880,295.4
WIPL,2026-09-23,1121,67.29,1666,37,160.91
WIPRO,2026-09-23,6155653,56.7,10856986,75493,164.9
WOCKPHARMA,2026-09-23,862474,22.49,3834525,171824,2329.7
WONDERLA,2026-09-23,16935,62.93,26910,2622,510.75
WORTHPERI,2026-09-23,938,53.72,1746,61,149.21
WPIL,2026-09-23,14516,62.35,23281,1370,440.0
WSI,2026-09-23,27562,78.87,34947,400,58.13
WSTCSTPAPR,2026-09-23,44602,53.28,83716,6437,747.25
XCHANGING,2026-09-23,35731,59.33,60220,1053,61.79
XELPMOC,2026-09-23,7874,74.83,10523,141,74.03
XPROINDIA,2026-09-23,44948,55.89,80425,10031,1223.5
XTGLOBAL,2026-09-23,6066,25.59,23704,275,29.93
XTRANET,2026-09-23,507683,49.27,1030477,15830,317.65
YASHO,2026-09-23,22680,38.04,59622,13270,4144.7
YATHARTH,2026-09-23,240950,43.71,551293,31501,1162.2
YATRA,2026-09-23,326246,42.13,774397,7660,108.74
YESBANK,2026-09-23,26876142,58.26,46135166,91522,23.24
YOGI,2026-09-23,2918,98.22,2971,26,161.95
YUKEN,2026-09-23,5172,44.95,11505,1315,1138.9
ZAGGLE,2026-09-23,434511,47.89,907401,11610,179.86
ZEEL,2026-09-23,3405295,25.41,13400743,40654,77.28
ZEELEARN,2026-09-23,194810,63.25,308015,690,6.84
ZEEMEDIA,2026-09-23,618814,58.77,1052962,1488,7.51
ZENITHEXPO,2026-09-23,51,100.0,51,1,197.0
ZENITHSTL,2026-09-23,54589,83.51,65372,213,5.34
ZENSARTECH,2026-09-23,395443,39.16,1009826,23001,430.75
ZENTEC,2026-09-23,60468,44.16,136927,13124,1672.3
ZFCVINDIA,2026-09-23,59040,51.34,114999,23302,2357.2
ZFSTEERING,2026-09-23,2328,66.34,3509,279,703.65
ZIMLAB,2026-09-23,54311,45.92,118261,1634,133.56
ZODIAC,2026-09-23,4929,57.29,8604,548,229.94
ZODIACLOTH,2026-09-23,4137,79.1,5230,96,69.71
ZOTA,2026-09-23,38883,35.41,109803,11088,1390.6
ZSARACOM,2026-09-23,13,100.0,13,12,10294.0
ZUARI,2026-09-23,38109,49.24,77398,2438,224.09
ZUARIIND,2026-09-23,25629,62.73,40853,1246,278.9
ZYDUSLIFE,2026-09-23,632978,58.16,1088359,24324,1170.1
ZYDUSWELL,2026-09-23,54837,45.59,120286,6827,531.0
