Symbol,Date,DelivQty,DelivPct,TotalQty,Trades,Close
20MICRONS,2026-09-21,160007,28.48,561790,13332,220.12
21STCENMGM,2026-09-21,416,53.61,776,39,39.47
360ONE,2026-09-21,310876,54.16,573949,26619,1072.7
3BBLACKBIO,2026-09-21,4507,48.68,9258,1578,1407.8
3MINDIA,2026-09-21,1991,44.8,4444,2830,34725.0
3PLAND,2026-09-21,1044,96.4,1083,62,31.5
5PAISA,2026-09-21,19243,63.17,30462,1410,314.1
63MOONS,2026-09-21,113870,40.43,281652,12485,892.05
A2ZINFRA,2026-09-21,60286,81.83,73672,248,14.68
AAATECH,2026-09-21,38707,32.78,118069,1020,94.16
AADHARHFC,2026-09-21,75080,53.05,141533,9555,466.05
AAKASH,2026-09-21,53997,66.76,80878,284,8.97
AAREYDRUGS,2026-09-21,128086,62.15,206096,1593,102.37
AARON,2026-09-21,7182,75.94,9458,407,120.74
AARTIDRUGS,2026-09-21,65532,57.42,114136,5665,435.5
AARTIIND,2026-09-21,352109,43.72,805286,37080,499.8
AARTIPHARM,2026-09-21,1531354,63.27,2420466,39950,846.45
AARVI,2026-09-21,22554,76.63,29434,626,136.1
AASTHA,2026-09-21,95662,39.34,243196,1966,74.21
AAVAS,2026-09-21,48887,57.61,84855,7953,1321.2
ABANSENT,2026-09-21,5653,68.54,8248,128,27.01
ABB,2026-09-21,69567,43.08,161482,16692,7271.0
ABBOTINDIA,2026-09-21,4142,56.32,7355,3304,26960.0
ABCAPITAL,2026-09-21,879196,55.23,1591907,27482,403.4
ABCOTS,2026-09-21,1542,61.95,2489,209,208.01
ABDL,2026-09-21,174774,41.31,423120,17990,656.3
ABFRL,2026-09-21,1066903,45.35,2352382,14574,49.85
ABGSEC,2026-09-21,14,93.33,15,7,114.01
ABLBL,2026-09-21,246477,59.91,411431,6045,80.89
ABMKNO,2026-09-21,218,86.85,251,32,175.67
ABREL,2026-09-21,42355,42.59,99442,10312,1237.1
ABSL10BANK,2026-09-21,179,79.91,224,15,168.75
ABSLAMC,2026-09-21,77994,44.65,174676,18695,1034.3
ABSLBANETF,2026-09-21,8774,56.6,15503,729,57.87
ABSLLIQUID,2026-09-21,5152,89.23,5774,30,999.99
ABSLMSCIN,2026-09-21,66,62.26,106,7,28.8
ABSLNN50ET,2026-09-21,3567,64.27,5550,231,76.21
ABSLPSE,2026-09-21,55498,86.57,64109,348,10.05
ACC,2026-09-21,26953,40.34,66808,6471,1256.3
ACCELYA,2026-09-21,5070,67.84,7474,541,1119.9
ACE,2026-09-21,223056,36.87,604926,38892,1230.4
ACEINTEG,2026-09-21,3237,72.51,4464,169,17.89
ACGL,2026-09-21,1866,75.61,2468,209,1714.3
ACI,2026-09-21,158607,42.41,373995,15662,466.25
ACL,2026-09-21,5945,72.81,8165,169,42.68
ACMESOLAR,2026-09-21,2345128,33.89,6919009,126883,458.1
ACUTAAS,2026-09-21,139257,42.5,327627,47298,3425.7
ADANIENSOL,2026-09-21,1201740,61.83,1943661,51744,1397.6
ADANIENT,2026-09-21,304923,38.96,782730,34302,2975.0
ADANIGREEN,2026-09-21,207780,32.24,644395,20547,1303.6
ADANIPORTS,2026-09-21,1323764,57.11,2317822,66261,1787.1
ADANIPOWER,2026-09-21,4039983,35.15,11494497,59684,206.55
ADDIND,2026-09-21,109,52.66,207,29,77.74
ADFFOODS,2026-09-21,59100,47.3,124948,4773,267.9
ADOR,2026-09-21,6758,48.99,13795,1920,1576.4
ADROITINFO,2026-09-21,30422,69.25,43930,239,11.25
ADSL,2026-09-21,25232,32.58,77436,1781,96.94
ADVAIT,2026-09-21,17533,42.33,41422,5958,2005.5
ADVANCE,2026-09-21,108285,58.84,184028,2341,107.83
ADVANIHOTR,2026-09-21,5861,80.02,7324,279,47.9
ADVENTHTL,2026-09-21,80892,47.72,169507,2435,126.64
ADVENZYMES,2026-09-21,224614,56.78,395562,8205,294.05
ADVIKCA,2026-09-21,295431,69.06,427767,464,0.96
AEGISLOG,2026-09-21,675905,37.69,1793245,80049,1486.0
AEGISVOPAK,2026-09-21,1210735,42.27,2864123,67255,318.3
AEPL,2026-09-21,32211,68.57,46972,385,16.45
AEQUS,2026-09-21,395598,37.12,1065725,19112,231.57
AEROENTER,2026-09-21,272340,49.14,554242,5666,122.36
AEROFLEX,2026-09-21,325731,34.96,931850,25613,515.5
AERONEU,2026-09-21,8667,32.85,26383,544,66.1
AEROPLANE,2026-09-21,305674,59.71,511901,3937,201.03
AETHER,2026-09-21,53023,41.53,127672,19541,1639.6
AFCONS,2026-09-21,272535,37.1,734601,13900,256.75
AFFLE,2026-09-21,57151,42.79,133554,16020,1600.2
AFFORDABLE,2026-09-21,7424,71.41,10396,357,168.63
AFIL,2026-09-21,186969,70.6,264836,498,8.72
AFSL,2026-09-21,1018,53.66,1897,32,201.03
AGARIND,2026-09-21,32963,70.84,46529,2307,408.55
AGARWALEYE,2026-09-21,152814,64.88,235519,8007,490.3
AGI,2026-09-21,310906,30.6,1015912,44373,819.35
AGIIL,2026-09-21,1130362,39.77,2842048,14242,271.15
AGL,2026-09-21,685495,40.56,1690058,4871,13.81
AGRITECH,2026-09-21,432,53.33,810,51,98.71
AGROPHOS,2026-09-21,3869,84.05,4603,105,23.85
AHCL,2026-09-21,14925755,11.46,130243729,368931,26.24
AHLADA,2026-09-21,2030,75.13,2702,83,36.97
AHLEAST,2026-09-21,31,75.61,41,5,135.0
AHLUCONT,2026-09-21,20812,50.63,41107,3026,580.2
AIAENG,2026-09-21,42695,56.56,75488,27341,3941.0
AIIL,2026-09-21,62418,40.14,155515,10371,559.4
AIRAN,2026-09-21,105910,74.13,142877,890,16.66
AIROLAM,2026-09-21,1994,90.31,2208,40,88.24
AJANTPHARM,2026-09-21,67174,49.66,135281,11849,3542.1
AJAXENGG,2026-09-21,23507,59.15,39739,5028,562.6
AJMERA,2026-09-21,180437,43.7,412869,5128,118.25
AJOONI,2026-09-21,440516,70.5,624857,1040,3.18
AKASH,2026-09-21,9530,96.95,9830,49,24.77
AKCAPIT,2026-09-21,1201,96.54,1244,75,1758.1
AKG,2026-09-21,27733,93.77,29577,99,10.03
AKSHAR,2026-09-21,294531,73.58,400298,150,0.41
AKUMS,2026-09-21,306314,37.11,825339,39953,821.45
ALANKIT,2026-09-21,97382,74.94,129953,613,7.66
ALBERTDAVD,2026-09-21,1098,70.75,1552,153,841.75
ALEMBICLTD,2026-09-21,171820,40.23,427143,5175,103.54
ALFREDHE,2026-09-21,18,94.74,19,10,2735.0
ALGOQUANT,2026-09-21,489961,26.14,1874697,11441,72.9
ALICON,2026-09-21,41398,62.79,65933,3262,738.25
ALIVUS,2026-09-21,182129,71.16,255956,24742,1400.4
ALKALI,2026-09-21,153065,23.74,644643,7396,98.63
ALKEM,2026-09-21,55616,58.56,94968,9631,5364.0
ALKYLAMINE,2026-09-21,14521,37.79,38425,7844,1867.9
ALLCARGO,2026-09-21,2409552,42.46,5674569,6548,10.98
ALLDIGI,2026-09-21,3685,68.55,5376,577,787.9
ALLTIME,2026-09-21,14456,56.7,25494,657,206.39
ALMONDZ,2026-09-21,218165,78.27,278732,553,18.41
ALOKINDS,2026-09-21,6611888,53.73,12305596,8571,7.13
ALPA,2026-09-21,7217,80.53,8962,146,59.62
ALPHA,2026-09-21,611306,76.14,802826,3040,53.6
ALPHAETF,2026-09-21,125089,57.23,218555,770,26.23
ALPINETEX,2026-09-21,132466,58.01,228368,2596,52.11
ALPL30IETF,2026-09-21,1500965,80.65,1861040,1084,27.25
ALUFLUOR,2026-09-21,6424,66.14,9713,618,543.85
AMAGI,2026-09-21,212318,46.05,461059,26398,564.5
AMAL,2026-09-21,11981,79.08,15150,538,721.05
AMARJOTHI,2026-09-21,163,97.6,167,23,149.39
AMBER,2026-09-21,40903,33.83,120913,18898,7098.0
AMBICAAGAR,2026-09-21,22903,73.72,31069,229,24.9
AMBIKCO,2026-09-21,12406,67.2,18461,1778,1619.4
AMBUJACEM,2026-09-21,483901,46.15,1048624,14629,390.75
AMJLAND,2026-09-21,2441,55.83,4372,92,37.11
AMNPLST,2026-09-21,1836,74.48,2465,119,170.54
AMRUTANJAN,2026-09-21,12229,58.43,20929,1490,496.05
ANANDRATHI,2026-09-21,85554,53.41,160196,25377,2211.2
ANANTRAJ,2026-09-21,276833,42.72,648055,15056,595.2
ANDHRAPAP,2026-09-21,260878,36.54,713908,6816,72.69
ANDHRSUGAR,2026-09-21,140539,56.81,247392,7284,95.0
ANDREWYU,2026-09-21,58317,77.22,75516,286,26.42
ANGELONE,2026-09-21,1138223,39.82,2858120,28000,296.15
ANIKINDS,2026-09-21,943,90.24,1045,45,43.95
ANNAPURNA,2026-09-21,25448,76.27,33364,563,130.56
ANNU,2026-09-21,573537,30.6,1874052,16931,52.69
ANSALBU,2026-09-21,1000,96.53,1036,36,75.1
ANTELOPUS,2026-09-21,115199,18.81,612491,27545,1100.8
ANTGRAPHIC,2026-09-21,169957,95.78,177453,180,0.73
ANTHEM,2026-09-21,195929,53.95,363184,20808,917.45
ANUHPHR,2026-09-21,90444,47.04,192258,3449,93.66
ANUP,2026-09-21,6160,49.75,12383,2401,1632.1
ANURAS,2026-09-21,3516772,58.31,6030650,90108,1160.8
AONEGOLD,2026-09-21,136347,55.83,244203,1660,14.2
AONELIQUID,2026-09-21,10509,92.17,11402,72,1077.73
AONENIFTY,2026-09-21,107664,89.46,120347,1374,9.68
AONESILVER,2026-09-21,264765,76.85,344504,1112,8.89
AONETMMQ50,2026-09-21,18114,67.87,26691,271,10.15
AONETOTAL,2026-09-21,77113,49.91,154502,1186,11.69
APARINDS,2026-09-21,30430,24.86,122426,35497,18945.0
APCL,2026-09-21,20462,81.43,25128,273,93.99
APCOTEXIND,2026-09-21,65975,46.96,140490,5740,608.7
APEX,2026-09-21,54980,34.35,160070,6136,351.65
APLAPOLLO,2026-09-21,297472,50.08,594021,32372,2181.1
APLLTD,2026-09-21,93038,38.42,242136,15824,848.75
APOLLO,2026-09-21,2909366,23.12,12586221,118662,385.45
APOLLOHOSP,2026-09-21,120414,57.51,209388,27636,8912.0
APOLLOPIPE,2026-09-21,189242,40.43,468130,12838,539.5
APOLLOTYRE,2026-09-21,251926,56.38,446863,19269,409.3
APOLSINHOT,2026-09-21,445,87.94,506,79,1215.9
APOORVA,2026-09-21,482,97.77,493,17,32.31
APTECHT,2026-09-21,145517,61.18,237859,2766,94.72
APTUS,2026-09-21,858475,68.01,1262350,27206,237.27
AQYLON,2026-09-21,842295,75.44,1116565,1386,18.87
ARCHIDPLY,2026-09-21,14778,80.63,18328,439,104.84
ARCHIES,2026-09-21,95186,55.64,171077,581,12.62
ARCIL,2026-09-21,695750,40.53,1716516,34851,135.18
ARCL,2026-09-21,1307,64.93,2013,85,251.64
ARDEE,2026-09-21,719663,43.03,1672278,9256,48.68
ARE&M,2026-09-21,156659,50.8,308363,20547,794.3
ARENTERP,2026-09-21,122,82.99,147,5,34.49
ARFIN,2026-09-21,337838,17.31,1951163,11050,91.18
ARIHANT,2026-09-21,341,49.71,686,243,957.35
ARIHANTCAP,2026-09-21,179996,55.57,323910,2634,81.61
ARIHANTSUP,2026-09-21,679,76.12,892,67,229.3
ARIS,2026-09-21,1183290,29.92,3954422,37459,142.09
ARKADE,2026-09-21,68488,50.45,135746,2336,123.44
ARMANFIN,2026-09-21,7820,58.85,13289,2209,1966.0
AROGRANITE,2026-09-21,1375,96.42,1426,40,23.22
ARROWGREEN,2026-09-21,20649,61.33,33667,2667,876.05
ARSSBL,2026-09-21,34909,45.47,76777,2481,496.1
ARTEMISMED,2026-09-21,159443,46.93,339752,16268,339.05
ARTNIRMAN,2026-09-21,190,87.96,216,5,40.09
ARVEE,2026-09-21,18352,30.12,60933,1453,208.87
ARVIND,2026-09-21,158217,43.89,360504,17876,538.55
ARVINDFASN,2026-09-21,59683,45.66,130718,12291,427.6
ARVSMART,2026-09-21,34284,48.5,70686,3406,574.4
ARYAMAN,2026-09-21,269,91.19,295,46,624.85
ASAHIINDIA,2026-09-21,25345,65.83,38500,4880,950.25
ASAL,2026-09-21,8478,61.3,13831,540,450.4
ASALCBR,2026-09-21,12168,61.71,19717,2117,651.9
ASHAPURMIN,2026-09-21,165639,42.32,391419,14138,532.25
ASHIANA,2026-09-21,244896,24.21,1011498,20346,405.55
ASHIMASYN,2026-09-21,34556,83.81,41229,179,15.94
ASHOKA,2026-09-21,397075,43.61,910465,9357,112.66
ASHOKAMET,2026-09-21,17709,69.44,25503,257,14.73
ASHOKLEY,2026-09-21,3990954,50.62,7883370,40972,161.75
ASIANENE,2026-09-21,130735,37.84,345467,12284,483.5
ASIANHOTNR,2026-09-21,1970,47.67,4133,425,375.1
ASIANPAINT,2026-09-21,155068,57.83,268147,25323,2440.3
ASIANTILES,2026-09-21,1822505,58.28,3127035,7505,51.26
ASIANTNE,2026-09-21,6414,97.6,6572,40,9.2
ASKAUTOLTD,2026-09-21,229817,44.54,515955,28019,655.1
ASMS,2026-09-21,181311,87.91,206240,520,6.68
ASPINWALL,2026-09-21,227,69.0,329,19,249.15
ASTAR,2026-09-21,5289,32.12,16464,1640,726.15
ASTEC,2026-09-21,9524,41.8,22784,1607,719.45
ASTERDM,2026-09-21,357311,58.54,610419,26752,756.75
ASTRAL,2026-09-21,99784,54.17,184200,20042,1400.9
ASTRAMICRO,2026-09-21,108914,55.09,197687,16969,1657.9
ASTRAZEN,2026-09-21,2591,57.3,4522,1300,6650.0
ATALREAL,2026-09-21,3148929,30.17,10437394,5131,14.05
ATAM,2026-09-21,7786,63.3,12300,305,59.05
ATGL,2026-09-21,391234,10.22,3827345,83807,638.4
ATHERENERG,2026-09-21,770596,34.49,2234418,70350,1593.0
ATL,2026-09-21,60019,63.3,94816,686,24.29
ATLANTAA,2026-09-21,12318,76.14,16179,615,35.38
ATLANTAELE,2026-09-21,30232,56.76,53263,6237,1695.4
ATLASCYCLE,2026-09-21,2716,61.2,4438,115,88.42
ATUL,2026-09-21,9579,49.29,19435,4775,6086.0
ATULAUTO,2026-09-21,33030,37.9,87157,3978,449.0
AUBANK,2026-09-21,415666,59.01,704386,34840,1038.0
AUGMONT,2026-09-21,243632,35.67,682991,22658,887.2
AURIONPRO,2026-09-21,37701,47.7,79040,7143,687.05
AUROPHARMA,2026-09-21,448830,49.73,902487,39393,1713.4
AURUM,2026-09-21,41304,25.37,162802,1882,218.9
AURUS,2026-09-21,12338,68.86,17917,204,4.8
AUSOMENT,2026-09-21,2504,90.4,2770,70,146.97
AUSTENG,2026-09-21,15063,88.97,16930,229,135.71
AUTOAXLES,2026-09-21,1238,60.6,2043,402,1694.0
AUTOBEES,2026-09-21,73546,61.5,119583,2192,281.25
AUTOIETF,2026-09-21,124574,50.76,245414,1850,28.24
AUTOIND,2026-09-21,504013,76.61,657852,3680,83.76
AVADHSUGAR,2026-09-21,39749,43.99,90364,6118,732.55
AVALON,2026-09-21,349259,33.36,1046903,78281,2485.9
AVANCE,2026-09-21,7603898,67.53,11259765,2253,0.84
AVANTEL,2026-09-21,547805,57.53,952266,10729,145.01
AVANTIFEED,2026-09-21,97538,41.97,232387,16327,767.0
AVL,2026-09-21,23782,44.26,53731,5094,629.3
AVONMORE,2026-09-21,136520,69.05,197718,1052,13.01
AVROIND,2026-09-21,30391,73.0,41632,192,7.91
AVTNPL,2026-09-21,182568,31.29,583544,6276,90.04
AWFIS,2026-09-21,150939,42.65,353912,11747,271.35
AWHCL,2026-09-21,31098,36.96,84142,3973,364.55
AWL,2026-09-21,811098,51.57,1572742,31670,183.56
AXISBANK,2026-09-21,2504703,68.06,3680283,208942,1250.0
AXISCADES,2026-09-21,81563,50.94,160111,13773,1839.7
AXITA,2026-09-21,158524,32.76,483958,607,8.0
AXTEL,2026-09-21,9147,87.61,10440,273,434.0
AYE,2026-09-21,499991,45.37,1101931,16938,187.11
AYMSYNTEX,2026-09-21,32156,54.43,59080,2634,288.35
AZAD,2026-09-21,111834,44.87,249265,17762,2764.9
AZADIND,2026-09-21,30283,56.83,53291,1505,75.36
BAGFILMS,2026-09-21,49099,59.52,82491,160,4.31
BAIDFIN,2026-09-21,31180,71.21,43787,386,10.75
BAJAJ-AUTO,2026-09-21,50506,54.29,93033,19869,11460.0
BAJAJCON,2026-09-21,345790,57.38,602599,29220,515.3
BAJAJELEC,2026-09-21,39574,41.65,95027,3494,326.0
BAJAJFINSV,2026-09-21,138522,51.31,269959,30187,1849.8
BAJAJHCARE,2026-09-21,67958,44.11,154070,4728,335.6
BAJAJHFL,2026-09-21,1122605,52.01,2158279,20688,83.98
BAJAJHIND,2026-09-21,4776197,24.51,19485794,21979,20.18
BAJAJHLDNG,2026-09-21,33510,61.88,54157,8596,11409.0
BAJAJINDEF,2026-09-21,9817,82.21,11941,231,214.81
BAJAJST,2026-09-21,5217,70.28,7423,710,345.2
BAJEL,2026-09-21,52895,52.45,100841,2147,172.11
BAJFINANCE,2026-09-21,2905882,69.68,4170558,146252,1021.3
BALAJEE,2026-09-21,12703,62.51,20323,227,25.14
BALAJITELE,2026-09-21,47767,47.42,100725,1631,93.55
BALAMINES,2026-09-21,43609,40.46,107775,13668,2130.7
BALAXI,2026-09-21,6051,77.93,7765,129,23.41
BALKRISHNA,2026-09-21,2666,55.55,4799,74,16.21
BALKRISIND,2026-09-21,92670,51.42,180232,21091,2216.8
BALMLAWRIE,2026-09-21,25697,47.57,54022,1290,166.01
BALPHARMA,2026-09-21,69911,54.66,127891,1662,109.37
BALRAMCHIN,2026-09-21,167325,30.15,554898,19884,663.65
BALUFORGE,2026-09-21,178077,37.19,478789,15920,518.65
BANARBEADS,2026-09-21,1653,63.02,2623,92,111.03
BANARISUG,2026-09-21,245,55.94,438,141,3305.4
BANCOINDIA,2026-09-21,31966,54.0,59193,6266,599.3
BANDHANBNK,2026-09-21,7136806,46.73,15271152,70527,179.0
BANG,2026-09-21,4611,46.67,9880,99,33.45
BANK10ADD,2026-09-21,2654089,99.56,2665845,107,16.75
BANK10BETF,2026-09-21,722,77.55,931,37,20.59
BANKA,2026-09-21,144,52.75,273,25,78.55
BANKADD,2026-09-21,10576,82.16,12873,71,57.8
BANKBARODA,2026-09-21,2563074,58.28,4397710,33998,233.64
BANKBEES,2026-09-21,231521,63.87,362471,4932,585.29
BANKBETA,2026-09-21,33200,73.67,45066,867,58.42
BANKBETF,2026-09-21,4008,48.07,8337,311,57.37
BANKETF,2026-09-21,56514,93.69,60317,1163,575.91
BANKIETF,2026-09-21,74462,51.41,144828,1605,58.02
BANKINDIA,2026-09-21,1491426,56.99,2616892,16399,138.63
BANKNIFTY1,2026-09-21,116529,75.73,153870,1298,58.61
BANKPSU,2026-09-21,2814,50.58,5563,89,84.01
BANSALWIRE,2026-09-21,24568,56.24,43684,2158,316.1
BANSWRAS,2026-09-21,13399,77.42,17308,465,113.07
BASF,2026-09-21,17679,29.15,60650,10254,3663.8
BATAINDIA,2026-09-21,55295,55.97,98799,6898,635.2
BATLIBOI,2026-09-21,33580,64.49,52074,1163,85.08
BAYERCROP,2026-09-21,37420,57.67,64891,12718,3775.1
BBETF0432,2026-09-21,867,86.27,1005,38,1342.07
BBL,2026-09-21,10751,59.38,18106,3806,2187.0
BBNPNBETF,2026-09-21,386,86.74,445,47,56.87
BBNPPGOLD,2026-09-21,1205,54.04,2230,95,146.6
BBOX,2026-09-21,414830,37.03,1120154,50897,831.35
BBTC,2026-09-21,27316,31.78,85944,6978,1484.6
BBTCL,2026-09-21,3289,89.21,3687,110,235.61
BCG,2026-09-21,8241109,48.19,17102834,17984,9.67
BCLIND,2026-09-21,225667,59.12,381682,2720,33.32
BCONCEPTS,2026-09-21,7661,74.63,10265,277,151.94
BCPL,2026-09-21,19128,72.28,26463,326,70.26
BDL,2026-09-21,318022,37.81,841005,33027,1175.0
BEARDSELL,2026-09-21,6276,79.27,7917,129,24.21
BECTORFOOD,2026-09-21,417368,38.42,1086317,20222,225.68
BEDMUTHA,2026-09-21,1545,61.5,2512,40,103.47
BEEKAY,2026-09-21,346,59.04,586,133,429.7
BEL,2026-09-21,5817695,59.64,9754868,113535,398.5
BELLACASA,2026-09-21,15558,61.97,25104,977,273.31
BELRISE,2026-09-21,1118201,37.53,2979428,35088,241.89
BEML,2026-09-21,93837,35.48,264454,19524,2097.9
BENARAS,2026-09-21,88,94.62,93,20,10373.0
BENGALASM,2026-09-21,88,31.43,280,187,6215.5
BEPL,2026-09-21,384786,45.29,849603,8144,128.1
BERGEPAINT,2026-09-21,741519,86.19,860289,16012,450.6
BESTAGRO,2026-09-21,455460,46.23,985182,2483,18.54
BETA,2026-09-21,5548,52.94,10479,1782,2074.6
BFINVEST,2026-09-21,5187,55.68,9316,682,444.5
BFSI,2026-09-21,99669,65.83,151394,635,26.63
BFUTILITIE,2026-09-21,15494,50.46,30707,1583,532.35
BHAGCHEM,2026-09-21,126218,87.26,144638,1250,245.75
BHAGERIA,2026-09-21,297770,49.97,595911,6517,361.4
BHAGYANGR,2026-09-21,133233,39.52,337107,6982,432.85
BHANDARI,2026-09-21,104651,86.6,120842,207,2.96
BHARATCOAL,2026-09-21,2087588,53.48,3903649,16515,32.27
BHARATFORG,2026-09-21,389360,56.76,685946,35178,1968.9
BHARATRAS,2026-09-21,19253,48.61,39610,3092,1109.1
BHARATSE,2026-09-21,32081,48.96,65528,3513,212.36
BHARATWIRE,2026-09-21,51624,50.21,102819,2832,170.47
BHARTIARTL,2026-09-21,6268911,64.52,9716580,112324,1830.2
BHARTIHEXA,2026-09-21,67116,66.43,101028,11449,1522.0
BHEL,2026-09-21,2486084,48.63,5111793,47167,433.4
BIGBLOC,2026-09-21,54421,69.95,77799,577,39.61
BIKAJI,2026-09-21,44362,38.73,114530,8877,558.95
BIL,2026-09-21,3230,65.24,4951,508,1044.35
BIMETAL,2026-09-21,1297,56.71,2287,93,662.4
BIOCON,2026-09-21,1180904,38.88,3037626,40534,395.0
BIOFILCHEM,2026-09-21,8503,54.29,15663,151,32.61
BIRLACABLE,2026-09-21,193649,58.3,332162,7805,389.05
BIRLACORPN,2026-09-21,29838,52.62,56704,5779,825.05
BIRLAMONEY,2026-09-21,12689,71.17,17830,448,120.77
BIRLANU,2026-09-21,3082,55.38,5565,934,1388.8
BLACKBUCK,2026-09-21,358604,53.3,672779,33088,629.95
BLAL,2026-09-21,26569,69.52,38216,697,165.24
BLBLIMITED,2026-09-21,123869,76.73,161431,468,15.99
BLEL,2026-09-21,138569,43.61,317773,5883,439.55
BLIL,2026-09-21,93789,74.02,126705,1807,67.38
BLKASHYAP,2026-09-21,168184,50.51,333000,2285,51.56
BLS,2026-09-21,667485,33.18,2011798,23032,232.54
BLSE,2026-09-21,104275,48.86,213407,5962,317.25
BLUECLOUDS,2026-09-21,472989,55.59,850913,2735,19.07
BLUECOAST,2026-09-21,561,70.65,794,27,20.56
BLUEDART,2026-09-21,2325,45.73,5084,1701,4806.2
BLUEJET,2026-09-21,221285,39.84,555419,23931,579.65
BLUESTARCO,2026-09-21,277871,44.52,624210,32901,1565.0
BLUESTONE,2026-09-21,142637,29.82,478364,19563,845.45
BLUSPRING,2026-09-21,68873,61.66,111691,1709,121.89
BMWVENTLTD,2026-09-21,142082,69.63,204056,1663,50.47
BNAGROCHEM,2026-09-21,263,100.0,263,13,206.6
BNKETFAXIS,2026-09-21,403,64.07,629,117,582.54
BODALCHEM,2026-09-21,1320717,36.67,3601741,19116,197.71
BOHRAIND,2026-09-21,4036,81.67,4942,29,12.7
BOMDYEING,2026-09-21,157062,48.34,324885,3326,110.02
BONLON,2026-09-21,4324,8.78,49258,309,39.35
BORANA,2026-09-21,7380,64.53,11436,347,296.85
BOROLTD,2026-09-21,46408,45.93,101036,2192,261.14
BORORENEW,2026-09-21,197703,42.09,469661,20953,473.75
BOROSCI,2026-09-21,18041,69.79,25850,601,119.11
BOSCH-HCIL,2026-09-21,8582,63.45,13525,1447,1685.7
BOSCHLTD,2026-09-21,5570,35.09,15873,8062,47565.0
BPCL,2026-09-21,1894234,60.07,3153498,32196,312.75
BPL,2026-09-21,48436,52.58,92113,1113,44.96
BPLPHARMA,2026-09-21,645,71.51,902,145,1541.7
BRAHMINFRA,2026-09-21,10115,98.26,10294,161,160.92
BRIGADE,2026-09-21,90441,44.17,204755,12755,608.75
BRIGHOTEL,2026-09-21,41497,62.73,66152,2241,56.4
BRIGHTBR,2026-09-21,1378,98.08,1405,68,253.5
BRITANNIA,2026-09-21,103936,62.28,166876,16956,5023.0
BRNL,2026-09-21,11884,82.04,14486,230,16.1
BROOKS,2026-09-21,69341,79.74,86961,1049,59.09
BSE,2026-09-21,2675353,39.7,6738927,329129,3161.0
BSE500IETF,2026-09-21,45962,62.32,73756,1789,38.78
BSHSL,2026-09-21,4680,72.58,6448,188,84.93
BSL,2026-09-21,11419,60.63,18835,350,126.15
BSLGOLDETF,2026-09-21,200869,71.36,281479,1658,133.72
BSLNIFTY,2026-09-21,1576620,90.21,1747702,7173,27.56
BSLSENETFG,2026-09-21,2530,54.66,4629,90,75.5
BSOFT,2026-09-21,297390,37.58,791424,21506,284.15
BTML,2026-09-21,250448,75.89,330019,489,7.13
BUILDPRO,2026-09-21,35078,55.17,63580,5314,1280.0
BUTTERFLY,2026-09-21,16529,58.91,28059,1313,574.35
BVCL,2026-09-21,6895,78.17,8821,171,41.09
BYKE,2026-09-21,41658,80.5,51750,143,30.44
CAMLINFINE,2026-09-21,347782,59.83,581240,5810,98.75
CAMPUS,2026-09-21,257446,53.12,484658,12371,211.16
CAMS,2026-09-21,311786,50.22,620900,25123,703.85
CANBK,2026-09-21,2058715,39.81,5171600,35267,123.7
CANFINHOME,2026-09-21,157905,54.44,290056,11554,769.9
CANHLIFE,2026-09-21,475857,57.31,830360,17459,152.97
CANTABIL,2026-09-21,74820,64.91,115259,1607,241.08
CAPACITE,2026-09-21,64715,48.19,134305,2979,195.02
CAPILLARY,2026-09-21,291470,32.12,907446,29196,510.15
CAPITALSFB,2026-09-21,12205,56.03,21782,650,282.0
CAPLIPOINT,2026-09-21,34854,37.9,91962,16613,2756.6
CARBORUNIV,2026-09-21,509876,13.53,3767733,163372,1178.9
CARERATING,2026-09-21,20816,70.13,29682,3484,1627.6
CARRARO,2026-09-21,23413,47.58,49204,2886,528.35
CARTRADE,2026-09-21,75461,46.3,162985,21080,2918.0
CARYSIL,2026-09-21,103371,51.08,202364,13582,1064.9
CASHIETF,2026-09-21,97632,80.62,121101,275,1080.39
CASTROLIND,2026-09-21,1818063,62.46,2910985,37344,193.5
CCAVENUE,2026-09-21,2693275,42.06,6402972,11323,16.0
CCCL,2026-09-21,113619,67.94,167235,559,13.55
CCHHL,2026-09-21,18449,74.73,24687,215,13.02
CCL,2026-09-21,78922,58.18,135661,18052,1071.0
CDSL,2026-09-21,281314,33.53,838882,34164,1361.0
CEATLTD,2026-09-21,20078,42.8,46913,7024,3392.7
CEIGALL,2026-09-21,109290,48.55,225114,5773,379.95
CEINSYS,2026-09-21,57931,46.5,124570,8433,709.65
CELEBRITY,2026-09-21,13214,60.03,22013,194,6.64
CELLO,2026-09-21,198536,46.74,424795,13606,321.95
CEMNTGROWW,2026-09-21,28215,68.09,41440,297,14.25
CEMPRO,2026-09-21,52572,54.84,95870,9988,1256.5
CENTENKA,2026-09-21,15815,52.0,30416,2338,571.9
CENTEXT,2026-09-21,121629,85.29,142614,797,19.35
CENTRALBK,2026-09-21,2029754,48.1,4219951,12996,31.49
CENTRUM,2026-09-21,69093,72.12,95806,472,21.85
CENTUM,2026-09-21,76079,25.7,296060,45407,4739.2
CENTURYPLY,2026-09-21,280432,85.3,328751,11321,703.35
CERA,2026-09-21,4098,64.09,6394,1836,5528.0
CESC,2026-09-21,783775,56.91,1377220,15162,143.47
CEWATER,2026-09-21,73903,65.22,113308,3744,279.6
CGCL,2026-09-21,774387,45.66,1696131,18305,268.85
CGPOWER,2026-09-21,1095970,36.54,2999705,66438,910.0
CGVAK,2026-09-21,5075,69.29,7324,124,145.77
CHALET,2026-09-21,17094,49.47,34551,3729,860.05
CHAMBLFERT,2026-09-21,281312,56.45,498363,16615,417.2
CHEMBOND,2026-09-21,6164,56.93,10827,422,187.04
CHEMCRUX,2026-09-21,3290,83.8,3926,147,79.23
CHEMFAB,2026-09-21,1352,82.24,1644,145,359.3
CHEMICAL,2026-09-21,102381,51.52,198730,944,29.39
CHEMPLASTS,2026-09-21,334610,23.17,1444196,22068,181.17
CHENNPETRO,2026-09-21,486229,37.96,1280837,47154,1375.5
CHEVIOT,2026-09-21,629,88.47,711,100,1168.4
CHOICEGOLD,2026-09-21,1044,66.2,1577,137,150.99
CHOICEIN,2026-09-21,149698,15.48,966736,16861,782.05
CHOLAFIN,2026-09-21,620666,67.25,922958,61209,1764.0
CHOLAHLDNG,2026-09-21,69516,47.03,147817,10999,1474.8
CIEINDIA,2026-09-21,187674,47.75,393005,17468,395.15
CIFL,2026-09-21,47018,74.99,62696,577,20.02
CINELINE,2026-09-21,19602,71.96,27241,382,90.31
CINEVISTA,2026-09-21,2293,65.66,3492,127,14.14
CIPLA,2026-09-21,422512,47.2,895131,31866,1386.1
CLEAN,2026-09-21,131012,42.82,305977,19518,834.9
CLEANMAX,2026-09-21,113889,52.34,217581,20128,1340.5
CLEDUCATE,2026-09-21,3758,94.97,3957,139,56.75
CLSEL,2026-09-21,9804,51.16,19164,1018,293.25
CMLL,2026-09-21,54246,48.01,112991,4241,475.95
CMPDI,2026-09-21,927778,61.48,1509024,34424,209.96
CMRGREEN,2026-09-21,259635,53.0,489891,16860,229.9
CMSINFO,2026-09-21,367721,55.3,664959,14423,232.14
CNL,2026-09-21,7320,51.35,14256,1576,1139.4
COALINDIA,2026-09-21,2026426,58.86,3442984,59798,414.7
COASTCORP,2026-09-21,32706,56.19,58205,750,38.94
COCHINSHIP,2026-09-21,362674,46.21,784923,25814,1385.0
COCKERILL,2026-09-21,1360,58.34,2331,628,8055.0
COFFEEDAY,2026-09-21,263183,59.56,441914,2066,30.15
COFORGE,2026-09-21,1006308,52.08,1932416,51143,1814.0
COHANCE,2026-09-21,1132177,12.87,8798590,160526,460.45
COLPAL,2026-09-21,521715,72.43,720315,27415,1892.0
COMFINTE,2026-09-21,280307,91.56,306160,547,5.72
COMMOIETF,2026-09-21,26877,58.39,46028,4940,97.49
COMPEAU,2026-09-21,234,93.23,251,18,366.6
COMPUSOFT,2026-09-21,26464,76.77,34472,280,13.35
COMSYN,2026-09-21,634844,43.2,1469714,11694,304.1
CONCOR,2026-09-21,378912,42.8,885349,17662,487.05
CONCORDBIO,2026-09-21,135018,24.05,561323,44795,1579.4
CONFIPET,2026-09-21,1692123,46.54,3635567,32901,88.96
CONS,2026-09-21,307974,84.72,363516,151,11.91
CONSUMAXIS,2026-09-21,152,59.38,256,20,119.0
CONSUMBEES,2026-09-21,30209,57.21,52804,832,128.5
CONSUMER,2026-09-21,173946,72.11,241218,332,11.84
CONSUMIETF,2026-09-21,2393,48.55,4929,130,119.56
CONTROLPR,2026-09-21,15706,64.12,24493,1355,598.95
CORALFINAC,2026-09-21,2865,52.9,5416,85,32.1
CORDELIA,2026-09-21,958091,62.17,1540969,15505,113.67
CORDSCABLE,2026-09-21,40947,53.64,76339,3018,355.35
COROMANDEL,2026-09-21,54015,61.47,87865,10904,1940.8
CORONA,2026-09-21,10117,48.39,20909,4193,2212.9
COSMOFIRST,2026-09-21,15884,48.06,33052,2482,866.45
CPCAP,2026-09-21,197096,63.87,308581,2549,156.9
CPEDU,2026-09-21,9733,76.92,12653,247,182.28
CPL,2026-09-21,9736,68.1,14296,383,63.75
CPPLUS,2026-09-21,175548,61.1,287297,41127,3482.3
CPSEETF,2026-09-21,881577,81.04,1087863,6489,92.72
CRAFTSMAN,2026-09-21,7467,44.53,16767,6919,11006.0
CRAMC,2026-09-21,458006,65.9,694974,12261,231.1
CRAVATEX,2026-09-21,1403,99.36,1412,50,335.75
CREATIVEYE,2026-09-21,7443,93.69,7944,78,5.55
CREDITACC,2026-09-21,40198,40.89,98303,13585,1393.0
CREST,2026-09-21,1511,64.16,2355,137,367.05
CRESTO,2026-09-21,13823,84.12,16432,57,16.01
CRISIL,2026-09-21,63558,82.75,76809,5507,4605.6
CRIZAC,2026-09-21,52863,42.53,124288,2672,176.49
CROMPTON,2026-09-21,887357,59.49,1491613,14415,225.05
CROWN,2026-09-21,172119,60.63,283904,2842,121.38
CSBBANK,2026-09-21,106166,40.65,261155,8788,334.8
CSLFINANCE,2026-09-21,9596,61.63,15570,419,220.46
CSM,2026-09-21,284721,39.86,714274,8652,108.19
CUB,2026-09-21,369917,43.73,846007,19707,234.94
CUBEXTUB,2026-09-21,115829,64.68,179090,2503,87.38
CUMMINSIND,2026-09-21,188884,67.15,281295,26214,5067.0
CUPID,2026-09-21,14794245,28.54,51831010,343722,251.3
CYIENT,2026-09-21,61697,39.42,156528,15533,1060.8
CYIENTDLM,2026-09-21,174720,40.4,432427,30530,912.4
DABUR,2026-09-21,1362746,64.97,2097526,27644,386.8
DALBHARAT,2026-09-21,63348,51.18,123783,10413,1764.4
DALMIASUG,2026-09-21,88545,43.34,204296,6835,384.1
DAMCAPITAL,2026-09-21,75064,58.11,129171,5603,137.32
DANGEE,2026-09-21,47119,80.53,58514,101,2.7
DATAMATICS,2026-09-21,26399,36.68,71980,4780,773.85
DATAPATTNS,2026-09-21,86409,22.58,382692,38716,4511.8
DAVANGERE,2026-09-21,4426167,55.61,7958622,2948,2.14
DBCORP,2026-09-21,47701,63.87,74685,3108,182.62
DBEIL,2026-09-21,113484,81.58,139104,432,6.99
DBL,2026-09-21,312580,26.68,1171769,29673,421.3
DBOL,2026-09-21,37715,57.31,65811,2523,113.31
DBREALTY,2026-09-21,472629,55.5,851636,7028,95.29
DCAL,2026-09-21,56936,43.33,131392,2485,170.5
DCBBANK,2026-09-21,278210,50.53,550532,18863,218.77
DCI,2026-09-21,27593,60.49,45619,1489,272.55
DCM,2026-09-21,22243,94.8,23462,119,76.01
DCMFINSERV,2026-09-21,24282,73.39,33088,141,4.9
DCMNVL,2026-09-21,6253,67.78,9225,335,180.01
DCMSHRIRAM,2026-09-21,17495,59.33,29489,2844,984.2
DCMSIL,2026-09-21,62836,74.58,84258,599,69.6
DCMSRIND,2026-09-21,112449,64.8,173540,1450,38.1
DCW,2026-09-21,412900,46.94,879647,3371,45.47
DCXINDIA,2026-09-21,238164,58.35,408177,6762,162.02
DDEVPLSTIK,2026-09-21,39771,56.04,70963,2605,259.9
DECCANCE,2026-09-21,39091,52.95,73820,2912,567.2
DECNGOLD,2026-09-21,274124,42.16,650192,9293,217.04
DEEDEV,2026-09-21,142507,50.03,284817,9834,681.1
DEEPA,2026-09-21,446155,33.97,1313474,15243,183.06
DEEPAKFERT,2026-09-21,74458,36.78,202462,15204,1365.9
DEEPAKNTR,2026-09-21,90256,50.9,177305,15971,1586.3
DEEPINDS,2026-09-21,93939,28.79,326239,14865,726.3
DEFENCE,2026-09-21,204067,70.5,289451,957,79.02
DELHIVERY,2026-09-21,1983806,61.06,3248908,36790,435.0
DELTACORP,2026-09-21,1744715,28.7,6078214,31633,61.59
DELTAMAGNT,2026-09-21,1221,55.5,2200,51,54.9
DEN,2026-09-21,210900,62.86,335491,1729,26.42
DENORA,2026-09-21,3476,84.86,4096,367,813.4
DENTA,2026-09-21,26042,36.51,71325,2062,276.05
DEVIT,2026-09-21,9740,72.99,13344,189,23.15
DEVX,2026-09-21,429892,84.44,509090,1181,35.13
DEVYANI,2026-09-21,1057736,37.22,2842118,34313,143.22
DGCONTENT,2026-09-21,2026,93.62,2164,35,24.06
DHAMPURSUG,2026-09-21,264635,39.71,666472,14426,162.29
DHANBANK,2026-09-21,142358,55.69,255637,1390,29.44
DHANUKA,2026-09-21,7929,47.17,16809,1808,975.6
DHARMAJ,2026-09-21,37419,63.34,59080,1444,281.25
DHATRE,2026-09-21,33278,81.97,40600,181,4.22
DHOOTTRANS,2026-09-21,391633,22.49,1741468,88425,1582.3
DHRUV,2026-09-21,4282,90.76,4718,68,20.95
DHUNINV,2026-09-21,345,71.43,483,63,981.65
DIAMINESQ,2026-09-21,783,69.91,1120,73,255.56
DIAMONDYD,2026-09-21,8561,59.68,14344,1372,1099.3
DICIND,2026-09-21,1715,66.68,2572,215,627.9
DIFFNKG,2026-09-21,48778,45.32,107625,4966,444.05
DIGIDRIVE,2026-09-21,15209,94.43,16106,119,17.56
DIGISPICE,2026-09-21,217088,74.36,291927,664,16.31
DIGITIDE,2026-09-21,56174,54.18,103678,1564,83.56
DISAQ,2026-09-21,71,66.98,106,71,12134.0
DISHTV,2026-09-21,3315469,87.88,3772636,2923,2.45
DIVGIITTS,2026-09-21,27008,49.97,54047,6369,1124.4
DIVIDEND,2026-09-21,740,71.77,1031,57,34.89
DIVISLAB,2026-09-21,219098,57.61,380343,51101,9410.5
DIVOPPBEES,2026-09-21,11853,54.92,21581,748,74.93
DIXON,2026-09-21,76032,34.62,219611,37952,13350.0
DJML,2026-09-21,15133,47.46,31884,675,76.15
DLF,2026-09-21,1684371,53.5,3148346,43918,660.25
DLINKINDIA,2026-09-21,20929,53.99,38767,2282,425.7
DMART,2026-09-21,399387,61.73,647006,28595,3800.4
DMCC,2026-09-21,21595,56.85,37984,1721,285.4
DNAMEDIA,2026-09-21,25542,80.26,31826,132,2.45
DODLA,2026-09-21,4479,44.67,10027,1657,1065.1
DOLATALGO,2026-09-21,51906,60.13,86318,1070,66.79
DOLLAR,2026-09-21,30795,37.67,81750,3458,275.25
DOLLEX,2026-09-21,33765,71.71,47083,180,37.6
DOLPHIN,2026-09-21,25613,35.31,72539,4104,684.0
DOMS,2026-09-21,6151,47.2,13031,2362,2083.1
DONEAR,2026-09-21,17235,90.08,19132,177,82.61
DPABHUSHAN,2026-09-21,8861,49.91,17753,2011,1422.6
DRAGARWQ,2026-09-21,7960,85.35,9326,571,5280.5
DRCSYSTEMS,2026-09-21,38770,60.73,63841,326,12.72
DREAMFOLKS,2026-09-21,41133,63.73,64545,1348,63.48
DREDGECORP,2026-09-21,15064,41.39,36397,2905,994.7
DRREDDY,2026-09-21,957919,55.73,1718834,64405,1198.3
DSFCL,2026-09-21,84975,83.22,102112,272,27.44
DSSL,2026-09-21,15707,56.31,27894,2704,1032.9
DUCON,2026-09-21,6261592,59.55,10514128,1614,1.33
DVL,2026-09-21,4105,66.66,6158,271,283.45
DWARKESH,2026-09-21,364857,29.73,1227282,7121,40.93
DYCL,2026-09-21,106572,40.83,260984,9075,457.7
DYNAMATECH,2026-09-21,4577,43.8,10449,3814,12169.0
DYNPRO,2026-09-21,12205,85.67,14246,261,229.98
EASEMYTRIP,2026-09-21,2842858,58.07,4895490,4960,5.79
EASTWEST,2026-09-21,211705,74.41,284514,397,2.38
EBANK10,2026-09-21,50,98.04,51,5,16.64
EBANKNIFTY,2026-09-21,290,93.25,311,26,57.13
EBBETF0430,2026-09-21,12127,88.2,13749,389,1609.4
EBBETF0431,2026-09-21,22870,96.34,23740,151,1432.0
EBBETF0433,2026-09-21,1043,77.09,1353,80,1302.06
EBGNG,2026-09-21,312976,43.0,727792,35287,690.45
ECAPINSURE,2026-09-21,20565,83.02,24770,243,23.6
ECLERX,2026-09-21,50367,42.59,118274,13603,1951.2
ECORECO,2026-09-21,7021,63.08,11131,881,422.75
ECOSMOBLTY,2026-09-21,21760,51.06,42617,1318,109.6
EDELWEISS,2026-09-21,4815190,38.51,12504087,69986,139.52
EFCIL,2026-09-21,51443,62.5,82310,1767,178.43
EGOLD,2026-09-21,333910,97.33,343079,348,151.8
EICHERMOT,2026-09-21,147015,58.37,251852,25457,7512.5
EIDPARRY,2026-09-21,100352,45.11,222482,12735,700.9
EIEL,2026-09-21,278051,42.66,651755,12623,203.89
EIHAHOTELS,2026-09-21,30895,69.49,44457,1932,298.85
EIHOTEL,2026-09-21,111262,36.19,307454,12432,309.0
EIMCOELECO,2026-09-21,6101,51.56,11832,1893,2288.0
EKC,2026-09-21,50026,60.6,82556,1814,100.06
EKI,2026-09-21,8870,76.5,11595,372,69.99
ELANTAS,2026-09-21,2758,40.93,6739,2892,14793.0
ELCIDIN,2026-09-21,6,85.71,7,7,105870.0
ELDEHSG,2026-09-21,39,62.9,62,20,781.9
ELECON,2026-09-21,80964,47.39,170863,6691,413.45
ELECTCAST,2026-09-21,521122,50.11,1039883,8698,73.63
ELECTHERM,2026-09-21,13928,74.31,18744,706,902.25
ELGIEQUIP,2026-09-21,103381,50.89,203148,13013,612.2
ELGIRUBCO,2026-09-21,17213,62.58,27506,345,59.86
ELIN,2026-09-21,30987,48.93,63326,1418,89.38
ELIQUID,2026-09-21,1529,81.2,1883,10,1048.54
ELITECON,2026-09-21,3043836,55.78,5457008,7586,8.35
ELLEN,2026-09-21,190442,42.25,450746,11622,373.45
ELM250,2026-09-21,627569,97.88,641186,342,16.37
ELMDIV,2026-09-21,111,95.69,116,8,35.75
ELPROINTL,2026-09-21,11405,87.85,12983,121,171.4
EMAMILTD,2026-09-21,754412,46.54,1621062,33155,380.6
EMAMIREAL,2026-09-21,6555,96.48,6794,57,66.99
EMBDL,2026-09-21,2948714,49.27,5985106,19822,58.89
EMCURE,2026-09-21,56521,33.38,169313,15209,2009.3
EMETAL,2026-09-21,3066,54.94,5581,44,13.03
EMIL,2026-09-21,1635450,45.98,3557184,36418,191.28
EMKAY,2026-09-21,21528,62.16,34634,685,255.0
EMMVEE,2026-09-21,2748405,24.01,11448479,173251,340.6
EMPIND,2026-09-21,1473,84.66,1740,124,1054.2
EMPOWER,2026-09-21,632555,100.0,632555,939,2.27
EMSLIMITED,2026-09-21,58106,48.74,119216,3736,364.3
EMUDHRA,2026-09-21,441234,22.92,1925129,63135,662.0
EMULTIMQ,2026-09-21,7885,78.19,10085,134,41.38
ENDURANCE,2026-09-21,51681,57.23,90302,24621,2756.4
ENERGY,2026-09-21,864873,94.85,911858,964,38.18
ENERGYAXIS,2026-09-21,4404,47.46,9280,64,18.96
ENERGYDEV,2026-09-21,6755,81.76,8262,262,14.57
ENEXT50,2026-09-21,103,50.49,204,10,72.32
ENGINERSIN,2026-09-21,2703624,25.41,10639611,107503,285.25
ENIFTY,2026-09-21,666,87.17,764,82,23.62
ENIL,2026-09-21,6300,69.77,9030,361,100.03
ENKEIWHEL,2026-09-21,1223,88.88,1376,75,388.2
ENRIN,2026-09-21,110283,53.67,205501,28493,3214.7
ENTERO,2026-09-21,157801,58.79,268431,24670,1795.5
EPACK,2026-09-21,144860,42.71,339166,5671,179.67
EPACKPEB,2026-09-21,495653,26.26,1887825,36216,241.57
EPIGRAL,2026-09-21,11353,47.54,23879,2624,1111.0
EPL,2026-09-21,2376755,62.27,3816913,35386,239.65
EQUAL200,2026-09-21,21811,78.93,27634,73,13.6
EQUAL50,2026-09-21,3572,54.35,6572,42,324.67
EQUAL50ADD,2026-09-21,6964,55.23,12609,340,335.27
EQUITASBNK,2026-09-21,896955,59.64,1503921,14518,72.43
ERIS,2026-09-21,27262,45.43,60013,9322,1295.3
ESABINDIA,2026-09-21,4454,64.35,6922,1937,5561.0
ESCORTS,2026-09-21,32156,54.4,59112,8311,2819.8
ESDS,2026-09-21,447698,55.86,801393,22000,1642.75
ESENSEX,2026-09-21,129,4.25,3036,16,75.69
ESG,2026-09-21,2283,78.56,2906,47,40.32
ESILVER,2026-09-21,97017,93.04,104277,678,231.52
ESSARSHPNG,2026-09-21,46932,64.92,72288,606,16.15
ESSENTIA,2026-09-21,719868,76.95,935528,680,1.02
ESTER,2026-09-21,11712,47.92,24442,1030,87.17
ETERNAL,2026-09-21,11552150,56.98,20274532,146020,335.9
ETHOSLTD,2026-09-21,19843,57.68,34401,5678,2593.8
EUREKAFORB,2026-09-21,68443,55.98,122274,7715,378.45
EUROBOND,2026-09-21,1311,80.93,1620,48,153.34
EUROPRATIK,2026-09-21,180883,57.8,312956,5915,224.0
EVEREADY,2026-09-21,118749,54.44,218147,5611,321.85
EVIETF,2026-09-21,69151,63.4,109071,873,31.87
EVINDIA,2026-09-21,109343,69.42,157500,2010,31.81
EXCELINDUS,2026-09-21,3417,62.07,5505,492,953.5
EXCELSOFT,2026-09-21,380166,40.38,941399,8503,81.83
EXICOM,2026-09-21,442723,37.66,1175635,13244,161.61
EXIDEIND,2026-09-21,960834,53.07,1810338,31806,434.5
EXPLEOSOL,2026-09-21,6574,60.71,10828,1243,883.15
EXXARO,2026-09-21,141332,70.89,199375,390,6.21
FABTECH,2026-09-21,35157,69.99,50235,490,147.23
FACT,2026-09-21,124822,9.44,1321888,59508,801.75
FAZE3Q,2026-09-21,24327,64.39,37779,1720,427.9
FCL,2026-09-21,5129509,35.51,14444022,45425,55.75
FCSSOFT,2026-09-21,901939,71.87,1254958,1153,1.4
FDC,2026-09-21,99436,48.81,203702,8469,362.4
FEDDERSHOL,2026-09-21,4372936,12.23,35766255,113181,61.49
FEDERALBNK,2026-09-21,2409804,58.24,4137418,41894,332.0
FEDFINA,2026-09-21,424304,59.74,710264,10389,151.74
FERMENTA,2026-09-21,28889,57.23,50477,3481,474.25
FIBERWEB,2026-09-21,7676,91.82,8360,141,26.27
FIEMIND,2026-09-21,35529,65.92,53900,7609,1901.1
FILATEX,2026-09-21,4050269,29.12,13909256,81994,102.2
FILATFASH,2026-09-21,19413625,83.44,23267733,2242,0.17
FINCABLES,2026-09-21,143633,36.01,398902,26433,1399.7
FINEORG,2026-09-21,8674,57.61,15057,4799,5149.5
FINIETF,2026-09-21,67186,51.53,130385,1090,32.19
FINKURVE,2026-09-21,10092,57.61,17519,392,71.05
FINOPB,2026-09-21,51831,47.86,108299,1687,134.82
FINPIPE,2026-09-21,129731,57.78,224529,8669,152.16
FIRSTCRY,2026-09-21,344518,35.82,961798,12865,170.43
FISCHER,2026-09-21,744815,48.18,1545886,7048,32.87
FIVESTAR,2026-09-21,431905,56.47,764807,36819,524.95
FLAIR,2026-09-21,20919,46.31,45167,1658,238.8
FLEXIADD,2026-09-21,233291,77.47,301133,545,9.67
FLUOROCHEM,2026-09-21,96319,65.33,147437,12284,4560.0
FMCGADD,2026-09-21,3546,50.21,7063,58,46.21
FMCGIETF,2026-09-21,788975,67.32,1172062,3097,49.6
FMGOETZE,2026-09-21,51770,50.92,101671,3537,439.1
FMNL,2026-09-21,47461,77.39,61329,148,8.85
FOODSIN,2026-09-21,41639,79.92,52098,539,53.15
FORCEMOT,2026-09-21,17282,45.97,37594,12833,17485.0
FORTIS,2026-09-21,484987,52.92,916405,21987,893.5
FOSECOIND,2026-09-21,6194,33.15,18684,7143,6643.0
FRACTAL,2026-09-21,198552,55.93,355031,22697,760.9
FREDUN,2026-09-21,61875,65.19,94914,6366,1348.2
FRONTSP,2026-09-21,9476,57.37,16517,1999,1173.5
FSL,2026-09-21,143254,43.21,331530,9491,269.45
FUSION,2026-09-21,111984,52.46,213462,5019,184.67
GABRIEL,2026-09-21,116310,53.82,216108,23939,1290.3
GAEL,2026-09-21,282248,53.82,524434,13836,161.25
GAIL,2026-09-21,2318451,62.08,3734893,36493,172.61
GAJA,2026-09-21,1372899,7.57,18146677,138015,162.71
GALAPREC,2026-09-21,15440,52.7,29299,3492,1042.4
GALAXYSURF,2026-09-21,23213,64.84,35803,4297,2188.5
GALLANTT,2026-09-21,20055,48.37,41459,3036,546.85
GANDHAR,2026-09-21,239542,44.8,534706,9214,267.65
GANDHITUBE,2026-09-21,3034,65.18,4655,363,909.3
GANECOS,2026-09-21,29208,45.77,63820,5685,1008.2
GANESHCP,2026-09-21,51561,41.93,122957,3050,171.4
GANESHHOU,2026-09-21,8172,60.59,13488,1314,742.45
GANGAFORGE,2026-09-21,1108331,49.68,2230854,938,1.58
GANGESSECU,2026-09-21,116,90.63,128,11,114.2
GARFIBRES,2026-09-21,21683,48.96,44283,6859,800.45
GARUDA,2026-09-21,111591,34.33,325038,4897,176.77
GATEWAY,2026-09-21,248285,61.07,406583,3104,52.51
GAUDIUMIVF,2026-09-21,260615,70.8,368076,3623,112.25
GAYAHWS,2026-09-21,168303,78.86,213431,298,1.9
GAYAPROJ,2026-09-21,823612,63.15,1304113,3902,24.59
GCSL,2026-09-21,1333616,62.77,2124554,9760,635.1
GEEKAYWIRE,2026-09-21,395882,38.51,1028113,5413,30.9
GEMAROMA,2026-09-21,133002,66.29,200645,2910,150.58
GENCON,2026-09-21,37847,13.24,285795,744,40.54
GENESYS,2026-09-21,192388,30.1,639081,12871,279.09
GENUSPAPER,2026-09-21,37993,72.17,52641,195,11.49
GENUSPOWER,2026-09-21,519911,47.54,1093688,19197,310.9
GEOJITFSL,2026-09-21,89640,46.82,191462,2248,81.94
GESHIP,2026-09-21,562398,48.06,1170270,45001,1485.0
GFLLIMITED,2026-09-21,105092,85.14,123439,806,57.0
GHCL,2026-09-21,27716,61.48,45084,2662,421.55
GHCLTEXTIL,2026-09-21,459263,61.97,741104,9689,129.52
GICHSGFIN,2026-09-21,28873,69.36,41626,613,139.28
GICRE,2026-09-21,96844,47.02,205977,5205,346.2
GILLANDERS,2026-09-21,5359,91.25,5873,67,107.03
GILLETTE,2026-09-21,41258,61.34,67264,11259,7048.0
GILT10BETA,2026-09-21,146,78.92,185,20,26.64
GILT5BETA,2026-09-21,149,89.76,166,5,66.46
GILT5YBEES,2026-09-21,132674,57.25,231749,579,65.84
GIPCL,2026-09-21,137561,43.89,313414,5966,189.36
GKB,2026-09-21,2934,77.91,3766,42,69.11
GKENERGY,2026-09-21,460346,32.18,1430370,15067,126.59
GKSL,2026-09-21,59656,46.8,127464,2815,183.21
GKWLIMITED,2026-09-21,60,95.24,63,14,1571.4
GLAND,2026-09-21,140920,50.49,279128,32174,2940.2
GLASSWALL,2026-09-21,4074110,5.28,77218755,590799,295.21
GLAXO,2026-09-21,10401,47.65,21828,4535,2862.9
GLENMARK,2026-09-21,209679,51.68,405696,28378,2450.0
GLFL,2026-09-21,3017,98.98,3048,21,5.19
GLOBAL,2026-09-21,323479,59.31,545418,4409,130.6
GLOBALE,2026-09-21,1341,37.86,3542,27,11.16
GLOBALVECT,2026-09-21,2733,70.44,3880,182,133.56
GLOBE,2026-09-21,4675606,64.75,7221088,1744,2.25
GLOBECIVIL,2026-09-21,11234,64.07,17533,254,42.14
GLOBUSSPR,2026-09-21,22621,44.08,51319,5106,830.8
GLOSTERLTD,2026-09-21,5330,69.89,7626,266,578.5
GLOTTIS,2026-09-21,17887,76.7,23320,531,57.76
GMBREW,2026-09-21,14110,59.2,23836,2087,947.0
GMDCLTD,2026-09-21,255872,40.43,632829,16487,557.9
GMMPFAUDLR,2026-09-21,350468,39.18,894431,58945,1507.2
GMRAIRPORT,2026-09-21,10455641,37.97,27536721,59603,98.7
GMRP&UI,2026-09-21,334791,51.9,645124,6905,92.43
GNA,2026-09-21,110538,35.75,309236,10276,564.85
GNFC,2026-09-21,248149,41.34,600276,17062,589.9
GNRL,2026-09-21,107069,69.65,153726,2654,97.17
GOACARBON,2026-09-21,17603,52.59,33473,2136,389.1
GOCLCORP,2026-09-21,364351,52.4,695358,20122,453.45
GOCOLORS,2026-09-21,30963,43.7,70857,2508,306.7
GODAVARIB,2026-09-21,27406,46.8,58564,1597,242.47
GODFRYPHLP,2026-09-21,36950,30.35,121765,10183,1980.0
GODIGIT,2026-09-21,460602,46.39,992938,40186,241.45
GODREJAGRO,2026-09-21,87496,45.9,190635,9652,660.65
GODREJCP,2026-09-21,485094,49.71,975825,27209,867.5
GODREJIND,2026-09-21,12197,37.85,32225,3956,1101.7
GODREJPROP,2026-09-21,165056,41.39,398829,19451,1696.9
GOKEX,2026-09-21,413053,58.38,707582,31450,694.7
GOKUL,2026-09-21,30525,21.71,140580,477,39.56
GOKULAGRO,2026-09-21,85670,33.51,255643,8839,221.16
GOLD1,2026-09-21,569189,50.2,1133879,9873,126.65
GOLD360,2026-09-21,15903,56.88,27960,300,147.85
GOLDADD,2026-09-21,1481379,69.69,2125583,11890,14.75
GOLDAXIS,2026-09-21,530652,53.41,993544,3473,126.44
GOLDBEES,2026-09-21,11118212,57.13,19462259,101271,125.57
GOLDBETA,2026-09-21,410651,61.29,670062,2778,127.9
GOLDBND,2026-09-21,23949,86.71,27619,284,152.07
GOLDCASE,2026-09-21,4708961,49.25,9562302,12860,23.91
GOLDETF,2026-09-21,565188,52.42,1078228,11847,147.7
GOLDIAM,2026-09-21,181566,45.43,399675,8111,323.35
GOLDIETF,2026-09-21,3621517,56.91,6363757,39525,130.01
GOODLUCK,2026-09-21,254189,42.15,603046,17518,523.9
GOODYEAR,2026-09-21,2931,64.7,4530,456,708.2
GOPAL,2026-09-21,21794,45.82,47564,2457,257.05
GOYALALUM,2026-09-21,153841,58.98,260850,1037,6.09
GPIL,2026-09-21,619306,43.83,1413064,15166,236.8
GPPL,2026-09-21,1193416,69.2,1724551,22698,164.99
GPTHEALTH,2026-09-21,114309,54.67,209098,6039,165.32
GPTINFRA,2026-09-21,46249,43.14,107219,1831,118.42
GRANDOAK,2026-09-21,2132,66.52,3205,230,33.07
GRANULES,2026-09-21,280831,47.04,597035,25570,875.15
GRAPHITE,2026-09-21,402369,40.46,994540,38817,812.8
GRASIM,2026-09-21,90803,48.56,187000,18089,3166.0
GRAUWEIL,2026-09-21,559288,43.29,1292053,12432,85.34
GRAVITA,2026-09-21,123607,45.35,272538,24691,1580.0
GREAVESCOT,2026-09-21,339862,48.19,705324,12203,198.58
GREENLAM,2026-09-21,18603,71.06,26178,964,228.76
GREENPANEL,2026-09-21,224962,49.3,456355,8431,165.45
GREENPLY,2026-09-21,46289,60.28,76796,2070,289.9
GREENPOWER,2026-09-21,975913,49.6,1967532,3756,9.04
GRINDWELL,2026-09-21,45773,58.49,78264,14007,1966.8
GRINFRA,2026-09-21,25217,16.08,156865,12451,824.85
GRMOVER,2026-09-21,282468,23.74,1190032,9679,82.43
GROBTEA,2026-09-21,61,76.25,80,24,910.0
GROWW,2026-09-21,7644471,47.85,15975276,82076,190.59
GROWWCAPM,2026-09-21,357228,82.61,432426,1398,11.14
GROWWCHEM,2026-09-21,58919,83.12,70882,277,29.33
GROWWDEFNC,2026-09-21,161043,56.31,285993,2904,94.02
GROWWEV,2026-09-21,116419,56.0,207906,2400,31.79
GROWWGOLD,2026-09-21,559983,44.87,1248087,4288,14.83
GROWWHOSPI,2026-09-21,111633,69.6,160395,1001,53.07
GROWWLIQID,2026-09-21,115310,58.09,198488,200,110.83
GROWWLOVOL,2026-09-21,8909,55.95,15923,152,10.14
GROWWMC150,2026-09-21,221,71.06,311,42,230.34
GROWWMETAL,2026-09-21,109289,54.05,202193,1673,12.4
GROWWMOM50,2026-09-21,55245,66.84,82654,611,10.94
GROWWN200,2026-09-21,48218,68.09,70815,295,11.15
GROWWNET,2026-09-21,394041,58.45,674180,854,11.0
GROWWNIFTY,2026-09-21,292626,50.14,583664,5490,9.5
GROWWNXT50,2026-09-21,2421,44.02,5500,141,72.32
GROWWPOWER,2026-09-21,474520,51.2,926836,2086,11.22
GROWWPSE,2026-09-21,2282,62.73,3638,168,97.31
GROWWPSUBK,2026-09-21,1851,52.13,3551,167,83.64
GROWWRAIL,2026-09-21,305440,49.84,612833,2725,27.32
GROWWRLTY,2026-09-21,70026,55.12,127032,495,9.55
GROWWSC250,2026-09-21,95252,67.78,140528,769,10.56
GROWWSLVR,2026-09-21,214757,18.95,1133065,2407,22.76
GRPLTD,2026-09-21,1301,92.4,1408,133,1992.7
GRSE,2026-09-21,77550,43.0,180334,14672,2372.2
GRWRHITECH,2026-09-21,17407,52.02,33465,8910,6454.5
GSEC10ADD,2026-09-21,371,100.0,371,1,26.35
GSEC10IETF,2026-09-21,333,100.0,333,13,264.57
GSEC10YEAR,2026-09-21,409,89.89,455,24,30.11
GSEC5IETF,2026-09-21,7906,50.61,15621,55,65.77
GSFC,2026-09-21,300540,53.05,566471,7581,150.75
GSLSU,2026-09-21,65017,78.84,82466,592,29.44
GSPCROP,2026-09-21,22568,8.96,252005,3486,490.9
GSS,2026-09-21,40780,84.58,48215,249,10.82
GTECJAINX,2026-09-21,1955,61.73,3167,26,26.39
GTL,2026-09-21,85588,80.17,106754,414,7.04
GTLINFRA,2026-09-21,13735933,52.12,26356401,10347,1.13
GTPL,2026-09-21,29316,46.56,62970,1298,55.06
GUFICBIO,2026-09-21,27214,47.82,56909,3816,435.65
GUJALKALI,2026-09-21,35143,47.26,74364,4232,629.5
GUJAPOLLO,2026-09-21,2162,63.11,3426,156,344.2
GUJENERGY,2026-09-21,571245,62.14,919345,26522,238.52
GUJRAFFIA,2026-09-21,2537,62.86,4036,52,40.33
GUJTHEM,2026-09-21,261006,52.68,495483,15969,413.7
GULFOILLUB,2026-09-21,24907,51.56,48310,4841,1058.4
GULPOLY,2026-09-21,41191,51.32,80260,2544,169.52
GVPIL,2026-09-21,141324,41.46,340873,12519,688.9
GVT&D,2026-09-21,95891,46.23,207424,24202,4366.1
GYFTR,2026-09-21,54432,78.64,69219,1400,169.95
HAL,2026-09-21,368723,47.0,784570,61733,4826.0
HALDER,2026-09-21,910,74.04,1229,93,283.5
HALEOSLABS,2026-09-21,1802,82.62,2181,175,1487.6
HAMPTON,2026-09-21,28973,80.64,35931,130,8.04
HAPPSTMNDS,2026-09-21,248799,43.67,569666,19500,317.8
HAPPYFORGE,2026-09-21,31173,63.34,49217,10245,2109.1
HARDWYN,2026-09-21,258488,59.8,432254,645,9.15
HARIOMPIPE,2026-09-21,35363,65.12,54304,2449,358.85
HARRMALAYA,2026-09-21,4005,69.53,5760,288,178.18
HARSHA,2026-09-21,246574,31.75,776655,25221,467.9
HATHWAY,2026-09-21,406996,45.95,885696,1905,9.97
HATSUN,2026-09-21,16001,40.31,39695,6117,1130.7
HAVELLS,2026-09-21,305443,47.15,647751,30962,1103.1
HAVISHA,2026-09-21,5292,90.49,5848,58,1.34
HAWKINCOOK,2026-09-21,1888,68.55,2754,1118,8166.0
HAZOOR,2026-09-21,311858,58.73,531038,1123,19.11
HBESD,2026-09-21,410,96.47,425,27,73.0
HBLENGINE,2026-09-21,340728,37.93,898330,27472,749.85
HBPOR,2026-09-21,107,76.98,139,20,61.79
HBSL,2026-09-21,348,77.85,447,28,53.25
HCC,2026-09-21,6904199,39.92,17293181,24401,21.83
HCG,2026-09-21,35447,52.26,67828,9395,701.35
HCL-INSYS,2026-09-21,469991,62.3,754421,2152,10.7
HCLTECH,2026-09-21,1231761,44.76,2751906,70202,1281.0
HDBFS,2026-09-21,773169,78.89,980082,32211,680.95
HDFCAMC,2026-09-21,272914,54.23,503235,38061,2440.0
HDFCBANK,2026-09-21,25653130,72.3,35482683,335639,739.5
HDFCBSE500,2026-09-21,7561110,93.18,8114475,416,36.93
HDFCGOLD,2026-09-21,2191340,67.21,3260630,10509,129.83
HDFCGROWTH,2026-09-21,3375,48.65,6937,121,114.73
HDFCLIFE,2026-09-21,1259027,44.47,2831490,60904,559.4
HDFCLIQUID,2026-09-21,24149,90.75,26611,43,1078.77
HDFCLOWVOL,2026-09-21,3127,66.52,4701,97,20.04
HDFCMID150,2026-09-21,160919,57.13,281669,1513,23.11
HDFCMOMENT,2026-09-21,85537,44.84,190756,666,30.64
HDFCNEXT50,2026-09-21,47668,52.36,91037,700,73.84
HDFCNIF100,2026-09-21,9526,50.42,18894,396,25.41
HDFCNIFBAN,2026-09-21,26091,76.39,34156,403,58.17
HDFCNIFIT,2026-09-21,39908,38.13,104650,303,30.93
HDFCNIFTY,2026-09-21,122669,66.3,185018,1373,264.79
HDFCNIMEG,2026-09-21,2483,57.5,4318,61,129.91
HDFCPSUBK,2026-09-21,8995,52.5,17132,173,84.02
HDFCPVTBAN,2026-09-21,25527,51.87,49216,366,27.87
HDFCQUAL,2026-09-21,1720,41.68,4127,88,57.26
HDFCSENSEX,2026-09-21,43298,75.52,57336,752,85.05
HDFCSILVER,2026-09-21,1200135,41.83,2869389,10290,222.04
HDFCSML250,2026-09-21,832145,71.63,1161673,18686,184.23
HDFCVALUE,2026-09-21,2820,39.78,7089,89,122.33
HEADSUP,2026-09-21,16068,92.21,17425,105,6.91
HEALTHADD,2026-09-21,33718,92.48,36459,105,16.99
HEALTHAXIS,2026-09-21,1410,68.45,2060,123,171.79
HEALTHCARE,2026-09-21,38302,88.93,43070,265,22.06
HEALTHIETF,2026-09-21,86533,53.3,162357,4919,172.96
HEALTHX,2026-09-21,1604,96.16,1668,48,297.0
HEALTHY,2026-09-21,386261,61.37,629404,1327,17.33
HECPROJECT,2026-09-21,8490,40.25,21092,220,118.1
HEIDELBERG,2026-09-21,108406,61.31,176823,4618,141.67
HEMIPROP,2026-09-21,95062,56.98,166831,2706,120.02
HERANBA,2026-09-21,14535,64.43,22561,726,167.08
HERITGFOOD,2026-09-21,226082,41.5,544761,17241,421.5
HEROMOTOCO,2026-09-21,180988,50.98,355000,42000,5419.0
HESTERBIO,2026-09-21,1665,51.6,3227,578,2188.8
HEXATRADEX,2026-09-21,661,82.21,804,55,159.84
HEXT,2026-09-21,83096,54.87,151434,9772,515.25
HGINFRA,2026-09-21,25889,51.42,50346,4134,442.65
HGM,2026-09-21,2983,89.77,3323,68,46.46
HGS,2026-09-21,4971,62.92,7901,634,377.8
HIKAL,2026-09-21,176535,31.79,555365,10828,229.15
HILINFRA,2026-09-21,36105,45.01,80219,1105,43.37
HILTON,2026-09-21,84426,83.54,101060,487,16.44
HIMATSEIDE,2026-09-21,421050,55.78,754907,4459,62.76
HINDADH,2026-09-21,5414,91.81,5897,202,383.9
HINDALCO,2026-09-21,2246548,67.1,3348127,67312,981.2
HINDALUMI,2026-09-21,1934,58.17,3325,286,93.26
HINDCOMPOS,2026-09-21,3479,80.03,4347,291,379.25
HINDCON,2026-09-21,41935,69.65,60207,271,24.44
HINDCOPPER,2026-09-21,1725202,35.32,4883834,64508,503.95
HINDOILEXP,2026-09-21,157506,49.34,319216,8593,176.63
HINDPETRO,2026-09-21,777535,47.7,1629936,20073,357.6
HINDUNILVR,2026-09-21,445015,51.47,864547,47679,1947.0
HINDWAREAP,2026-09-21,73217,54.73,133778,6135,176.57
HINDZINC,2026-09-21,2196337,51.0,4306457,37042,591.8
HIRECT,2026-09-21,15525,45.17,34369,2747,1241.2
HISARMETAL,2026-09-21,772,75.69,1020,79,159.02
HITECH,2026-09-21,263878,55.59,474659,4507,74.96
HLEGLAS,2026-09-21,142027,73.82,192390,2724,469.2
HLVLTD,2026-09-21,107316,69.09,155327,602,6.73
HMAAGRO,2026-09-21,2243807,41.06,5464569,15879,23.95
HNDFDS,2026-09-21,42741,58.63,72898,3383,617.75
HNGSNGBEES,2026-09-21,54620,75.49,72356,3812,463.13
HOMEFIRST,2026-09-21,292129,59.32,492496,30710,1257.7
HONASA,2026-09-21,190019,37.2,510820,20264,473.6
HONAUT,2026-09-21,1165,41.5,2807,1720,34685.0
HONDAPOWER,2026-09-21,1350,56.72,2380,527,1920.6
HORIZONIND,2026-09-21,1746978,64.05,2727392,18231,52.74
HPAL,2026-09-21,53623,74.99,71507,539,35.93
HPIL,2026-09-21,84,79.25,106,50,119.1
HPL,2026-09-21,36070,53.32,67643,3651,283.15
HRYNSHP,2026-09-21,527,73.81,714,39,99.99
HSBCGOLD,2026-09-21,35624,91.81,38800,107,131.63
HSCL,2026-09-21,1037427,35.03,2961942,49812,676.45
HTEL,2026-09-21,1311966,38.22,3432660,28879,72.52
HTMEDIA,2026-09-21,45221,64.11,70538,269,24.04
HUBTOWN,2026-09-21,130009,65.43,198714,2231,175.73
HUDCO,2026-09-21,532339,48.66,1093890,19617,173.23
HUHTAMAKI,2026-09-21,40012,56.58,70715,3625,243.75
HYBRIDETF,2026-09-21,2048,30.29,6761,63,9.98
HYUNDAI,2026-09-21,213539,56.25,379622,29998,2144.0
IBULLSLTD,2026-09-21,7372182,54.86,13436977,22326,29.09
ICEMAKE,2026-09-21,6460,58.04,11131,3914,693.7
ICICIAMC,2026-09-21,235683,55.58,424027,29450,3207.8
ICICIB22,2026-09-21,258454,82.25,314225,3261,112.66
ICICIBANK,2026-09-21,4128422,72.36,5705598,127740,1345.0
ICICIGI,2026-09-21,830791,58.18,1427947,35479,1509.1
ICICIPRULI,2026-09-21,433603,43.48,997211,25731,493.0
ICIL,2026-09-21,112280,41.49,270588,12206,436.15
ICRA,2026-09-21,16953,61.65,27497,4701,4545.7
IDBI,2026-09-21,3501761,35.03,9995146,29158,83.06
IDEA,2026-09-21,121568417,40.71,298632816,499317,13.84
IDEAFORGE,2026-09-21,205883,45.29,454606,13938,766.05
IDFCFIRSTB,2026-09-21,11362492,56.14,20239022,77040,85.8
IDFNIFTYET,2026-09-21,2191,97.03,2258,49,259.6
IEX,2026-09-21,893435,49.28,1812910,24787,113.82
IFBAGRO,2026-09-21,2989,78.45,3810,417,870.0
IFBIND,2026-09-21,9404,47.87,19644,3206,1222.3
IFCI,2026-09-21,8241448,17.15,48066936,108916,74.25
IFGLEXPOR,2026-09-21,12511,51.83,24139,971,197.9
IGARASHI,2026-09-21,29795,48.59,61316,2876,424.25
IGCL,2026-09-21,73467,46.55,157829,1733,65.55
IGIL,2026-09-21,219878,56.26,390809,13573,323.8
IGL,2026-09-21,369853,49.98,740058,22157,148.85
IGPL,2026-09-21,117791,47.11,250011,7235,576.75
IIFL,2026-09-21,513330,51.25,1001538,33468,608.1
IIFLCAPS,2026-09-21,228125,69.24,329452,5419,344.4
IITL,2026-09-21,12289,12.68,96953,984,143.02
IKIO,2026-09-21,77817,42.62,182568,4227,211.68
IKS,2026-09-21,94974,59.99,158305,13533,1782.8
IMAGICAA,2026-09-21,209312,41.22,507838,2437,52.87
IMFA,2026-09-21,62401,53.14,117437,7445,1238.0
IMPAL,2026-09-21,548,63.65,861,153,1077.2
INA,2026-09-21,170470,49.13,346998,3426,90.72
INCREDIBLE,2026-09-21,1528,73.29,2085,37,33.11
INDBANK,2026-09-21,22842,51.55,44312,534,25.47
INDGN,2026-09-21,113589,58.77,193265,11985,595.95
INDHOTEL,2026-09-21,1376438,46.13,2983659,58944,745.0
INDIACEM,2026-09-21,35162,37.26,94362,4699,345.0
INDIAGLYCO,2026-09-21,297770,58.1,512474,11140,255.8
INDIAMART,2026-09-21,27753,55.82,49716,9371,1631.4
INDIANB,2026-09-21,197904,54.5,363123,20524,841.0
INDIANCARD,2026-09-21,738,56.9,1297,61,206.05
INDIANHUME,2026-09-21,7718,65.1,11855,753,362.95
INDIASHLTR,2026-09-21,16411,48.93,33541,2323,674.6
INDIGO,2026-09-21,210703,47.14,447018,30774,4941.0
INDIGOPNTS,2026-09-21,27379,46.78,58521,6233,1130.5
INDIQUBE,2026-09-21,20597,61.93,33260,1005,188.34
INDNIPPON,2026-09-21,21109,46.15,45736,5009,1238.6
INDOBORAX,2026-09-21,20003,47.48,42128,2672,463.85
INDOCO,2026-09-21,69905,33.46,208896,5710,257.59
INDOFARM,2026-09-21,94314,30.04,313924,5009,143.36
INDOKEM,2026-09-21,2448,70.12,3491,180,614.6
INDOMIM,2026-09-21,1182853,26.93,4392066,128158,1161.45
INDORAMA,2026-09-21,2126871,15.39,13822935,86712,106.55
INDOSTAR,2026-09-21,21787,57.19,38098,1261,235.45
INDOTECH,2026-09-21,9900,70.86,13972,2586,3313.5
INDOTHAI,2026-09-21,1256879,49.78,2524843,6464,34.08
INDOUS,2026-09-21,3280,84.69,3873,66,78.5
INDOWIND,2026-09-21,48171,74.36,64785,303,8.92
INDPRUD,2026-09-21,31,100.0,31,11,6295.5
INDRAMEDCO,2026-09-21,124298,56.61,219559,7427,365.95
INDSWFTLAB,2026-09-21,358489,47.0,762788,15107,379.4
INDTERRAIN,2026-09-21,14211,50.98,27878,295,29.02
INDUSINDBK,2026-09-21,321843,54.73,588104,21043,956.0
INDUSTOWER,2026-09-21,820191,48.38,1695335,28726,377.65
INFOBEAN,2026-09-21,52262,44.83,116567,2208,152.45
INFOMEDIA,2026-09-21,13920,77.42,17981,87,5.48
INFRA,2026-09-21,14372,80.67,17816,182,11.85
INFRABEES,2026-09-21,5484,48.56,11294,539,936.29
INFRAIETF,2026-09-21,256736,84.33,304453,6813,93.16
INFY,2026-09-21,2838303,46.73,6074358,132434,1038.5
INGERRAND,2026-09-21,10628,46.52,22846,4549,4206.4
INNOVACAP,2026-09-21,41760,38.13,109529,13728,1198.3
INNOVANA,2026-09-21,894,4.55,19663,431,304.5
INNOVISION,2026-09-21,4883,58.26,8382,529,253.3
INOXGREEN,2026-09-21,676444,49.18,1375416,9287,172.34
INOXINDIA,2026-09-21,110461,60.43,182791,16638,2089.2
INOXWIND,2026-09-21,6071895,53.76,11293611,26717,77.5
INSECTICID,2026-09-21,19690,62.92,31293,1634,598.95
INSPIRISYS,2026-09-21,8963,94.74,9461,73,87.15
INSUREIETF,2026-09-21,16641,30.41,54726,139,15.22
INTELLECT,2026-09-21,92654,41.82,221574,12100,659.1
INTENTECH,2026-09-21,15471,51.6,29981,536,81.26
INTERARCH,2026-09-21,15972,49.47,32288,3488,1709.4
INTERNET,2026-09-21,84386,55.4,152314,320,14.8
INTLCONV,2026-09-21,18441,58.45,31548,1280,75.35
INVENTURE,2026-09-21,262274,53.52,490044,376,0.89
IOB,2026-09-21,806014,57.97,1390442,8049,32.06
IOC,2026-09-21,5138576,59.64,8616145,65134,136.53
IOLCP,2026-09-21,879051,36.16,2431309,24275,202.91
IONEXCHANG,2026-09-21,104331,51.49,202622,11653,432.25
IPCALAB,2026-09-21,105727,61.01,173299,27134,2008.2
IPL,2026-09-21,110208,40.78,270227,3429,134.43
IPRINGLTD,2026-09-21,701,96.69,725,101,140.42
IRB,2026-09-21,9580479,55.37,17302777,30598,18.1
IRCON,2026-09-21,541331,34.8,1555449,20015,108.85
IRCTC,2026-09-21,223755,42.36,528264,20935,470.7
IREDA,2026-09-21,1294097,43.57,2970335,23740,111.0
IRFC,2026-09-21,2369497,45.45,5213459,37255,80.22
IRIS,2026-09-21,10023,47.53,21086,767,245.37
IRISDOREME,2026-09-21,315120,23.72,1328423,4810,64.81
IRMENERGY,2026-09-21,17875,47.73,37451,2149,271.75
ISFT,2026-09-21,29226,17.71,165042,1707,92.09
ISGEC,2026-09-21,245249,41.37,592841,35712,852.85
ISHANCH,2026-09-21,9312,51.26,18167,279,49.7
ISTLTD,2026-09-21,750,79.53,943,139,652.0
IT,2026-09-21,90156,45.89,196482,1025,32.14
ITADD,2026-09-21,1469421,96.9,1516443,833,30.63
ITAXIS,2026-09-21,2752,53.35,5158,43,321.5
ITBEES,2026-09-21,3137857,39.79,7886356,14752,32.12
ITBETA,2026-09-21,251,83.95,299,33,304.29
ITC,2026-09-21,4685983,54.09,8662786,96913,267.0
ITCHOTELS,2026-09-21,1009875,48.44,2084859,31155,155.86
ITDC,2026-09-21,19891,38.93,51090,4911,651.95
ITETF,2026-09-21,63103,35.83,176129,736,30.59
ITI,2026-09-21,40944,46.45,88140,3128,255.25
ITIETF,2026-09-21,163315,51.17,319188,1437,32.13
ITL,2026-09-21,58,62.37,93,11,363.9
IVALUE,2026-09-21,280565,42.93,653589,18669,221.33
IVC,2026-09-21,130352,63.49,205327,1081,7.83
IVZBANKNF,2026-09-21,442,92.66,477,10,56.39
IVZINGOLD,2026-09-21,19475,69.02,28217,268,132.05
IVZINNIFTY,2026-09-21,113,68.9,164,36,268.95
IVZSENSEX,2026-09-21,297,83.19,357,26,75.13
IWP,2026-09-21,6163,75.91,8119,74,33.84
IXIGO,2026-09-21,230038,58.35,394229,6484,160.98
IZMO,2026-09-21,41623,43.59,95496,6944,930.1
J&KBANK,2026-09-21,1697647,56.99,2978836,31279,145.95
JAGRAN,2026-09-21,94135,65.83,143003,1674,62.53
JAGSNPHARM,2026-09-21,28218,56.12,50279,1876,226.81
JAIBALAJI,2026-09-21,867032,71.18,1218072,4987,63.56
JAICORPLTD,2026-09-21,169092,38.57,438368,7212,95.02
JAINREC,2026-09-21,330336,40.45,816718,17469,272.75
JAIPURKURT,2026-09-21,2321,81.58,2845,34,24.9
JAMNAAUTO,2026-09-21,855022,44.62,1916078,26127,129.24
JARO,2026-09-21,24162,19.53,123709,4056,474.85
JASH,2026-09-21,1084698,7.39,14684581,287230,575.9
JAYAGROGN,2026-09-21,12406,52.86,23470,801,235.12
JAYBARMARU,2026-09-21,151889,64.05,237132,5394,109.85
JAYKAY,2026-09-21,883789,19.94,4432715,58709,187.56
JAYNECOIND,2026-09-21,2061530,48.25,4272968,19999,91.6
JAYSREETEA,2026-09-21,12737,52.4,24305,292,90.26
JBMA,2026-09-21,86593,50.59,171182,8984,592.05
JENBURPH,2026-09-21,1036,77.54,1336,135,979.6
JETFREIGHT,2026-09-21,279708,62.81,445321,1725,21.47
JGCHEM,2026-09-21,96974,35.47,273375,13717,618.0
JHS,2026-09-21,31683,63.64,49785,238,8.54
JINDALPHOT,2026-09-21,842,60.88,1383,227,1111.8
JINDALPOLY,2026-09-21,14432,33.02,43706,2996,741.5
JINDALSAW,2026-09-21,574808,52.4,1096972,26919,293.05
JINDALSTEL,2026-09-21,316008,44.61,708371,26839,1130.6
JINDRILL,2026-09-21,106054,42.68,248501,9411,576.5
JINDWORLD,2026-09-21,772048,15.79,4890463,11758,49.81
JIOFIN,2026-09-21,2926722,49.92,5862734,56581,229.97
JISLDVREQS,2026-09-21,10618,52.16,20356,185,21.0
JISLJALEQS,2026-09-21,1779113,39.1,4549822,12306,30.96
JITFINFRA,2026-09-21,4910,47.49,10338,778,282.25
JKCEMENT,2026-09-21,13784,61.45,22433,4740,5087.0
JKIL,2026-09-21,37273,80.79,46135,2018,479.5
JKIPL,2026-09-21,15776,66.79,23622,379,101.9
JKLAKSHMI,2026-09-21,49038,68.18,71926,5582,515.75
JKPAPER,2026-09-21,99897,43.65,228863,8340,422.9
JKTYRE,2026-09-21,160343,39.63,404612,11471,346.9
JLHL,2026-09-21,49606,59.67,83129,3958,275.55
JMA,2026-09-21,12177,66.22,18388,402,88.3
JMFINANCIL,2026-09-21,922100,57.91,1592218,17398,126.26
JNKINDIA,2026-09-21,62853,64.89,96858,3584,409.0
JNPR,2026-09-21,355161,48.85,727077,35026,270.9
JOCIL,2026-09-21,2985,65.27,4573,157,143.28
JPOLYINVST,2026-09-21,873,57.1,1529,375,974.75
JPPOWER,2026-09-21,72932713,12.41,587859403,1459379,16.48
JSFB,2026-09-21,431655,51.69,835023,15358,531.3
JSL,2026-09-21,679769,65.59,1036372,37003,751.45
JSLL,2026-09-21,91393,40.94,223216,11525,508.1
JSWCEMENT,2026-09-21,2361161,61.12,3863414,61860,116.36
JSWDULUX,2026-09-21,4959,45.62,10870,3920,3159.5
JSWENERGY,2026-09-21,1058399,63.27,1672819,18952,517.0
JSWHL,2026-09-21,564,52.17,1081,522,11205.0
JSWINFRA,2026-09-21,2702874,62.8,4303920,53848,349.6
JSWSTEEL,2026-09-21,508950,54.01,942361,26304,1268.6
JTEKTINDIA,2026-09-21,125777,63.66,197576,2668,115.37
JTLIND,2026-09-21,785942,43.49,1807365,17630,88.92
JUBLCPL,2026-09-21,8899,45.07,19744,2956,2111.4
JUBLFOOD,2026-09-21,1113898,50.63,2200207,46057,487.05
JUBLINGREA,2026-09-21,135903,48.83,278328,16300,627.25
JUBLPHARMA,2026-09-21,113624,37.3,304587,22253,1049.25
JUNIORBEES,2026-09-21,151955,63.17,240546,10186,782.31
JUNIPER,2026-09-21,80629,49.03,164455,4774,222.92
JUSTDIAL,2026-09-21,54879,38.18,143726,6984,682.7
JWL,2026-09-21,230291,46.67,493430,12326,228.06
JYOTHYLAB,2026-09-21,159692,51.89,307776,5738,194.67
JYOTICNC,2026-09-21,1004777,17.56,5723374,191801,1113.85
JYOTIRES,2026-09-21,1451,46.18,3142,469,842.45
JYOTISTRUC,2026-09-21,1493130,55.05,2712203,3411,9.08
KABRAEXTRU,2026-09-21,90410,54.52,165822,6917,676.1
KAJARIACER,2026-09-21,64994,67.65,96077,9140,1200.5
KAKATCEM,2026-09-21,1763,64.72,2724,164,108.85
KALAMANDIR,2026-09-21,205866,53.35,385894,4082,79.14
KALPATARU,2026-09-21,23791,55.51,42859,1132,269.9
KALYANKJIL,2026-09-21,1644465,37.04,4439649,42380,581.5
KAMAHOLD,2026-09-21,1969,66.25,2972,339,2250.0
KAMANWALA,2026-09-21,1740,99.83,1743,15,17.4
KAMATHOTEL,2026-09-21,63782,65.38,97551,3203,236.44
KAMDHENU,2026-09-21,1826751,60.01,3044269,9641,42.48
KAMOPAINTS,2026-09-21,191469,76.32,250874,745,4.34
KANANIIND,2026-09-21,96861,70.24,137903,229,1.42
KANCHI,2026-09-21,1072,77.79,1378,108,384.95
KANCOTEA,2026-09-21,57,69.51,82,6,54.59
KANOHAR,2026-09-21,1297165,11.37,11408025,320254,866.95
KANPRPLA,2026-09-21,12943,55.6,23278,996,254.8
KANSAINER,2026-09-21,62208,59.46,104622,2997,182.27
KAPSTON,2026-09-21,19283,62.84,30688,1741,577.95
KARAMTARA,2026-09-21,2634137,26.81,9825881,135408,356.95
KARMAENG,2026-09-21,2322,69.29,3351,146,41.02
KARURVYSYA,2026-09-21,1182731,59.53,1986921,31999,326.15
KAYNES,2026-09-21,258399,22.85,1131072,71658,3650.0
KCP,2026-09-21,125552,79.0,158936,2279,159.42
KDDL,2026-09-21,42925,66.19,64856,7202,4006.8
KDGREEN,2026-09-21,50889,44.94,113250,527,51.41
KEC,2026-09-21,161018,50.02,321934,10531,403.3
KECL,2026-09-21,47492,61.42,77327,1871,118.43
KEEPLEARN,2026-09-21,17383,96.97,17927,101,1.88
KEI,2026-09-21,110733,49.94,221739,25456,4596.0
KELLTONTEC,2026-09-21,523228,37.74,1386412,3207,13.69
KENNAMET,2026-09-21,7418,39.54,18761,4476,4348.3
KERNEX,2026-09-21,72876,43.3,168299,14403,1779.7
KEYFINSERV,2026-09-21,846,58.91,1436,58,241.45
KFINTECH,2026-09-21,252838,43.11,586492,24158,896.7
KHAICHEM,2026-09-21,115082,63.97,179886,1997,49.55
KHAITANLTD,2026-09-21,1219,74.1,1645,63,149.65
KHANDSE,2026-09-21,3820,64.1,5959,188,17.15
KICL,2026-09-21,457,72.31,632,190,4954.0
KIMS,2026-09-21,242259,53.7,451093,17143,788.85
KINGFA,2026-09-21,9511,48.48,19618,6720,6062.0
KIOCL,2026-09-21,15394,45.82,33595,1851,341.0
KIRANVYPAR,2026-09-21,12250,96.04,12755,108,207.89
KIRIINDUS,2026-09-21,217405,38.92,558634,14719,537.5
KIRLFER,2026-09-21,96480,55.26,174585,9160,480.5
KIRLOSBROS,2026-09-21,9638,55.77,17281,5089,1797.0
KIRLOSENG,2026-09-21,191353,58.31,328154,27136,2132.4
KIRLOSIND,2026-09-21,3434,45.11,7613,1588,3722.2
KIRLPNU,2026-09-21,105201,50.85,206889,17565,714.45
KISSHT,2026-09-21,710878,39.06,1819776,46673,362.5
KITEX,2026-09-21,210132,54.78,383610,4713,116.12
KJMCFIN,2026-09-21,831,88.88,935,22,64.97
KKCL,2026-09-21,8899,70.24,12670,696,486.0
KLBRENG-B,2026-09-21,227744,64.6,352527,7602,460.0
KMCSHIL,2026-09-21,258686,20.92,1236500,20090,160.45
KMEW,2026-09-21,45926,24.78,185363,27411,2878.9
KMSUGAR,2026-09-21,69142,46.09,150001,1129,28.69
KNACK,2026-09-21,542267,71.66,756687,4414,182.66
KNAGRI,2026-09-21,7371,74.33,9916,264,202.63
KNRCON,2026-09-21,755680,51.19,1476166,15821,121.93
KOHINOOR,2026-09-21,25206,36.08,69856,1999,30.76
KOKUYOCMLN,2026-09-21,14176,72.38,19586,373,76.25
KOLTEPATIL,2026-09-21,34047,43.16,78892,3539,426.4
KOPRAN,2026-09-21,370516,29.1,1273097,25733,282.98
KOTAKBANK,2026-09-21,5349362,63.15,8470861,108147,414.8
KOTHARIPET,2026-09-21,22877,55.85,40964,949,136.05
KOTHARIPRO,2026-09-21,1736,83.66,2075,69,63.23
KOTIC,2026-09-21,17873,24.29,73582,1454,145.25
KOVAI,2026-09-21,2449,48.44,5056,1711,6179.0
KPEL,2026-09-21,351397,34.9,1006990,21180,232.32
KPIGREEN,2026-09-21,1842753,10.06,18325693,245410,321.4
KPIL,2026-09-21,193549,71.61,270284,19228,1439.1
KPITTECH,2026-09-21,676559,30.43,2223576,35087,536.8
KPL,2026-09-21,53537,31.3,171018,25313,3844.9
KPRMILL,2026-09-21,184631,53.53,344897,28454,1119.3
KRBL,2026-09-21,131249,50.83,258237,6447,393.15
KREBSBIO,2026-09-21,6154,83.68,7354,255,56.22
KRIDHANINF,2026-09-21,24443,84.22,29022,103,1.86
KRISHANA,2026-09-21,488975,48.59,1006347,9062,182.4
KRISHIVAL,2026-09-21,3076,78.87,3900,210,417.1
KRISHNADEF,2026-09-21,27026,48.38,55862,5300,1037.6
KRITI,2026-09-21,20757,90.63,22902,297,59.01
KRITIKA,2026-09-21,78988,82.89,95290,412,5.1
KRITINUT,2026-09-21,2172,66.18,3282,112,81.29
KRN,2026-09-21,88329,60.74,145432,14307,1416.5
KROSS,2026-09-21,1163856,22.69,5129120,94466,256.93
KRSNAA,2026-09-21,53612,49.32,108712,5457,554.65
KRYSTAL,2026-09-21,9820,41.0,23952,1485,652.2
KSB,2026-09-21,54212,49.35,109844,11502,802.6
KSCL,2026-09-21,38965,62.04,62802,3283,710.65
KSE,2026-09-21,6987,82.51,8468,270,180.32
KSHINTL,2026-09-21,160585,57.38,279845,17952,1032.15
KSHITIJPOL,2026-09-21,3054187,51.3,5953754,3085,4.4
KSL,2026-09-21,26312,43.57,60394,4798,944.45
KSOLVES,2026-09-21,19069,65.16,29265,1556,252.15
KTKBANK,2026-09-21,877753,65.62,1337604,20735,314.55
KUANTUM,2026-09-21,163742,46.49,352233,3915,80.74
KUSUMGAR,2026-09-21,140906,37.5,375724,18000,610.35
KWIL,2026-09-21,3646171,36.19,10076147,31222,42.09
LAGNAM,2026-09-21,15873,82.2,19310,169,75.5
LAHOTIOV,2026-09-21,2633,83.14,3167,45,39.89
LAKSHMIMIL,2026-09-21,37,92.5,40,23,7750.0
LAL,2026-09-21,15988,80.12,19956,141,8.61
LALITHAA,2026-09-21,6650637,58.83,11305222,31056,320.1
LALPATHLAB,2026-09-21,129266,60.32,214308,35675,1920.4
LAMBODHARA,2026-09-21,3762,34.39,10938,312,120.61
LANCER,2026-09-21,379730,83.34,455614,1040,11.8
LANDMARK,2026-09-21,25825,42.03,61438,3230,502.1
LANDSMILL,2026-09-21,1572548,64.82,2426075,1199,0.55
LAOPALA,2026-09-21,73417,62.13,118158,4232,161.59
LARGEMID50,2026-09-21,635,99.53,638,10,35.63
LASERPOWER,2026-09-21,216009,53.85,401148,8666,275.95
LATENTVIEW,2026-09-21,213263,58.45,364836,7836,252.45
LATTEYS,2026-09-21,43355,71.27,60828,294,20.19
LAURUSLABS,2026-09-21,1014101,46.73,2170267,66545,2017.5
LAXMICOT,2026-09-21,6761,69.24,9765,64,12.94
LAXMIDENTL,2026-09-21,28303,57.77,48994,2468,194.9
LAXMIINDIA,2026-09-21,49427,64.48,76654,1427,125.32
LCCINFOTEC,2026-09-21,144504,62.29,231987,324,3.53
LCCPROJECT,2026-09-21,2468920,52.38,4713207,36162,141.33
LCL,2026-09-21,328580,49.0,670596,31039,560.35
LEAPIND,2026-09-21,1553804,36.87,4214622,49533,145.9
LEMERITE,2026-09-21,123544,46.78,264103,668,18.35
LEMONTREE,2026-09-21,1965411,50.08,3924930,32318,105.99
LENSKART,2026-09-21,37390026,83.27,44904580,113670,683.85
LEXUS,2026-09-21,9003,75.92,11858,117,13.24
LFIC,2026-09-21,926,55.85,1658,79,132.52
LGBBROSLTD,2026-09-21,10783,56.23,19176,3359,1731.4
LGEINDIA,2026-09-21,416216,62.22,668976,38449,1656.3
LGHL,2026-09-21,565,9.46,5975,164,177.2
LIBAS,2026-09-21,144382,62.58,230732,469,12.79
LIBERTSHOE,2026-09-21,8443,72.65,11622,453,220.75
LICHSGFIN,2026-09-21,1568350,41.83,3749732,51400,568.0
LICI,2026-09-21,4521291,61.25,7381704,102834,400.0
LICMFGOLD,2026-09-21,18523,56.6,32725,520,136.45
LICNETFGSC,2026-09-21,31258,92.86,33660,94,29.27
LICNETFN50,2026-09-21,769,60.41,1273,38,264.18
LICNETFSEN,2026-09-21,7,87.5,8,6,843.34
LICNFNHGP,2026-09-21,293,93.61,313,16,270.2
LICNMID100,2026-09-21,2387,70.1,3405,117,62.5
LIKHITHA,2026-09-21,16578,53.41,31041,1018,218.6
LINC,2026-09-21,146770,96.48,152127,605,91.57
LINCOLN,2026-09-21,6878,53.06,12962,1216,601.55
LINDEINDIA,2026-09-21,8210,60.45,13582,3361,6276.5
LIQGRWBEES,2026-09-21,422581,99.27,425677,170,1056.31
LIQUID,2026-09-21,52304,41.02,127521,281,999.99
LIQUID1,2026-09-21,601492,63.67,944633,555,1123.51
LIQUIDADD,2026-09-21,320829,69.25,463275,296,1145.63
LIQUIDBEES,2026-09-21,6236836,93.98,6636668,4086,1000.0
LIQUIDBETA,2026-09-21,500,99.4,503,3,1008.83
LIQUIDBETF,2026-09-21,187823,83.52,224892,131,1099.64
LIQUIDCASE,2026-09-21,12336405,68.55,17997111,19835,116.01
LIQUIDETF,2026-09-21,30710,59.57,51555,147,1000.0
LIQUIDIETF,2026-09-21,338593,64.73,523089,166,999.99
LIQUIDPLUS,2026-09-21,78085,68.87,113378,217,1104.06
LIQUIDSBI,2026-09-21,1218,65.7,1854,25,999.99
LIQUIDSHRI,2026-09-21,10858,93.73,11584,15,1122.28
LKPSEC,2026-09-21,1037,72.87,1423,35,15.06
LLOYDSENGG,2026-09-21,3601391,52.79,6822209,30348,85.01
LLOYDSENT,2026-09-21,1706734,54.54,3129294,12725,70.49
LLOYDSME,2026-09-21,141930,61.92,229204,9700,1824.6
LMW,2026-09-21,1839,55.03,3342,1638,17313.0
LODHA,2026-09-21,149676,33.13,451750,17666,1138.0
LOKESHMACH,2026-09-21,12693,53.17,23872,1504,336.15
LORDSCHLO,2026-09-21,8597,50.31,17089,675,138.3
LOTUSCHO,2026-09-21,464,67.94,683,88,577.8
LOTUSEYE,2026-09-21,4649,75.5,6158,173,114.68
LOVABLE,2026-09-21,3707,46.89,7906,249,70.44
LOWVOL,2026-09-21,898,54.46,1649,20,200.33
LOWVOL1,2026-09-21,479667,65.46,732784,14063,20.48
LOWVOLIETF,2026-09-21,2619610,90.25,2902659,15137,21.5
LOYALTEX,2026-09-21,1,100.0,1,1,202.54
LPDC,2026-09-21,119236,72.28,164963,435,6.87
LT,2026-09-21,602408,63.59,947371,65431,3904.8
LTF,2026-09-21,1337139,51.08,2617760,41864,307.8
LTFOODS,2026-09-21,141940,35.12,404149,16071,430.8
LTGILTBEES,2026-09-21,675414,71.2,948555,724,29.75
LTGILTCASE,2026-09-21,312118,99.27,314405,292,30.3
LTM,2026-09-21,99078,36.5,271418,21673,4280.0
LTTS,2026-09-21,23813,53.86,44214,11238,3307.0
LUMAXIND,2026-09-21,4131,61.82,6682,1942,5778.0
LUMAXTECH,2026-09-21,34598,46.38,74594,15010,2068.8
LUMINO,2026-09-21,3103885,19.9,15597333,64500,113.36
LUPIN,2026-09-21,233246,54.35,429137,37054,2124.5
LUXIND,2026-09-21,76960,23.44,328369,26837,1192.4
LXCHEM,2026-09-21,170879,42.72,400018,7442,177.62
M&M,2026-09-21,681010,64.44,1056850,52673,3055.3
M&MFIN,2026-09-21,564445,53.4,1057055,28774,354.7
MAANALU,2026-09-21,18961,61.67,30746,865,105.12
MACPOWER,2026-09-21,89243,40.29,221525,21132,1955.3
MADHAV,2026-09-21,235,69.53,338,16,35.25
MADHAVIPL,2026-09-21,54008,84.81,63684,320,7.74
MADHUCON,2026-09-21,16720,82.43,20283,77,4.02
MADRASFERT,2026-09-21,13548,34.86,38859,899,61.43
MAFANG,2026-09-21,648516,39.51,1641244,27765,243.36
MAFATIND,2026-09-21,22363,78.12,28628,295,122.59
MAGADSUGAR,2026-09-21,23408,50.84,46046,2980,488.8
MAGNUM,2026-09-21,1521,72.88,2087,52,19.27
MAHABANK,2026-09-21,3798514,48.06,7904383,43825,82.2
MAHAPEXLTD,2026-09-21,1194,43.1,2770,71,54.36
MAHEPC,2026-09-21,30569,62.88,48613,799,99.27
MAHESHWARI,2026-09-21,9367,90.63,10336,88,72.0
MAHKTECH,2026-09-21,682562,60.96,1119768,6329,21.77
MAHLIFE,2026-09-21,43478,44.96,96705,7838,362.65
MAHLOG,2026-09-21,48101,60.15,79972,4958,399.3
MAHSCOOTER,2026-09-21,1310,31.31,4184,1436,13609.0
MAHSEAMLES,2026-09-21,108819,41.57,261787,13082,706.95
MAITHANALL,2026-09-21,20902,54.08,38649,2763,998.25
MAKEINDIA,2026-09-21,13524,43.42,31148,487,162.68
MAKERSL,2026-09-21,1295,47.31,2737,158,190.37
MALLCOM,2026-09-21,2037,88.18,2310,180,967.8
MALUPAPER,2026-09-21,3124,74.47,4195,47,32.12
MAMATA,2026-09-21,18005,55.54,32416,1720,404.3
MANAKALUCO,2026-09-21,44746,83.34,53690,613,35.43
MANAKCOAT,2026-09-21,484291,41.33,1171795,15514,135.19
MANAKSIA,2026-09-21,16730,61.39,27252,678,63.27
MANALIPETC,2026-09-21,1009893,19.13,5278521,32296,86.71
MANAPPURAM,2026-09-21,1216377,45.56,2669726,27780,315.1
MANBA,2026-09-21,294503,63.42,464372,3307,136.73
MANCREDIT,2026-09-21,11620,8.97,129481,1507,226.68
MANGALAM,2026-09-21,79916,67.57,118280,815,32.66
MANGLMCEM,2026-09-21,20222,57.59,35115,1750,1010.1
MANINDS,2026-09-21,346660,44.43,780257,29303,859.75
MANINFRA,2026-09-21,493926,41.77,1182512,5901,123.22
MANIPALHOS,2026-09-21,228252,47.33,482247,16234,747.15
MANKIND,2026-09-21,326464,24.31,1342757,64158,2437.8
MANOMAY,2026-09-21,40292,23.32,172762,4966,224.96
MANORAMA,2026-09-21,63882,50.91,125476,15486,1923.0
MANORG,2026-09-21,3991,77.62,5142,479,464.15
MANUFGBEES,2026-09-21,5539,84.73,6537,99,160.43
MANUGRAPH,2026-09-21,195789,38.7,505868,3362,18.85
MANYAVAR,2026-09-21,79246,46.97,168703,15933,536.7
MAPMYINDIA,2026-09-21,41542,40.13,103519,7570,900.5
MARALOVER,2026-09-21,22108,60.25,36696,454,56.87
MARATHON,2026-09-21,30670,39.21,78220,3621,417.65
MARICO,2026-09-21,816395,48.82,1672296,28542,824.4
MARINE,2026-09-21,546267,29.93,1825343,46434,415.8
MARKOLINES,2026-09-21,49860,28.6,174363,1214,169.76
MARKSANS,2026-09-21,1183945,37.12,3189102,55465,338.1
MARSONS,2026-09-21,350352,19.15,1829501,16127,127.33
MARUTI,2026-09-21,208063,61.34,339171,39298,12153.0
MASFIN,2026-09-21,74326,56.81,130822,7169,292.15
MASKINVEST,2026-09-21,144,97.96,147,13,145.0
MASPTOP50,2026-09-21,2123603,23.88,8891022,61737,113.25
MASTEK,2026-09-21,16516,43.77,37730,4842,1589.2
MASTERTR,2026-09-21,47099,33.06,142481,1231,87.68
MATRIMONY,2026-09-21,25489,73.83,34526,1339,549.8
MAWANASUG,2026-09-21,41821,37.94,110224,3188,125.45
MAXESTATES,2026-09-21,175552,55.82,314471,11375,597.9
MAXHEALTH,2026-09-21,487723,50.53,965254,35309,1066.6
MAXIND,2026-09-21,31822,49.56,64212,1927,152.0
MAYURUNIQ,2026-09-21,47247,53.77,87870,4398,751.25
MAZDOCK,2026-09-21,238103,37.22,639638,31279,2232.0
MBAPL,2026-09-21,232525,42.87,542430,4921,160.76
MBEL,2026-09-21,54707,54.39,100586,3814,255.05
MBLINFRA,2026-09-21,25673,90.07,28502,92,21.76
MCCHRLS-B,2026-09-21,5522,99.96,5524,119,664.65
MCL,2026-09-21,21624,64.76,33392,775,55.75
MCLEODRUSS,2026-09-21,32416,100.0,32416,62,46.54
MCLOUD,2026-09-21,309319,41.9,738192,2881,25.0
MCX,2026-09-21,438455,34.6,1267161,61554,3209.0
MEDANTA,2026-09-21,156383,48.58,321886,30659,1508.1
MEDIASSIST,2026-09-21,497060,65.59,757836,12508,336.6
MEDICO,2026-09-21,128003,72.06,177622,1227,34.06
MEDPLUS,2026-09-21,40169,60.05,66888,4188,660.7
MEESHO,2026-09-21,5222924,47.73,10943685,70998,219.15
MEGASTAR,2026-09-21,3423,65.45,5230,258,275.95
MEIL,2026-09-21,32976,42.81,77033,1948,267.25
MERCANTILE,2026-09-21,120,60.0,200,30,22.82
MERCURYEV,2026-09-21,303424,71.87,422185,3391,39.81
METAL,2026-09-21,2626079,76.7,3423679,9548,13.12
METALIETF,2026-09-21,2761999,53.69,5144235,10646,13.05
METROBRAND,2026-09-21,43680,61.97,70488,14219,939.05
METROGLOBL,2026-09-21,1271,93.66,1357,29,132.01
METROPOLIS,2026-09-21,105266,56.76,185451,14901,593.4
MFML,2026-09-21,3113,52.94,5880,74,18.82
MFSL,2026-09-21,300714,56.28,534288,43450,1569.0
MGEL,2026-09-21,231616,80.69,287061,603,15.78
MGL,2026-09-21,34467,52.85,65214,7997,1077.8
MHRIL,2026-09-21,60448,47.83,126373,4580,201.37
MID150,2026-09-21,23610,72.23,32686,198,23.2
MID150BEES,2026-09-21,257381,71.94,357778,6881,236.51
MID150CASE,2026-09-21,756700,76.42,990181,4731,11.52
MIDBANKADD,2026-09-21,1713,91.26,1877,46,17.12
MIDCAP,2026-09-21,170016,65.63,259071,947,18.26
MIDCAPADD,2026-09-21,23944,90.01,26602,152,22.96
MIDCAPBETA,2026-09-21,2095,88.36,2371,36,230.76
MIDCAPETF,2026-09-21,682371,56.77,1201911,5564,23.34
MIDCAPIETF,2026-09-21,2683838,84.65,3170629,2666,23.63
MIDHANI,2026-09-21,544311,42.02,1295356,28180,418.55
MIDQ50ADD,2026-09-21,34116,87.02,39203,132,24.39
MIDSELIETF,2026-09-21,97071,59.79,162353,692,19.7
MIDSMALL,2026-09-21,122004,50.2,243055,759,51.37
MIDWESTLTD,2026-09-21,4444,39.03,11386,1515,988.3
MIIL,2026-09-21,24683,35.4,69729,911,703.6
MILKYMIST,2026-09-21,2147090,37.16,5777865,33423,287.77
MINDACORP,2026-09-21,102108,61.57,165847,17395,679.6
MINDTECK,2026-09-21,13416,49.55,27074,1094,155.72
MIRZAINT,2026-09-21,55703,65.18,85455,1117,29.16
MITCON,2026-09-21,5806,82.58,7031,51,79.86
MITTAL,2026-09-21,2159048,60.29,3580935,518,0.76
MKEXIM,2026-09-21,15723,75.15,20923,414,65.87
MKPL,2026-09-21,40722,62.16,65516,393,3.98
MLKFOOD,2026-09-21,1975,66.48,2971,76,81.62
MMFL,2026-09-21,19451,57.81,33645,2870,612.85
MMP,2026-09-21,30662,39.29,78037,2766,477.7
MMTC,2026-09-21,336460,44.85,750235,5323,59.79
MMWL,2026-09-21,6915,64.85,10663,109,13.19
MNC,2026-09-21,15346,65.99,23255,413,32.58
MOALPHA50,2026-09-21,12887,98.59,13071,59,55.69
MOBANK10,2026-09-21,3198,93.56,3418,81,16.73
MOBIKWIK,2026-09-21,722719,27.13,2664277,32395,209.57
MOCAPITAL,2026-09-21,431027,58.34,738794,4112,52.93
MODEFENCE,2026-09-21,450196,47.87,940365,8326,103.27
MODINATUR,2026-09-21,2478,63.55,3899,242,349.75
MODIRUBBER,2026-09-21,601,66.93,898,54,123.51
MODIS,2026-09-21,10205,58.99,17300,892,346.6
MODTHREAD,2026-09-21,1708,89.24,1914,54,47.05
MOENERGY,2026-09-21,56144,82.24,68265,701,37.99
MOGOLD,2026-09-21,11824,51.78,22834,436,150.05
MOGSEC,2026-09-21,36315,97.82,37124,83,65.3
MOHEALTH,2026-09-21,62451,17.76,351554,979,53.06
MOHITE,2026-09-21,27178,68.64,39594,146,2.47
MOHITIND,2026-09-21,854,86.09,992,38,23.75
MOIL,2026-09-21,163374,50.89,321012,6420,241.35
MOINFRA,2026-09-21,463,91.87,504,37,58.41
MOIPO,2026-09-21,721,63.98,1127,47,48.42
MOKSH,2026-09-21,37447,81.42,45995,213,9.94
MOL,2026-09-21,316172,41.84,755720,6580,62.18
MOLBIO,2026-09-21,456915,25.39,1799711,63108,1218.8
MOLDTKPAC,2026-09-21,39990,58.12,68804,9855,644.85
MOLOWVOL,2026-09-21,924,88.08,1049,38,35.4
MOM100,2026-09-21,98369,61.46,160047,2497,67.1
MOM30IETF,2026-09-21,255042,71.74,355487,2830,30.91
MOM50,2026-09-21,8785,71.12,12352,210,244.97
MOMENTUM,2026-09-21,10301,68.08,15131,235,30.76
MOMENTUM30,2026-09-21,10855,83.0,13079,90,30.3
MOMENTUM50,2026-09-21,214853,60.05,357763,15426,53.81
MOMETAL,2026-09-21,801,57.63,1390,52,12.95
MOMGF,2026-09-21,4888,70.3,6953,40,162.18
MOMIDMTM,2026-09-21,17904,61.54,29095,266,64.03
MOMMIDCAP,2026-09-21,882361,96.23,916953,527,12.85
MOMNC,2026-09-21,3050,55.77,5469,19,31.65
MOMOMENTUM,2026-09-21,41447,77.22,53672,407,61.32
MON100,2026-09-21,771228,47.26,1631814,31494,330.24
MON50EQUAL,2026-09-21,14162,89.68,15791,76,32.66
MONARCH,2026-09-21,27367,70.69,38716,1046,361.7
MONEXT50,2026-09-21,1835,94.01,1952,57,72.25
MONEYBOXX,2026-09-21,19171,100.0,19171,44,57.21
MONIFTY100,2026-09-21,7254,94.96,7639,85,24.82
MONIFTY500,2026-09-21,346029,80.98,427282,1446,23.47
MONQ50,2026-09-21,1166525,27.11,4302943,35152,317.04
MONTECARLO,2026-09-21,35958,31.59,113839,4371,534.65
MOOILGAS,2026-09-21,1997,89.39,2234,53,11.05
MOPSE,2026-09-21,1074,88.98,1207,16,101.3
MOQUALITY,2026-09-21,488,64.72,754,40,193.74
MOREALTY,2026-09-21,250855,73.11,343110,1499,85.65
MOREPENLAB,2026-09-21,5079878,28.45,17854846,69141,122.35
MOSCHIP,2026-09-21,421461,42.79,984883,14922,206.05
MOSERVICE,2026-09-21,1296,95.86,1352,20,30.43
MOSILVER,2026-09-21,11466,46.69,24559,458,229.59
MOSMALL250,2026-09-21,401889,60.82,660816,2431,18.36
MOTHERSON,2026-09-21,3493655,48.09,7264642,45817,162.91
MOTILALOFS,2026-09-21,89855,32.39,277400,11533,995.0
MOTISONS,2026-09-21,7878356,17.83,44194528,50744,17.94
MOTOGENFIN,2026-09-21,52739,26.0,202867,862,26.45
MOTOUR,2026-09-21,18228,56.05,32523,180,78.01
MOVALUE,2026-09-21,16705,75.81,22034,567,110.66
MPHASIS,2026-09-21,78831,38.17,206512,22931,2296.2
MPIMANIPAL,2026-09-21,339795,39.39,862556,24227,336.6
MPSLTD,2026-09-21,5341,60.1,8887,1825,2617.2
MRF,2026-09-21,1160,47.37,2449,1940,124855.0
MRPL,2026-09-21,1025027,22.03,4653785,33325,167.03
MSCI360,2026-09-21,1131,97.42,1161,27,9.86
MSCIADD,2026-09-21,936,100.0,936,3,28.96
MSCIINDIA,2026-09-21,5226,69.09,7564,86,29.22
MSL,2026-09-21,192,100.0,192,3,136.0
MSPL,2026-09-21,223900,58.28,384149,2693,33.28
MSTCLTD,2026-09-21,55162,35.55,155179,7773,729.85
MSUMI,2026-09-21,5518050,62.21,8870613,24149,35.6
MTNL,2026-09-21,290240,64.99,446564,2030,23.65
MUFIN,2026-09-21,149209,44.48,335463,2006,132.17
MUFTI,2026-09-21,25730,71.88,35798,667,72.73
MUKANDLTD,2026-09-21,36047,64.76,55661,1132,136.03
MUKESHB,2026-09-21,18,100.0,18,3,126.42
MULTICAP,2026-09-21,89075,36.11,246684,484,16.49
MUNJALAU,2026-09-21,79725,29.06,274319,5784,105.71
MUNJALSHOW,2026-09-21,12625,56.46,22362,466,128.53
MURUDCERA,2026-09-21,24719,74.53,33166,332,28.3
MUTHOOTCAP,2026-09-21,6302,72.77,8660,512,228.87
MUTHOOTFIN,2026-09-21,249380,57.48,433892,41757,2854.2
MUTHOOTMF,2026-09-21,70274,53.73,130793,3406,188.75
MVELECTRO,2026-09-21,477227,11.22,4254269,109758,882.2
MVGJL,2026-09-21,130076,33.01,394003,9637,214.51
MWL,2026-09-21,523677,20.75,2523325,14543,42.56
NACLIND,2026-09-21,298998,57.13,523366,9106,143.9
NAGREEKCAP,2026-09-21,36919,58.94,62641,432,29.06
NAGREEKEXP,2026-09-21,943,97.22,970,26,21.65
NAHARCAP,2026-09-21,245,63.47,386,49,255.75
NAHARINDUS,2026-09-21,19452,55.43,35091,678,131.7
NAHARPOLY,2026-09-21,3685,69.12,5331,559,223.41
NAHARSPING,2026-09-21,15872,64.89,24459,859,279.9
NAM-INDIA,2026-09-21,332265,50.76,654535,30412,1146.7
NARMADA,2026-09-21,332016,78.09,425194,761,13.47
NATCOPHARM,2026-09-21,272852,60.45,451347,39279,816.3
NATHBIOGEN,2026-09-21,106086,96.5,109938,299,151.8
NATIONALUM,2026-09-21,1521901,51.39,2961381,41909,352.5
NATIONSTD,2026-09-21,12245,83.68,14633,403,114.76
NAUKRI,2026-09-21,919583,54.17,1697517,55689,1296.4
NAVA,2026-09-21,126696,67.03,189000,11096,554.65
NAVINFLUOR,2026-09-21,61541,62.01,99240,19241,8486.5
NAVKARCORP,2026-09-21,129919,58.43,222333,2676,88.58
NAVKARURB,2026-09-21,459724,84.08,546782,199,0.87
NAVNETEDUL,2026-09-21,101272,72.8,139117,1837,126.82
NAZARA,2026-09-21,249016,56.02,444543,8820,367.25
NBCC,2026-09-21,1732944,39.5,4386703,27639,83.15
NBIFIN,2026-09-21,6050,99.46,6083,38,1945.0
NCC,2026-09-21,1674672,49.86,3358897,35070,136.03
NCLIND,2026-09-21,10678,52.51,20336,563,175.68
NDGL,2026-09-21,205,71.93,285,72,2580.6
NDL,2026-09-21,439362,52.31,839999,1226,2.79
NDLVENTURE,2026-09-21,3372,88.9,3793,106,124.64
NDRAUTO,2026-09-21,20169,66.22,30458,1385,732.2
NDTV,2026-09-21,23314,54.5,42775,818,71.57
NEAGI,2026-09-21,2,100.0,2,2,3470.0
NECLIFE,2026-09-21,79019,81.39,97081,374,10.93
NELCAST,2026-09-21,24109,62.4,38639,747,107.57
NELCO,2026-09-21,82143,42.69,192418,8714,986.35
NEOGEN,2026-09-21,178333,45.46,392319,31049,2359.8
NEPHROPLUS,2026-09-21,70886,49.09,144405,14025,751.6
NESCO,2026-09-21,22149,60.24,36766,3331,1081.9
NESTLEIND,2026-09-21,299784,52.31,573071,29638,1385.0
NETF,2026-09-21,1651,77.08,2142,188,254.72
NETWEB,2026-09-21,185602,20.9,888237,72447,4718.0
NETWORK18,2026-09-21,1567564,56.32,2783445,7025,26.79
NEULANDLAB,2026-09-21,36125,66.67,54186,13492,22610.0
NEWGEN,2026-09-21,158984,41.51,382959,14914,494.1
NEXT30ADD,2026-09-21,3368,55.87,6028,58,42.21
NEXT50,2026-09-21,7040,41.23,17073,2690,745.51
NEXT50ADD,2026-09-21,3279,91.44,3586,27,72.68
NEXT50BETA,2026-09-21,57845,54.53,106078,667,78.02
NEXT50ETF,2026-09-21,4497,97.97,4590,104,72.89
NEXT50IETF,2026-09-21,221057,54.11,408516,5127,76.35
NEXTMEDIA,2026-09-21,3065,66.76,4591,41,3.82
NFL,2026-09-21,172145,35.93,479142,3261,66.83
NGIL,2026-09-21,37057,68.47,54121,312,38.16
NGLFINE,2026-09-21,1623,49.91,3252,897,2731.6
NH,2026-09-21,43436,55.03,78926,10447,1896.9
NHPC,2026-09-21,6222169,59.79,10406252,26890,75.8
NIACL,2026-09-21,391956,19.5,2009703,19707,186.56
NIBE,2026-09-21,57624,20.11,286554,14906,1371.1
NIBL,2026-09-21,7578,78.59,9643,121,30.62
NICCOPAR,2026-09-21,192,94.58,203,16,82.1
NIF100BEES,2026-09-21,10348,77.62,13331,555,260.86
NIF100IETF,2026-09-21,29433,63.42,46412,2105,27.5
NIF500BETA,2026-09-21,54579,99.72,54731,22,36.76
NIFTY1,2026-09-21,33154,34.0,97523,2245,260.41
NIFTY100EW,2026-09-21,37612,75.67,49706,270,34.36
NIFTYADD,2026-09-21,5780,27.64,20913,159,247.27
NIFTYAXIS,2026-09-21,3791,49.59,7644,173,260.51
NIFTYBEES,2026-09-21,2582476,62.17,4153608,42916,267.76
NIFTYBETA,2026-09-21,14814,61.24,24189,596,260.56
NIFTYBETF,2026-09-21,469,33.99,1380,146,241.37
NIFTYCASE,2026-09-21,524825,68.9,761751,2028,9.41
NIFTYETF,2026-09-21,54929,51.18,107334,1963,255.39
NIFTYIETF,2026-09-21,344026,55.95,614840,17925,266.09
NIFTYJBLK,2026-09-21,105468,82.33,128099,687,11.99
NIFTYQLITY,2026-09-21,26995,55.98,48220,170,20.64
NIITLTD,2026-09-21,62401,48.3,129190,2329,90.56
NIITMTS,2026-09-21,45919,46.61,98518,5618,215.26
NILAINFRA,2026-09-21,63035,70.67,89195,475,6.62
NILASPACES,2026-09-21,596235,41.39,1440599,3054,12.12
NILE,2026-09-21,817,65.31,1251,215,1458.6
NILKAMAL,2026-09-21,13947,36.93,37771,5236,1888.6
NIMBSPROJ,2026-09-21,3385,10.58,31986,371,186.85
NINSYS,2026-09-21,1555,71.82,2165,306,713.9
NIPPOBATRY,2026-09-21,2529,73.84,3425,167,318.15
NIRAJ,2026-09-21,38872,80.02,48575,310,28.75
NIRLON,2026-09-21,1511,65.55,2305,290,594.15
NITCO,2026-09-21,645719,65.27,989237,4699,89.47
NITINSPIN,2026-09-21,88145,62.86,140230,8514,610.8
NITIRAJ,2026-09-21,1019,59.45,1714,60,227.85
NITTAGELA,2026-09-21,1798,61.14,2941,521,1725.8
NIVABUPA,2026-09-21,432604,45.17,957679,21678,80.48
NKIND,2026-09-21,148,81.77,181,28,57.82
NLCINDIA,2026-09-21,671418,56.27,1193291,31469,266.65
NMDC,2026-09-21,4862791,57.12,8513163,26321,79.8
NOCIL,2026-09-21,499025,36.33,1373559,15348,194.57
NOIDATOLL,2026-09-21,30085,86.62,34732,453,3.97
NORBTEAEXP,2026-09-21,1521,76.9,1978,24,66.2
NORTHARC,2026-09-21,894444,53.67,1666629,34177,319.15
NOVAAGRI,2026-09-21,35875,68.81,52136,415,23.28
NOVARTIND,2026-09-21,18752,51.4,36483,3463,2004.1
NPBET,2026-09-21,34,70.83,48,12,283.81
NPST,2026-09-21,28280,41.79,67676,7263,1789.6
NRAIL,2026-09-21,8609,71.34,12067,992,627.15
NRBBEARING,2026-09-21,344169,29.75,1157056,37683,528.5
NSIL,2026-09-21,1013,72.41,1399,322,5527.0
NSLNISP,2026-09-21,1400675,39.68,3530136,16523,42.44
NTCIND,2026-09-21,1859,88.69,2096,52,130.68
NTPC,2026-09-21,2776080,54.45,5098202,57557,326.4
NTPCGREEN,2026-09-21,1908979,48.27,3954703,28838,91.26
NUCLEUS,2026-09-21,5074,59.11,8584,650,683.95
NUVAMA,2026-09-21,88039,51.3,171604,22476,1687.1
NUVOCO,2026-09-21,50429,43.22,116680,6344,330.55
NV20,2026-09-21,52641,61.33,85835,384,13.57
NV20BEES,2026-09-21,217261,87.35,248722,317,136.18
NV20IETF,2026-09-21,327019,52.17,626876,2479,13.27
NYKAA,2026-09-21,2200304,53.9,4082160,142291,336.0
OAL,2026-09-21,37990,52.19,72796,4523,548.85
OBCL,2026-09-21,7660,88.06,8699,66,58.77
OBEROIRLTY,2026-09-21,613872,63.93,960192,36569,1821.0
ODIGMA,2026-09-21,26271,81.26,32329,334,20.95
ODYCORP,2026-09-21,29911,93.79,31893,80,6.92
OFSS,2026-09-21,188757,33.39,565241,67828,10911.0
OIL,2026-09-21,455746,54.91,830047,14380,478.35
OILIETF,2026-09-21,452081,54.16,834684,2022,11.19
OLAELEC,2026-09-21,7511737,22.82,32915914,70914,37.0
OLECTRA,2026-09-21,87963,40.5,217191,13174,1205.8
OMAXAUTO,2026-09-21,57653,50.43,114325,2240,191.43
OMAXE,2026-09-21,302460,52.77,573183,6333,114.0
OMINFRAL,2026-09-21,23244,52.02,44681,1060,79.11
OMNI,2026-09-21,262521,33.3,788403,25813,551.35
OMPOWER,2026-09-21,52588,76.54,68711,785,170.5
ONEGLOBAL,2026-09-21,3840,85.91,4470,315,538.8
ONEPOINT,2026-09-21,2134439,74.11,2880019,7786,60.03
ONESOURCE,2026-09-21,175997,55.02,319894,27018,1599.2
ONGC,2026-09-21,3749624,61.33,6114044,53519,235.63
ONIDA,2026-09-21,670698,68.7,976325,2470,34.31
ONIXSOLAR,2026-09-21,344784,40.34,854678,6556,339.55
ONWARDTEC,2026-09-21,21897,50.67,43217,1015,290.05
OPTIEMUS,2026-09-21,74745,39.6,188741,10459,590.75
OPTIFIN,2026-09-21,25185,84.99,29633,117,13.93
ORCHASP,2026-09-21,124033,84.73,146394,306,1.43
ORCHPHARMA,2026-09-21,174112,30.36,573549,31545,1081.8
ORICONENT,2026-09-21,66257,75.82,87385,1014,54.84
ORIENTALTL,2026-09-21,41644,66.82,62323,203,5.08
ORIENTBELL,2026-09-21,3380,55.51,6089,619,392.55
ORIENTCEM,2026-09-21,679104,59.21,1146986,5512,125.07
ORIENTCER,2026-09-21,136381,58.37,233655,2043,47.53
ORIENTELEC,2026-09-21,68117,49.5,137603,3399,168.01
ORIENTHOT,2026-09-21,804700,43.89,1833650,10201,144.06
ORIENTPPR,2026-09-21,46968,55.09,85259,561,17.15
ORIENTTECH,2026-09-21,40832,50.1,81509,2209,235.04
ORIRAIL,2026-09-21,30164,63.24,47701,1060,116.41
ORISSAMINE,2026-09-21,2396,51.02,4696,1231,3820.8
ORKLAINDIA,2026-09-21,88095,72.5,121518,5465,579.05
ORTINGLOBE,2026-09-21,8896,75.71,11750,54,15.36
OSWALAGRO,2026-09-21,41132,92.55,44442,332,34.76
OSWALGREEN,2026-09-21,100480,70.44,142638,846,19.75
OSWALPUMPS,2026-09-21,99872,50.85,196422,4676,276.2
OSWALSEEDS,2026-09-21,72907,68.85,105897,447,13.58
PACEDIGITK,2026-09-21,138000,44.26,311826,4611,154.86
PACIFICI,2026-09-21,242,96.03,252,22,143.6
PAGEIND,2026-09-21,5617,36.3,15472,7395,35950.0
PAISALO,2026-09-21,12168769,35.53,34251160,64311,92.85
PAKKA,2026-09-21,67690,74.84,90442,905,78.67
PALASHSECU,2026-09-21,214,72.3,296,23,86.89
PALREDTEC,2026-09-21,1589,74.39,2136,42,48.25
PANACEABIO,2026-09-21,31767,58.89,53943,2249,376.15
PANAMAPET,2026-09-21,82250,46.89,175393,6710,475.15
PANCHMAHQ,2026-09-21,25,100.0,25,2,301.0
PANORAMA,2026-09-21,249284,57.15,436211,3347,54.89
PANSARI,2026-09-21,443,50.98,869,56,279.6
PARACABLES,2026-09-21,464241,54.88,845879,4743,61.03
PARADEEP,2026-09-21,892818,45.81,1949055,23627,155.73
PARAGMILK,2026-09-21,747236,43.79,1706560,29930,272.4
PARAS,2026-09-21,260432,27.26,955531,47121,1406.5
PARASPETRO,2026-09-21,55194,48.89,112884,245,2.14
PARKHOSPS,2026-09-21,194805,60.06,324336,9348,284.7
PARKHOTELS,2026-09-21,107578,67.19,160120,1618,106.19
PARNAXLAB,2026-09-21,11682,92.27,12660,627,118.42
PASHUPATI,2026-09-21,12063,46.42,25989,1260,80.19
PASUPTAC,2026-09-21,68153,65.82,103537,1085,71.17
PATANJALI,2026-09-21,2866425,12.38,23162107,202571,396.2
PATELENG,2026-09-21,1688426,64.48,2618475,23521,25.75
PATELRMART,2026-09-21,18000,59.3,30352,886,203.41
PATINTLOG,2026-09-21,250228,70.38,355563,1185,14.64
PAUSHAKLTD,2026-09-21,12059,72.79,16567,1264,705.25
PAVNAIND,2026-09-21,154130,64.65,238415,876,15.7
PAYTM,2026-09-21,2684510,53.13,5052267,88082,1810.0
PBMPOLY,2026-09-21,100,99.01,101,3,65.0
PCBL,2026-09-21,1339754,40.15,3337001,58292,344.35
PCJEWELLER,2026-09-21,72449349,23.82,304134029,151646,12.79
PDMJEPAPER,2026-09-21,85048,44.59,190713,3323,98.18
PDSL,2026-09-21,49017,54.65,89692,11390,353.85
PEARLPOLY,2026-09-21,25318,95.74,26444,75,17.94
PENIND,2026-09-21,138304,57.48,240599,4051,171.07
PENINLAND,2026-09-21,154130,56.44,273095,704,16.19
PERMAGN,2026-09-21,5098,62.54,8152,756,836.65
PERNIASPOP,2026-09-21,85991,41.75,205958,8201,533.35
PERSISTENT,2026-09-21,147477,41.83,352582,32199,5449.0
PETRONET,2026-09-21,612205,54.46,1124206,39904,287.5
PFC,2026-09-21,6654051,72.53,9174012,69675,344.75
PFIZER,2026-09-21,8990,53.65,16758,3141,4035.7
PFOCUS,2026-09-21,793432,17.32,4581441,41366,352.65
PFS,2026-09-21,314316,53.1,591952,5713,26.73
PGEL,2026-09-21,361202,42.33,853299,26215,536.55
PGHH,2026-09-21,10145,54.56,18595,5834,7426.0
PGHL,2026-09-21,1700,52.42,3243,1050,5503.5
PGIL,2026-09-21,56176,48.92,114831,11589,1138.4
PHARMABEES,2026-09-21,8199585,82.96,9884121,11771,27.76
PHOENIXLTD,2026-09-21,156082,45.25,344969,22076,1929.0
PHOENXINTL,2026-09-21,5462,83.35,6553,193,27.95
PICCADIL,2026-09-21,48556,45.72,106204,7348,591.2
PIDILITIND,2026-09-21,137834,57.33,240443,16210,1573.2
PIGL,2026-09-21,18504,43.86,42185,689,101.05
PIIND,2026-09-21,32718,47.58,68758,8905,2321.8
PILANIINVS,2026-09-21,2396,58.13,4122,605,4027.1
PILITA,2026-09-21,97535,90.82,107388,236,7.3
PINELABS,2026-09-21,5671980,30.26,18744636,103661,193.7
PIONEEREMB,2026-09-21,13512,87.17,15501,125,22.32
PIRAMALFIN,2026-09-21,124466,60.26,206541,16267,2220.4
PITTIENG,2026-09-21,23978,53.87,44508,4699,1134.4
PIXTRANS,2026-09-21,2988,63.78,4685,929,1730.7
PLASTIBLEN,2026-09-21,13077,57.0,22944,885,185.67
PLATIND,2026-09-21,18447,62.44,29543,908,211.08
PLAZACABLE,2026-09-21,45428,27.44,165579,1538,61.7
PML,2026-09-21,329,100.0,329,34,490.85
PNB,2026-09-21,3851581,44.66,8624424,32634,118.0
PNBGILTS,2026-09-21,110956,54.45,203792,1997,76.88
PNBHOUSING,2026-09-21,624621,54.04,1155761,32702,1141.1
PNC,2026-09-21,6251,63.4,9859,299,16.66
PNCINFRA,2026-09-21,562975,38.45,1464046,15866,140.47
PNGJL,2026-09-21,104101,52.82,197069,10474,601.55
PNGSREVA,2026-09-21,66053,53.2,124155,5526,511.05
POCL,2026-09-21,168268,38.55,436490,16418,472.85
PODDARMENT,2026-09-21,2570,54.74,4695,215,289.15
POEL,2026-09-21,11461,74.79,15324,440,137.31
POKARNA,2026-09-21,37196,56.65,65660,4095,732.9
POLICYBZR,2026-09-21,467753,57.4,814918,52732,1793.0
POLYCAB,2026-09-21,115863,54.7,211821,30739,8369.5
POLYMED,2026-09-21,33248,46.14,72056,7248,1706.2
POLYPLEX,2026-09-21,25258,60.22,41946,4457,1107.7
POLYSPIN,2026-09-21,1116,100.0,1116,32,30.0
PONNIERODE,2026-09-21,5810,58.72,9895,606,354.1
POONAWALLA,2026-09-21,742590,45.3,1639275,35653,471.0
POWERGRID,2026-09-21,4442508,64.06,6934502,53317,266.1
POWERICA,2026-09-21,64384,46.6,138170,5176,568.1
POWERINDIA,2026-09-21,29231,45.62,64069,19922,31870.0
POWERMECH,2026-09-21,28298,42.76,66185,12391,2444.2
PPLPHARMA,2026-09-21,1590482,36.73,4330760,49239,214.66
PRABHA,2026-09-21,60062,33.57,178939,3037,230.12
PRAENG,2026-09-21,22151,92.39,23976,115,22.26
PRAJIND,2026-09-21,131476,51.27,256433,9158,312.15
PRAKASH,2026-09-21,420162,47.51,884307,6203,120.09
PRAKASHSTL,2026-09-21,191840,77.8,246595,567,3.69
PRANAV,2026-09-21,1019577,25.29,4031316,29316,105.25
PRASOLCHEM,2026-09-21,179958,40.94,439599,22730,681.4
PRAVEG,2026-09-21,11896,57.36,20738,912,252.3
PRAXIS,2026-09-21,71056,85.77,82844,189,4.22
PRECAM,2026-09-21,52941,61.48,86106,2391,117.42
PRECOT,2026-09-21,2106,49.41,4262,292,689.85
PRECWIRE,2026-09-21,120534,31.34,384630,21483,473.7
PREMCO,2026-09-21,2047,97.29,2104,38,397.0
PREMEXPLN,2026-09-21,130761,79.23,165042,2492,675.15
PREMIERENE,2026-09-21,593857,50.58,1174173,25419,919.9
PREMIERPOL,2026-09-21,143410,47.38,302709,4731,79.3
PRESTIGE,2026-09-21,106290,36.05,294871,15922,1474.0
PRICOLLTD,2026-09-21,71877,51.41,139811,11762,756.5
PRIMESECU,2026-09-21,52416,48.76,107501,714,298.7
PRIMO,2026-09-21,64964,62.46,104017,786,22.31
PRINCEPIPE,2026-09-21,60812,52.33,116219,4176,266.1
PRIORITY,2026-09-21,223027,58.14,383630,3494,231.88
PRISMX,2026-09-21,65515,55.93,117129,120,0.55
PRITI,2026-09-21,7385,93.21,7923,149,32.93
PRIVISCL,2026-09-21,63975,67.46,94831,14008,3525.6
PROSTARM,2026-09-21,31826,46.83,67958,1789,128.4
PROTEAN,2026-09-21,1451214,18.15,7996314,151473,588.35
PROZONER,2026-09-21,61237,64.23,95345,707,52.9
PRSMJOHNSN,2026-09-21,183807,54.74,335784,4436,116.44
PRUDENT,2026-09-21,7794,43.04,18107,4112,3426.8
PRUDMOULI,2026-09-21,6700,83.08,8065,57,14.19
PSB,2026-09-21,348679,61.02,571381,3616,21.95
PSPPROJECT,2026-09-21,30324,55.88,54262,2985,820.15
PSUBANK,2026-09-21,34677,38.69,89624,453,83.07
PSUBANKADD,2026-09-21,3959,35.39,11188,194,83.97
PSUBNKBEES,2026-09-21,915520,54.86,1668788,4267,92.76
PSUBNKIETF,2026-09-21,31457,51.23,61409,722,84.2
PTC,2026-09-21,657945,57.14,1151478,16696,156.28
PTCIL,2026-09-21,5663,36.02,15720,5093,22300.0
PTL,2026-09-21,49692,82.25,60413,625,38.3
PUNJABCHEM,2026-09-21,3212,55.74,5762,736,1064.8
PURVA,2026-09-21,31340,18.78,166913,4205,214.94
PVP,2026-09-21,394979,48.06,821802,4777,62.24
PVRINOX,2026-09-21,257672,55.95,460503,25408,1349.3
PVSL,2026-09-21,46536,94.55,49218,325,99.38
PVTBANIETF,2026-09-21,331480,66.75,496635,1492,27.68
PVTBANK,2026-09-21,5666,99.91,5671,20,27.54
PVTBANKADD,2026-09-21,22723,80.05,28385,637,27.9
PVTBKGROWW,2026-09-21,2966,64.31,4612,94,27.6
PWL,2026-09-21,4611734,55.65,8286541,32962,134.76
PYRAMID,2026-09-21,15014,60.26,24917,555,157.67
QGOLDHALF,2026-09-21,73340,54.3,135062,751,125.82
QNIFTY,2026-09-21,3103,53.42,5809,205,258.5
QPOWER,2026-09-21,240007,46.74,513453,26529,1486.4
QUADFUTURE,2026-09-21,161311,27.3,590777,18565,536.0
QUAL30IETF,2026-09-21,45239,68.08,66447,245,20.51
QUALITY30,2026-09-21,8036,86.57,9283,39,20.14
QUESS,2026-09-21,315765,33.04,955604,39732,363.1
QUICKHEAL,2026-09-21,54595,49.96,109269,2335,151.79
QUINT,2026-09-21,243045,39.1,621549,3425,76.73
RACE,2026-09-21,31803,25.0,127219,494,99.99
RACLGEAR,2026-09-21,15148,46.58,32520,5658,1716.7
RADAAN,2026-09-21,24838,94.84,26190,82,2.82
RADIANTCMS,2026-09-21,253332,70.41,359805,2970,35.24
RADICO,2026-09-21,217241,51.56,421324,46189,4480.0
RADIOCITY,2026-09-21,19071,74.14,25723,98,6.02
RAILTEL,2026-09-21,191442,45.72,418713,12163,260.25
RAIN,2026-09-21,1360926,40.03,3399674,26133,212.18
RAINBOW,2026-09-21,60047,64.02,93792,14188,1439.6
RAJMET,2026-09-21,130926,65.03,201344,609,3.12
RAJPALAYAM,2026-09-21,421,63.02,668,77,768.55
RAJRATAN,2026-09-21,109130,63.14,172848,10258,452.75
RAJSREESUG,2026-09-21,4557,50.06,9103,232,32.32
RAJTV,2026-09-21,27990,83.37,33575,152,8.87
RALLIS,2026-09-21,272738,64.5,422822,15106,202.15
RAMANEWS,2026-09-21,14087,79.39,17745,171,32.14
RAMAPHO,2026-09-21,6870,65.06,10559,383,120.98
RAMBHAJO,2026-09-21,460800,31.8,1449014,20692,304.03
RAMCOCEM,2026-09-21,172035,46.11,373061,20994,885.1
RAMCOIND,2026-09-21,20312,43.04,47191,1954,326.15
RAMCOSYS,2026-09-21,24811,56.91,43600,2110,564.2
RAMKY,2026-09-21,8839,48.46,18240,922,317.0
RAMRAT,2026-09-21,47612,39.21,121420,8907,550.1
RANASUG,2026-09-21,152562,23.69,644017,3995,14.18
RANEHOLDIN,2026-09-21,2072,46.86,4422,717,1570.8
RATEGAIN,2026-09-21,203063,50.8,399753,29638,842.3
RATNAMANI,2026-09-21,19076,49.19,38783,8667,2776.9
RATNAVEER,2026-09-21,3069128,14.86,20650744,182963,334.55
RAYMOND,2026-09-21,794720,11.84,6712338,192613,1084.95
RAYMONDLSL,2026-09-21,75653,45.44,166495,7393,646.15
RAYMONDREL,2026-09-21,162488,42.34,383796,11920,585.45
RBA,2026-09-21,1268085,53.15,2385766,17755,95.22
RBLBANK,2026-09-21,989976,44.71,2214016,31444,402.4
RCF,2026-09-21,372252,35.95,1035395,9643,108.74
RECLTD,2026-09-21,2191039,64.98,3372052,24951,310.2
REDINGTON,2026-09-21,892709,37.81,2361062,47487,392.05
REDTAPE,2026-09-21,124675,45.42,274468,5415,116.41
REFEX,2026-09-21,819790,10.99,7460060,79395,293.2
REGAAL,2026-09-21,65313,65.28,100047,1392,83.44
REGENCERAM,2026-09-21,1476,40.53,3642,106,31.02
RELAXO,2026-09-21,123886,39.99,309755,14237,293.55
RELCHEMQ,2026-09-21,2214,72.45,3056,150,118.72
RELIABLE,2026-09-21,16628,91.41,18190,254,141.01
RELIANCE,2026-09-21,6461366,64.57,10007218,186656,1247.4
RELIGARE,2026-09-21,625811,49.75,1257880,13548,253.21
RELTD,2026-09-21,98719,61.84,159643,2465,143.93
REMSONSIND,2026-09-21,46789,50.97,91799,1875,96.02
RENTOMOJO,2026-09-21,1798299,15.48,11613872,194067,539.75
RENUKA,2026-09-21,2227496,22.97,9697832,14341,22.98
REPCOHOME,2026-09-21,103614,59.52,174095,5482,362.15
REPL,2026-09-21,1907,79.13,2410,72,59.25
REPRO,2026-09-21,11381,79.95,14235,461,299.4
RESPONIND,2026-09-21,45118,31.83,141725,3723,160.26
RETAIL,2026-09-21,5736,59.68,9611,133,17.89
RGL,2026-09-21,601715,43.92,1369947,15224,161.55
RHETAN,2026-09-21,556175,100.0,556175,1332,18.6
RHIM,2026-09-21,31837,50.81,62663,3520,368.0
RHL,2026-09-21,319,86.45,369,11,176.5
RICOAUTO,2026-09-21,215847,48.3,446934,5062,128.43
RIIL,2026-09-21,12029,26.04,46189,3396,705.35
RIR,2026-09-21,311470,21.79,1429184,19201,194.45
RISHABH,2026-09-21,100524,44.9,223888,13715,748.05
RITCO,2026-09-21,38378,56.03,68500,2807,283.6
RITES,2026-09-21,188983,44.34,426251,12428,203.23
RKDL,2026-09-21,12419,78.9,15740,113,18.66
RKEC,2026-09-21,11349,74.88,15156,215,18.36
RKFORGE,2026-09-21,192876,60.51,318768,12275,716.5
RKSWAMY,2026-09-21,10607,76.66,13837,526,88.79
RMC,2026-09-21,18153,57.79,31414,1359,216.64
RML,2026-09-21,25556,42.84,59658,6030,1345.6
ROHLTD,2026-09-21,20967,72.18,29047,698,308.5
ROLEXRINGS,2026-09-21,328686,43.17,761410,9532,172.68
ROML,2026-09-21,4225,86.93,4860,113,40.71
ROSSARI,2026-09-21,17347,55.92,31023,2295,441.0
ROSSELLIND,2026-09-21,24626,55.2,44609,879,51.96
ROSSTECH,2026-09-21,82593,30.55,270345,24955,1359.7
ROTO,2026-09-21,156852,23.06,680320,5679,62.75
ROUTE,2026-09-21,85836,45.78,187504,7429,469.2
RPEL,2026-09-21,26639,43.92,60653,7649,1692.2
RPGLIFE,2026-09-21,2808,53.92,5208,1434,2760.2
RPOWER,2026-09-21,5128720,23.97,21400566,34935,21.0
RPPINFRA,2026-09-21,20020,71.34,28064,624,53.56
RPSGVENT,2026-09-21,10089,72.34,13946,870,843.4
RPTECH,2026-09-21,84311,41.13,204985,16394,811.9
RRECL,2026-09-21,573,97.12,590,39,138.8
RRIL,2026-09-21,36512,88.81,41111,409,16.38
RRKABEL,2026-09-21,59812,49.85,119993,17162,2411.7
RSL,2026-09-21,305032,28.27,1078964,19566,197.88
RSSOFTWARE,2026-09-21,3809,99.3,3836,60,30.23
RSWM,2026-09-21,194917,58.36,334017,4461,231.4
RSYSTEMS,2026-09-21,42460,44.75,94887,2635,243.08
RTNINDIA,2026-09-21,593457,33.66,1763256,7910,27.08
RTNPOWER,2026-09-21,8610585,35.81,24044976,16934,7.11
RTSPOWR,2026-09-21,1623,80.35,2020,53,87.96
RUBFILA,2026-09-21,35697,55.99,63758,813,67.88
RUBICON,2026-09-21,107990,56.43,191378,28370,1732.6
RUBYMILLS,2026-09-21,12772,44.73,28552,1577,462.3
RUCHINFRA,2026-09-21,147722,59.34,248941,577,4.98
RUCHIRA,2026-09-21,19300,60.75,31769,986,109.13
RUDRA,2026-09-21,30619,65.48,46760,114,20.23
RUPA,2026-09-21,52939,40.73,129985,4427,137.22
RUSHIL,2026-09-21,259888,67.96,382402,1059,16.28
RUSTOMJEE,2026-09-21,18755,74.86,25052,1535,354.45
RVHL,2026-09-21,8361,99.25,8424,63,40.01
RVNL,2026-09-21,1717158,26.17,6562323,51365,209.71
RVTH,2026-09-21,712,81.93,869,57,679.35
S&SPOWER,2026-09-21,706,67.62,1044,76,322.5
SAATVIKGL,2026-09-21,142436,46.12,308836,9571,431.6
SAB,2026-09-21,67,100.0,67,2,174.15
SADBHAV,2026-09-21,193521,72.88,265516,573,7.5
SADBHIN,2026-09-21,125544,75.45,166393,314,2.49
SAFARI,2026-09-21,9459,54.78,17267,3553,1485.7
SAGARDEEP,2026-09-21,4340,73.15,5933,107,23.39
SAGCEM,2026-09-21,25555,75.5,33847,788,152.7
SAGILITY,2026-09-21,11332780,50.11,22615132,29999,45.95
SAHLIBHFI,2026-09-21,11846,44.01,26916,562,76.56
SAHYADRI,2026-09-21,2824,68.51,4122,408,370.95
SAICAPI,2026-09-21,507,77.05,658,28,156.99
SAIL,2026-09-21,2950557,41.89,7044243,35773,177.3
SAILIFE,2026-09-21,172147,46.73,368349,34991,1608.0
SAIPARENT,2026-09-21,14433,56.62,25492,1376,510.85
SAKAR,2026-09-21,47503,41.17,115377,9203,1158.45
SAKHTISUG,2026-09-21,81069,58.39,138837,640,18.21
SAKSOFT,2026-09-21,242827,31.71,765678,12183,146.62
SAKUMA,2026-09-21,336561,65.23,515929,826,1.53
SALASAR,2026-09-21,2062159,54.98,3750594,3186,4.86
SALONA,2026-09-21,189,66.08,286,24,261.05
SALSTEEL,2026-09-21,211277,23.83,886703,5965,82.26
SALZERELEC,2026-09-21,22578,62.95,35869,2072,546.65
SAMBANDAM,2026-09-21,160,96.97,165,12,101.0
SAMBHAAV,2026-09-21,60142,58.6,102625,266,6.06
SAMBHV,2026-09-21,5093009,8.51,59833915,338404,155.13
SAMHI,2026-09-21,1411151,40.11,3518283,37901,160.26
SAMMAANCAP,2026-09-21,1564124,44.14,3543402,19394,142.88
SAMPANN,2026-09-21,8611,68.8,12516,137,24.07
SANATHAN,2026-09-21,35443,68.96,51399,2675,479.9
SANDESH,2026-09-21,314,77.53,405,66,1048.3
SANDHAR,2026-09-21,50076,57.05,87770,4786,591.45
SANDUMA,2026-09-21,213468,58.39,365579,6956,183.15
SANGAMIND,2026-09-21,14689,52.55,27954,1529,578.8
SANGHVIMOV,2026-09-21,90830,53.0,171389,8116,436.65
SANOFI,2026-09-21,7510,71.0,10577,2752,3077.3
SANOFICONR,2026-09-21,2458,60.95,4033,1125,3997.6
SANSERA,2026-09-21,141560,56.47,250668,45986,4297.0
SANSTAR,2026-09-21,46614,49.84,93532,1898,112.34
SAPPHIRE,2026-09-21,1099002,41.57,2643733,78513,238.37
SAPPL,2026-09-21,1494,75.38,1982,58,282.4
SARDAEN,2026-09-21,118294,53.47,221255,9404,503.25
SAREGAMA,2026-09-21,90046,46.18,195004,9761,488.2
SARLAPOLY,2026-09-21,14512,81.52,17802,346,98.68
SARVESHWAR,2026-09-21,891604,60.7,1468908,1806,3.69
SASKEN,2026-09-21,10707,66.09,16201,1571,1710.0
SATIA,2026-09-21,36942,47.31,78084,1185,67.68
SATIN,2026-09-21,66693,68.41,97493,1779,221.12
SAURASHCEM,2026-09-21,20001,73.09,27366,554,53.22
SAYAJIHOTL,2026-09-21,295,100.0,295,11,319.35
SAYAJIIND,2026-09-21,2577,86.86,2967,40,120.42
SBC,2026-09-21,4394914,44.37,9905984,7359,49.2
SBCL,2026-09-21,215148,40.83,526873,34391,1144.1
SBFC,2026-09-21,316902,65.83,481423,5996,91.28
SBGLP,2026-09-21,223819,36.7,609815,3449,23.22
SBIBPB,2026-09-21,13691,51.28,26697,379,48.14
SBICARD,2026-09-21,541347,56.98,950045,22472,637.0
SBIETFCON,2026-09-21,1614,57.58,2803,136,118.85
SBIETFIT,2026-09-21,3233,55.59,5816,273,321.44
SBIETFPB,2026-09-21,12568,94.48,13302,195,279.37
SBIETFQLTY,2026-09-21,761,68.93,1104,61,215.52
SBIFUNDS,2026-09-21,456647,58.49,780698,26930,552.6
SBILIFE,2026-09-21,427934,60.5,707336,24595,1756.0
SBILIQETF,2026-09-21,345053,97.23,354886,221,1056.76
SBIMIDMOM,2026-09-21,30739,69.86,44003,225,63.26
SBIN,2026-09-21,1902575,53.0,3590054,89282,996.0
SBINEQWETF,2026-09-21,41444,47.96,86419,342,32.73
SBINMID150,2026-09-21,9589,57.25,16749,171,22.96
SBISILVER,2026-09-21,299149,33.2,901122,5091,227.75
SBISMLETF,2026-09-21,18669,79.13,23593,250,18.32
SBIVALETF,2026-09-21,3531,62.46,5653,48,14.5
SCHAEFFLER,2026-09-21,26380,57.18,46136,15848,4118.2
SCHAND,2026-09-21,16782,67.84,24738,740,134.28
SCHNEIDER,2026-09-21,146623,54.83,267404,28802,1235.2
SCI,2026-09-21,754017,30.08,2506605,37032,280.55
SCILAL,2026-09-21,316406,66.82,473523,2235,38.23
SCODATUBES,2026-09-21,113377,63.85,177565,3348,129.28
SDBL,2026-09-21,79789,39.41,202446,2927,68.11
SEAMECLTD,2026-09-21,12659,47.32,26750,3099,1698.8
SECLEDBETA,2026-09-21,13377,99.99,13378,22,14.38
SECMARK,2026-09-21,949,89.95,1055,37,140.21
SECURKLOUD,2026-09-21,6288,64.88,9692,75,16.85
SEDEMAC,2026-09-21,46461,53.76,86428,15829,3088.0
SEIL,2026-09-21,156640,57.69,271525,3607,184.79
SEJALLTD,2026-09-21,9549,65.64,14548,855,678.9
SEKURITIND,2026-09-21,12644,75.37,16775,332,113.6
SELECTIPO,2026-09-21,62643,85.39,73362,130,48.48
SEMAC,2026-09-21,214,54.18,395,28,284.2
SENCO,2026-09-21,136324,46.07,295921,11991,341.9
SENORES,2026-09-21,63265,50.46,125365,12927,1395.1
SENSEXADD,2026-09-21,146,57.03,256,25,77.08
SENSEXAXIS,2026-09-21,843,58.7,1436,55,77.68
SENSEXBETA,2026-09-21,907,85.4,1062,114,829.42
SENSEXETF,2026-09-21,21772,81.24,26799,195,77.27
SENSEXIETF,2026-09-21,4139,56.46,7331,369,863.3
SEPC,2026-09-21,4530785,55.43,8173787,5385,5.09
SERVOTECH,2026-09-21,242001,58.14,416214,4257,71.8
SESHAPAPER,2026-09-21,26174,60.43,43315,970,247.61
SETF10GILT,2026-09-21,1153,70.05,1646,33,262.08
SETFGOLD,2026-09-21,3373962,61.94,5447109,11485,129.53
SETFNIF50,2026-09-21,1130784,72.63,1556822,6302,252.78
SETFNIFBK,2026-09-21,18422,84.28,21859,479,580.4
SETFNN50,2026-09-21,14715,63.8,23064,1147,776.38
SETL,2026-09-21,430189,51.09,842098,16075,408.65
SFL,2026-09-21,84793,52.87,160382,11384,643.5
SGFIN,2026-09-21,70701,45.04,156987,8825,623.25
SGIL,2026-09-21,10749,76.37,14075,510,598.1
SGL,2026-09-21,2854,46.83,6094,83,9.43
SGLRES,2026-09-21,12588,35.52,35437,95,2.48
SGMART,2026-09-21,51957,40.38,128659,13481,730.4
SGRL,2026-09-21,24707,60.3,40973,2240,720.75
SHADOWFAX,2026-09-21,5681921,42.2,13465306,155982,272.75
SHAH,2026-09-21,357622,71.25,501891,560,3.29
SHAILY,2026-09-21,117704,14.03,838692,85706,3265.1
SHAKTIPUMP,2026-09-21,194291,40.96,474292,18122,470.95
SHALBY,2026-09-21,61946,55.12,112394,2644,138.32
SHANKARA,2026-09-21,21612,65.55,32968,480,147.46
SHANKESH,2026-09-21,2971837,60.32,4927004,19489,91.54
SHANTI,2026-09-21,178785,60.99,293132,351,5.61
SHANTIGEAR,2026-09-21,21295,43.82,48594,2811,691.3
SHANTIGOLD,2026-09-21,492283,37.32,1318969,21051,258.69
SHARDACROP,2026-09-21,51583,49.83,103522,8410,745.75
SHARDAMOTR,2026-09-21,36396,50.17,72546,7838,957.75
SHAREINDIA,2026-09-21,798312,26.83,2975929,29534,227.11
SHARIABEES,2026-09-21,2859,59.82,4779,412,440.74
SHBAJRG,2026-09-21,30,90.91,33,5,152.27
SHERVANI,2026-09-21,12,100.0,12,3,343.0
SHILCTECH,2026-09-21,12873,65.17,19753,4710,3976.7
SHILGRAVQ,2026-09-21,10480,76.88,13631,169,156.52
SHILPAMED,2026-09-21,484530,32.82,1476205,58733,1070.8
SHINDL,2026-09-21,230355,63.2,364484,1490,163.0
SHIPROCKET,2026-09-21,1381990,27.61,5005139,44228,122.49
SHIVAAGRO,2026-09-21,269,94.72,284,28,41.75
SHIVACEM,2026-09-21,18767,46.39,40457,310,15.67
SHIVALIK,2026-09-21,106887,47.56,224744,8975,398.95
SHIVAMAUTO,2026-09-21,378165,48.58,778455,2617,18.23
SHIVAMILLS,2026-09-21,1131,47.11,2401,22,60.15
SHIVATEX,2026-09-21,1217,75.83,1605,144,172.35
SHIVAUM,2026-09-21,273,76.69,356,18,472.55
SHK,2026-09-21,186325,49.92,373278,5481,136.26
SHOPERSTOP,2026-09-21,20027,38.78,51648,2841,394.95
SHRADDHA,2026-09-21,3790,83.13,4559,102,148.11
SHRADHA,2026-09-21,19804,92.79,21343,105,29.99
SHREDIGCEM,2026-09-21,32324,59.79,54062,1018,67.08
SHREECEM,2026-09-21,24099,68.96,34945,6667,22550.0
SHREEJISPG,2026-09-21,644264,49.9,1291118,7894,709.5
SHREEPUSHK,2026-09-21,16744,51.37,32596,1979,513.25
SHREERAMA,2026-09-21,51707,66.66,77571,852,43.24
SHREYANIND,2026-09-21,2654,77.74,3414,86,132.29
SHRIKRISH,2026-09-21,3,33.33,9,4,37.26
SHRINGARMS,2026-09-21,99106,46.04,215276,2888,207.9
SHRIPISTON,2026-09-21,31885,49.61,64275,17380,4508.7
SHRIRAMFIN,2026-09-21,1373026,62.71,2189525,56832,1011.8
SHRIRAMPPS,2026-09-21,132780,53.27,249267,2834,71.76
SHRJAGP,2026-09-21,196,78.09,251,27,639.0
SHUKRAPHAR,2026-09-21,313430,49.34,635277,3184,55.33
SHYAMMETL,2026-09-21,1765685,61.37,2877181,39650,1097.5
SHYAMTEL,2026-09-21,3533,56.49,6254,30,11.18
SICAGEN,2026-09-21,14234,76.63,18576,324,52.22
SIEL,2026-09-21,20,100.0,20,6,29.03
SIEMENS,2026-09-21,84653,42.98,196942,17900,3887.0
SIGACHI,2026-09-21,2845361,30.18,9429401,26876,31.12
SIGMA,2026-09-21,67716,76.23,88827,1027,46.76
SIGNATURE,2026-09-21,17213,8.56,201080,4405,761.9
SIGNPOST,2026-09-21,17296,58.69,29471,1495,269.15
SIKA,2026-09-21,29748,46.04,64616,4884,1085.25
SIL,2026-09-21,53888,81.01,66522,479,15.7
SILGO,2026-09-21,16029,21.55,74391,1266,70.02
SILINV,2026-09-21,396,75.57,524,41,443.0
SILVER,2026-09-21,235424,36.03,653421,6035,232.01
SILVER001,2026-09-21,21037,86.05,24447,114,23.55
SILVER1,2026-09-21,3365886,39.41,8541439,7650,22.54
SILVER360,2026-09-21,8236,49.43,16663,391,228.25
SILVERADD,2026-09-21,1106332,47.9,2309558,5772,22.39
SILVERAG,2026-09-21,77344,49.46,156380,2140,226.13
SILVERAXIS,2026-09-21,215881,58.72,367629,2505,230.95
SILVERBEES,2026-09-21,5952983,42.1,14139354,57853,222.21
SILVERBETA,2026-09-21,276247,50.2,550300,3160,224.32
SILVERBND,2026-09-21,2810,60.26,4663,157,233.58
SILVERCASE,2026-09-21,2490853,51.01,4882618,7380,23.56
SILVERIETF,2026-09-21,1023416,38.8,2637498,14412,232.0
SILVERTUC,2026-09-21,538402,46.15,1166674,14835,160.7
SIMPLEXINF,2026-09-21,49797,60.55,82236,1981,250.7
SIMPLXREA,2026-09-21,10,76.92,13,6,120.17
SINCLAIR,2026-09-21,29501,65.12,45303,598,83.71
SINDHUTRAD,2026-09-21,536265,64.44,832166,1507,23.99
SINGERIND,2026-09-21,7389,47.5,15555,337,75.98
SINTERCOM,2026-09-21,1838,67.06,2741,68,73.91
SIRCA,2026-09-21,39662,47.43,83629,2203,404.55
SIS,2026-09-21,142042,34.79,408293,10396,420.55
SIYSIL,2026-09-21,9736,52.48,18552,2471,530.0
SJS,2026-09-21,94309,46.32,203624,23530,2329.6
SJVN,2026-09-21,1118040,43.8,2552770,21960,63.35
SKFINDIA,2026-09-21,30323,54.3,55845,7298,1532.5
SKFINDUS,2026-09-21,16747,42.15,39736,7866,2880.0
SKIPPER,2026-09-21,172673,44.52,387867,15240,560.35
SKMEGGPROD,2026-09-21,43824,60.83,72043,2249,229.05
SKYGOLD,2026-09-21,325383,47.48,685236,28469,794.75
SKYWAYS,2026-09-21,2732504,9.34,29247327,164237,126.03
SMALL250,2026-09-21,390000,63.73,611921,858,18.36
SMALLADD,2026-09-21,20531,91.24,22501,117,18.35
SMALLCAP,2026-09-21,645501,63.71,1013260,3355,48.98
SMALLGROWW,2026-09-21,8871,72.87,12173,122,48.91
SMALLIETF,2026-09-21,22278,65.97,33769,136,18.38
SMARTWORKS,2026-09-21,95211,65.03,146404,3881,540.25
SMCGLOBAL,2026-09-21,182096,51.17,355859,3077,81.53
SML100CASE,2026-09-21,672804,50.38,1335443,1658,11.28
SMLMAH,2026-09-21,22176,37.99,58379,10130,6464.0
SMLT,2026-09-21,3621,64.32,5630,265,59.98
SMSPHARMA,2026-09-21,655605,29.35,2234101,52443,466.5
SNOWMAN,2026-09-21,45580,74.17,61455,826,35.21
SNXT30BEES,2026-09-21,7900,78.74,10033,82,42.14
SNXT50BETA,2026-09-21,6175,52.99,11653,137,94.34
SOBHA,2026-09-21,20298,40.83,49708,7518,1214.0
SOFTTECH,2026-09-21,11122,84.23,13205,369,521.0
SOLARA,2026-09-21,258082,48.16,535832,20613,753.25
SOLARINDS,2026-09-21,73932,34.31,215492,42082,19265.0
SOLARWORLD,2026-09-21,114986,16.48,697795,10895,140.82
SOLEX,2026-09-21,14061,46.4,30301,2760,692.05
SOMANYCERA,2026-09-21,169881,43.4,391433,17656,589.45
SOMATEX,2026-09-21,2800,57.17,4898,124,80.11
SOMICONVEY,2026-09-21,7051,80.26,8785,243,92.46
SONACOMS,2026-09-21,874692,41.24,2121116,55079,795.25
SONAL,2026-09-21,1,100.0,1,1,84.01
SONATSOFTW,2026-09-21,222910,40.94,544521,9702,278.8
SOTL,2026-09-21,108608,39.45,275324,13304,724.7
SOUTHBANK,2026-09-21,4721562,38.91,12134977,34506,45.52
SOUTHWEST,2026-09-21,158886,61.16,259791,5439,189.49
SPAL,2026-09-21,20836,55.05,37851,3109,973.1
SPANDANA,2026-09-21,38908,41.9,92860,2558,228.63
SPARC,2026-09-21,242448,36.63,661924,11771,196.1
SPCENET,2026-09-21,506962,88.52,572688,502,3.17
SPENCERS,2026-09-21,20037,68.4,29292,310,28.03
SPIC,2026-09-21,196019,47.15,415696,3307,66.74
SPLIL,2026-09-21,2067,98.52,2098,27,30.26
SPLPETRO,2026-09-21,97452,37.51,259805,19644,865.6
SPMLINFRA,2026-09-21,26621,43.34,61419,1529,167.99
SPORTKING,2026-09-21,186412,49.02,380293,10814,206.87
SRD,2026-09-21,47334,81.09,58374,258,40.47
SRF,2026-09-21,52885,51.19,103302,8722,2540.0
SRGHFL,2026-09-21,19432,83.67,23224,457,132.5
SRHHYPOLTD,2026-09-21,133981,45.81,292484,9327,627.7
SRM,2026-09-21,19942,59.91,33287,1231,421.0
SRTL,2026-09-21,19599,62.5,31356,434,38.36
SSDL,2026-09-21,15341,65.53,23409,454,60.28
SSWL,2026-09-21,164238,41.48,395944,15120,361.75
STANLEY,2026-09-21,59913,59.71,100336,1601,135.11
STAR,2026-09-21,157326,37.31,421704,25520,1235.1
STARCEMENT,2026-09-21,82034,62.97,130269,3720,193.5
STARHEALTH,2026-09-21,138990,61.76,225057,16430,542.9
STARPAPER,2026-09-21,4010,73.5,5456,166,159.13
STARTECK,2026-09-21,304,54.58,557,31,251.85
STCINDIA,2026-09-21,10408,88.73,11730,302,111.04
STEAMHOUSE,2026-09-21,4663958,29.51,15807064,79525,105.05
STEELCAS,2026-09-21,31724,58.9,53864,2959,317.45
STEELCITY,2026-09-21,7298,75.97,9607,162,86.07
STEELXIND,2026-09-21,2523707,55.56,4542687,4057,11.22
STEL,2026-09-21,12397,87.11,14231,442,662.75
STLNETWORK,2026-09-21,1786336,100.0,1786378,1578,45.09
STLSTRINF,2026-09-21,8897,82.02,10848,154,24.04
STOVEKRAFT,2026-09-21,27499,50.85,54074,4804,815.1
STUDDS,2026-09-21,81576,8.33,979709,32194,430.5
STYL,2026-09-21,51149,58.22,87851,6578,350.15
STYLAMIND,2026-09-21,30928,56.84,54413,13222,3195.5
STYLEBAAZA,2026-09-21,597513,57.19,1044725,15841,394.75
STYRENIX,2026-09-21,17993,61.84,29094,3454,2096.1
SUBEXLTD,2026-09-21,2643664,41.61,6353746,10638,19.61
SUBROS,2026-09-21,8419,39.2,21479,1711,714.9
SUDARCOLOR,2026-09-21,8325,62.35,13352,711,402.0
SUDARSCHEM,2026-09-21,64953,51.27,126679,9758,1257.9
SUDEEPPHRM,2026-09-21,53786,54.15,99336,11206,1144.0
SUKHJITS,2026-09-21,18475,53.3,34664,1058,163.31
SULA,2026-09-21,93775,48.49,193406,3595,134.46
SUMEDHA,2026-09-21,210,90.52,232,19,43.9
SUMEETINDS,2026-09-21,1503928,73.55,2044872,1861,10.03
SUMICHEM,2026-09-21,358428,61.0,587566,25878,454.55
SUMIT,2026-09-21,21092,71.73,29404,260,49.54
SUMMITSEC,2026-09-21,2304,83.78,2750,253,1388.5
SUNCLAY,2026-09-21,1161,66.0,1759,231,1251.8
SUNDARAM,2026-09-21,229531,56.25,408031,405,1.17
SUNDARMFIN,2026-09-21,9139,49.95,18298,5393,4679.5
SUNDRMFAST,2026-09-21,44795,50.64,88454,10941,1207.4
SUNDROP,2026-09-21,91010,41.22,220799,5243,707.95
SUNFLAG,2026-09-21,104154,51.58,201915,5948,352.85
SUNLOC,2026-09-21,176,100.0,176,7,73.0
SUNPHARMA,2026-09-21,1359095,53.63,2534364,106581,1868.9
SUNRAKSHAK,2026-09-21,4237,81.01,5230,214,365.0
SUNSHIEL,2026-09-21,1002,84.06,1192,142,1208.4
SUNSHINE,2026-09-21,1505625,40.2,3745440,31485,430.1
SUNTECK,2026-09-21,45153,46.6,96896,3722,290.0
SUNTV,2026-09-21,167916,48.51,346139,13216,457.55
SUPERHOUSE,2026-09-21,5005,87.88,5695,155,169.49
SUPRAJIT,2026-09-21,72179,60.29,119711,6266,480.85
SUPREME,2026-09-21,7732,80.67,9585,193,31.96
SUPREMEIND,2026-09-21,57353,42.7,134302,15034,3500.0
SUPREMEINF,2026-09-21,28636,37.34,76681,1082,80.95
SUPRIYA,2026-09-21,249037,46.22,538805,28072,957.7
SURAJEST,2026-09-21,585791,21.8,2686641,38993,216.41
SURAJLTD,2026-09-21,72,88.89,81,10,198.0
SURAKSHA,2026-09-21,134025,46.36,289082,11072,349.1
SURANASOL,2026-09-21,32961,72.77,45295,663,26.03
SURANAT&P,2026-09-21,16656,79.51,20949,407,16.1
SURYALA,2026-09-21,1785,88.81,2010,60,382.0
SURYALAXMI,2026-09-21,2426,81.41,2980,49,57.74
SURYAROSNI,2026-09-21,181949,66.41,273968,6137,211.18
SURYODAY,2026-09-21,119125,66.63,178777,2182,146.94
SUVEN,2026-09-21,268528,45.8,586343,17886,337.9
SUVIDHAA,2026-09-21,63420,77.16,82191,217,2.22
SUYOG,2026-09-21,7430,62.79,11834,1011,648.2
SUZLON,2026-09-21,11308290,43.49,26003443,57404,43.34
SVGLOBAL,2026-09-21,24059,24.67,97506,1638,160.65
SVLL,2026-09-21,465,95.09,489,14,816.0
SVPGLOB,2026-09-21,72818,90.41,80543,96,3.35
SWANCORP,2026-09-21,409742,27.61,1484157,26763,302.2
SWARAJENG,2026-09-21,2688,56.36,4769,1332,3572.4
SWARNSAR,2026-09-21,6531,79.38,8227,99,37.07
SWELECTES,2026-09-21,4324,69.79,6196,538,572.6
SWIGGY,2026-09-21,11206853,55.06,20354755,92406,272.7
SWSOLAR,2026-09-21,483998,49.78,972340,12349,173.27
SYMBIOTEC,2026-09-21,465140,35.7,1302847,69332,1156.05
SYMPHONY,2026-09-21,18960,40.36,46973,1835,597.8
SYNCOMF,2026-09-21,2844158,47.17,6029044,12125,19.85
SYNGENE,2026-09-21,1610952,44.47,3622808,109731,385.15
SYRMA,2026-09-21,408353,22.21,1838433,71691,1713.3
TAALTECH,2026-09-21,21968,51.37,42768,8018,5714.6
TAINWALCHM,2026-09-21,7687,24.94,30823,554,219.54
TAJGVK,2026-09-21,28519,56.76,50247,2097,328.8
TAKE,2026-09-21,225346,58.09,387896,1083,16.47
TALBROAUTO,2026-09-21,153319,40.07,382592,16999,467.3
TANAA,2026-09-21,107246,47.36,226450,6011,319.6
TANLA,2026-09-21,124578,36.6,340336,12925,493.4
TARACHAND,2026-09-21,14141,66.05,21410,241,47.2
TARAPUR,2026-09-21,33579,68.4,49094,278,12.31
TARC,2026-09-21,115009,52.41,219430,2999,129.97
TARIL,2026-09-21,287162,49.52,579858,13899,278.25
TARMAT,2026-09-21,27106,60.15,45062,858,54.76
TARSONS,2026-09-21,360802,6.07,5943251,101592,341.3
TASTYBITE,2026-09-21,609,58.95,1033,406,9798.0
TATACAP,2026-09-21,1098276,56.66,1938288,66117,343.7
TATACHEM,2026-09-21,673191,20.69,3253162,64002,694.7
TATACOMM,2026-09-21,56004,50.55,110793,14200,1732.7
TATACONSUM,2026-09-21,346512,50.36,688026,40202,1000.6
TATAELXSI,2026-09-21,146551,43.5,336930,27305,3287.0
TATAGOLD,2026-09-21,14969225,43.07,34757654,83793,14.76
TATAINVEST,2026-09-21,187980,31.8,591111,20416,680.5
TATAPOWER,2026-09-21,1434907,49.9,2875538,37177,367.15
TATASTEEL,2026-09-21,3994284,40.21,9933718,74874,183.4
TATATECH,2026-09-21,351856,34.0,1034878,45653,724.9
TATSILV,2026-09-21,12236799,36.37,33649809,49429,22.55
TATVA,2026-09-21,21546,46.27,46562,5342,1761.2
TBOTEK,2026-09-21,99191,54.6,181669,14651,1704.9
TBZ,2026-09-21,328865,40.24,817339,13226,633.7
TCC,2026-09-21,376754,40.52,929852,3741,45.99
TCI,2026-09-21,30628,56.03,54661,10536,807.25
TCIEXP,2026-09-21,9237,47.28,19535,2542,482.6
TCIFINANCE,2026-09-21,9222,73.05,12625,98,15.41
TCPLPACK,2026-09-21,1709,35.27,4846,1620,3881.1
TCS,2026-09-21,927858,39.81,2330811,99052,2128.7
TDPOWERSYS,2026-09-21,919765,46.36,1983807,74580,747.3
TEAMGTY,2026-09-21,107,86.29,124,14,241.9
TEAMLEASE,2026-09-21,5099,68.12,7485,1620,1217.0
TECH,2026-09-21,22906,61.27,37388,333,31.71
TECHM,2026-09-21,484954,49.96,970714,31600,1558.5
TECHNOCRAF,2026-09-21,186923,25.03,746751,16855,437.65
TECHNOE,2026-09-21,120927,46.47,260242,20340,1012.25
TECHNVISN,2026-09-21,516,84.45,611,199,4154.5
TECILCHEM,2026-09-21,24286,79.46,30565,119,9.46
TEGA,2026-09-21,696930,15.21,4580597,203061,2129.0
TEJASNET,2026-09-21,255199,25.24,1011267,25830,516.85
TEMBO,2026-09-21,640892,35.53,1803580,8420,57.8
TEMPSENS,2026-09-21,405919,33.66,1206038,33339,526.85
TENNIND,2026-09-21,254291,60.38,421176,18402,514.1
TERAI,2026-09-21,510,90.27,565,27,118.0
TERASOFT,2026-09-21,11926,66.34,17978,1053,248.65
TEXINFRA,2026-09-21,25830,51.95,49717,948,114.06
TEXMOPIPES,2026-09-21,73590,57.44,128122,1270,60.67
TEXRAIL,2026-09-21,494777,31.04,1594208,15851,114.43
TFCILTD,2026-09-21,4211796,56.32,7478679,13423,140.06
TFL,2026-09-21,2295,63.28,3627,37,12.08
TGBHOTELS,2026-09-21,2480,78.43,3162,53,9.54
TGVSL,2026-09-21,124947,38.92,321059,3466,107.0
THACKER,2026-09-21,18,94.74,19,13,1077.9
THAKDEV,2026-09-21,182,75.21,242,27,118.42
THANGAMAYL,2026-09-21,31997,51.64,61957,10433,4930.5
THEINVEST,2026-09-21,4231,95.94,4410,86,95.39
THEJO,2026-09-21,9873,69.44,14218,2133,2141.8
THELEELA,2026-09-21,31472,48.84,64441,6573,537.45
THEMISMED,2026-09-21,38246,42.61,89760,1974,123.92
THERMAX,2026-09-21,75891,53.28,142451,36800,3578.2
THOMASCOOK,2026-09-21,214668,52.4,409652,6118,105.03
THOMASCOTT,2026-09-21,20644,68.44,30163,943,236.7
THYROCARE,2026-09-21,188597,53.77,350735,18158,571.45
TI,2026-09-21,928295,71.03,1306840,25951,579.55
TIGERLOGS,2026-09-21,70659,72.4,97602,797,25.66
TIIL,2026-09-21,7791,59.32,13134,3528,3043.4
TIINDIA,2026-09-21,51491,53.98,95386,11983,2588.0
TIMETECHNO,2026-09-21,775000,21.06,3679418,29693,180.23
TIMEX,2026-09-21,176712,19.14,923419,37360,709.65
TIMKEN,2026-09-21,7754,49.36,15710,4378,3136.8
TINNARUBR,2026-09-21,12590,53.35,23597,2964,1029.35
TIPSFILMS,2026-09-21,1201,73.95,1624,165,320.7
TIPSMUSIC,2026-09-21,104998,54.0,194431,13335,660.0
TIRUMALCHM,2026-09-21,122264,51.4,237889,3441,156.75
TITAGARH,2026-09-21,130701,34.57,378131,34590,841.05
TITAN,2026-09-21,331382,49.83,665067,46079,4875.0
TMB,2026-09-21,50406,52.1,96755,10608,886.35
TMCV,2026-09-21,2534930,54.2,4676841,66216,444.5
TMPV,2026-09-21,3969814,46.77,8488497,84058,301.65
TNIDETF,2026-09-21,15525,69.25,22420,442,88.77
TNPETRO,2026-09-21,377776,29.86,1264954,17674,130.35
TNPL,2026-09-21,54612,50.68,107767,2250,145.48
TNTELE,2026-09-21,52726,68.59,76872,377,9.24
TOKYOPLAST,2026-09-21,1654,99.4,1664,20,77.0
TOLINS,2026-09-21,26542,66.51,39906,917,89.39
TOP100CASE,2026-09-21,393273,76.72,512640,1220,10.35
TOP10ADD,2026-09-21,364320,56.14,648918,732,85.39
TOP15IETF,2026-09-21,149412,71.05,210301,347,9.52
TOP20,2026-09-21,10327,66.38,15557,120,8.67
TORNTPHARM,2026-09-21,200890,55.61,361244,32462,4970.0
TORNTPOWER,2026-09-21,54616,45.02,121302,8780,1262.0
TOUCHWOOD,2026-09-21,1072,71.66,1496,33,61.78
TOYAMSL,2026-09-21,765496,36.41,2102598,470,0.8
TPLPLASTEH,2026-09-21,32716,26.83,121925,1055,65.03
TRACXN,2026-09-21,124731,61.57,202599,2527,31.98
TRANSCOR,2026-09-21,1125,78.07,1441,25,24.97
TRANSRAILL,2026-09-21,112705,48.94,230286,9359,414.2
TRAVELFOOD,2026-09-21,9498,51.44,18464,3479,1228.5
TREEHOUSE,2026-09-21,28967,71.48,40526,122,5.84
TREJHARA,2026-09-21,9372,72.36,12952,543,132.25
TREL,2026-09-21,359496,49.23,730196,8606,26.68
TRENT,2026-09-21,333315,56.21,592996,35241,2815.5
TRF,2026-09-21,6702,82.1,8163,196,216.43
TRIDENT,2026-09-21,1670437,58.72,2844566,10570,23.02
TRIGYN,2026-09-21,22247,52.0,42782,806,56.02
TRITONV,2026-09-21,1050,68.14,1541,343,1063.9
TRITURBINE,2026-09-21,164505,55.05,298822,37281,555.65
TRIVENI,2026-09-21,251884,53.38,471883,10257,238.75
TRU,2026-09-21,87082,71.14,122417,377,4.12
TRUALT,2026-09-21,186071,66.48,279871,8054,415.05
TSFINV,2026-09-21,59001,51.74,114026,5964,460.35
TTKHLTCARE,2026-09-21,13325,45.12,29530,3286,1073.3
TTKPRESTIG,2026-09-21,59062,50.45,117081,8115,524.9
TTL,2026-09-21,220846,74.46,296583,428,7.42
TTML,2026-09-21,327553,36.68,893060,5986,35.36
TURTLEMINT,2026-09-21,194410,47.66,407901,6384,131.17
TUTIALKA,2026-09-21,2879,84.8,3395,138,56.56
TVSELECT,2026-09-21,22566,57.83,39019,1681,396.0
TVSHLTD,2026-09-21,1752,55.78,3141,1480,12729.0
TVSMOTOR,2026-09-21,81062,44.25,183197,22856,4155.0
TVSSCS,2026-09-21,199239,47.97,415337,7119,132.85
TVSSRICHAK,2026-09-21,10871,51.75,21008,5153,4592.0
TVTODAY,2026-09-21,23629,71.39,33099,879,107.64
TWCGOLDETF,2026-09-21,2195,82.03,2676,326,151.46
UBL,2026-09-21,60927,59.51,102377,9042,1227.8
UCOBANK,2026-09-21,1731700,53.64,3228395,9982,23.62
UDAYJEW,2026-09-21,12798,42.1,30400,371,151.08
UDS,2026-09-21,67067,40.21,166785,5286,198.48
UEL,2026-09-21,12430,50.65,24543,846,198.29
UFLEX,2026-09-21,21534,53.05,40593,2372,656.15
UFO,2026-09-21,17972,70.65,25437,419,60.87
UGARSUGAR,2026-09-21,131053,37.31,351249,3929,55.8
UGROCAP,2026-09-21,134660,70.07,192175,1784,82.29
UJJIVANSFB,2026-09-21,2557883,53.11,4816181,53228,64.79
ULTRACEMCO,2026-09-21,92061,60.47,152231,22879,11100.0
ULTRAMAR,2026-09-21,23982,59.48,40322,1670,435.0
UMESLTD,2026-09-21,39184,46.96,83442,337,4.25
UMIYA-MRO,2026-09-21,3639,65.26,5576,211,98.33
UNICHEMLAB,2026-09-21,13822,19.02,72661,4023,540.65
UNIDT,2026-09-21,8370,63.12,13261,378,222.44
UNIECOM,2026-09-21,172725,44.5,388179,4036,81.11
UNIENTER,2026-09-21,587,74.02,793,34,91.82
UNIINFO,2026-09-21,1326,97.14,1365,18,11.33
UNIMECH,2026-09-21,243441,40.0,608531,51287,1698.4
UNIONBANK,2026-09-21,2201722,53.56,4110898,45034,178.09
UNIONGOLD,2026-09-21,1407,75.24,1870,142,148.3
UNIPARTS,2026-09-21,55623,45.68,121769,12345,854.85
UNITDSPR,2026-09-21,466661,60.31,773709,22052,1397.0
UNITECH,2026-09-21,2395682,74.78,3203657,2515,4.13
UNITEDPOLY,2026-09-21,284551,41.73,681850,1717,46.05
UNITEDTEA,2026-09-21,815,64.02,1273,138,430.05
UNIVCABLES,2026-09-21,36007,42.18,85373,11401,1477.5
UNOMINDA,2026-09-21,303618,42.39,716308,33224,1227.5
UPHOT,2026-09-21,1,100.0,1,1,1450.0
UPL,2026-09-21,1788626,66.46,2691176,30997,559.9
URBANCO,2026-09-21,2365563,36.45,6489690,48000,173.4
URJA,2026-09-21,358135,63.32,565619,2243,9.06
USHAMART,2026-09-21,1100500,32.99,3336342,73521,533.9
USK,2026-09-21,17412,71.94,24203,243,20.12
UTIAMC,2026-09-21,64762,50.13,129186,10321,924.8
UTKARSHBNK,2026-09-21,2532725,53.36,4746656,5670,14.0
UTLSOLAR,2026-09-21,85682,50.97,168108,11295,422.05
UTTAMSUGAR,2026-09-21,56558,43.07,131313,3982,256.05
V2RETAIL,2026-09-21,381111,53.84,707901,19625,210.85
VADILALIND,2026-09-21,5254,32.27,16279,4566,7415.0
VADILENT,2026-09-21,56,98.25,57,14,10500.0
VAIBHAVGBL,2026-09-21,97863,53.26,183735,4491,208.01
VAISHALI,2026-09-21,271387,58.46,464234,801,8.24
VAKRANGEE,2026-09-21,1184761,61.18,1936392,2495,5.16
VAL30IETF,2026-09-21,45793,55.01,83251,425,14.84
VALIANTORG,2026-09-21,80261,64.19,125042,2693,422.95
VALUE,2026-09-21,11938,82.91,14398,98,15.8
VALUEAXIS,2026-09-21,20984,53.84,38978,286,32.16
VAML,2026-09-21,6653515,72.1,9228590,141597,413.05
VARDMNPOLY,2026-09-21,94027,68.78,136697,341,5.79
VARROC,2026-09-21,104992,44.93,233688,16173,872.55
VASCONEQ,2026-09-21,722004,52.35,1379202,5483,32.18
VASUPRADA,2026-09-21,684,100.0,684,5,98.0
VASWANI,2026-09-21,8828,59.36,14873,369,46.1
VBL,2026-09-21,2446525,49.52,4940296,48143,425.0
VEDAVAAG,2026-09-21,44312,67.99,65171,499,22.85
VEDL,2026-09-21,3499279,53.02,6600043,60737,260.5
VEDPOWER,2026-09-21,3707965,62.22,5959497,30070,30.78
VEEDOL,2026-09-21,6693,68.48,9774,1045,1357.0
VENKEYS,2026-09-21,22595,52.93,42692,5125,1640.3
VENTIVE,2026-09-21,16256,66.68,24379,1153,556.75
VENUSPIPES,2026-09-21,145203,29.7,488921,48748,2231.2
VENUSREM,2026-09-21,15590,46.03,33871,2908,1593.2
VERANDA,2026-09-21,167739,49.45,339186,5863,229.17
VERTOZ,2026-09-21,28606,82.79,34552,425,36.93
VESUVIUS,2026-09-21,27659,64.12,43139,3130,397.75
VETO,2026-09-21,210297,57.55,365390,3768,143.78
VGCL,2026-09-21,2224,79.57,2795,87,47.14
VGL,2026-09-21,247209,51.68,478309,2846,69.03
VGUARD,2026-09-21,129482,50.65,255648,12344,324.95
VHL,2026-09-21,318,69.28,459,134,3339.1
VIDHIING,2026-09-21,32114,65.88,48745,1448,354.45
VIDYAWIRES,2026-09-21,321395,67.88,473456,4713,85.45
VIJAYA,2026-09-21,39268,36.65,107149,13195,1556.1
VIJSOLX,2026-09-21,117,96.69,121,17,634.95
VIKASECO,2026-09-21,646476,60.03,1076975,1019,1.04
VIKASLIFE,2026-09-21,1359861,57.57,2362237,7540,1.23
VIKRAMSOLR,2026-09-21,480697,43.22,1112179,12262,163.75
VIKRAN,2026-09-21,382717,58.6,653079,3640,56.16
VIMTALABS,2026-09-21,92002,33.3,276255,13847,616.05
VINATIORGA,2026-09-21,38766,62.25,62279,8290,1222.1
VINCOFE,2026-09-21,564141,35.28,1599235,21294,176.33
VINDHYATEL,2026-09-21,66200,38.71,171023,17530,2853.2
VINEETLAB,2026-09-21,54056,57.34,94270,626,35.54
VINNY,2026-09-21,528601,93.49,565418,380,0.93
VINYLINDIA,2026-09-21,5234,78.55,6663,429,216.69
VIPCLOTHNG,2026-09-21,54136,81.81,66170,197,21.25
VIPIND,2026-09-21,97755,41.07,238038,4660,295.9
VIRAT,2026-09-21,5667,69.22,8187,389,371.95
VIRINCHI,2026-09-21,23998,84.3,28467,145,13.98
VISACHROME,2026-09-21,34903,90.6,38525,160,31.59
VISAKAIND,2026-09-21,109035,54.84,198835,3079,95.42
VISHAL,2026-09-21,19549,74.44,26263,371,18.17
VISHNU,2026-09-21,31541,48.56,64952,4286,716.5
VISHWARAJ,2026-09-21,82339,41.83,196853,546,5.27
VISL,2026-09-21,8875037,61.66,14393797,41390,30.68
VITAL,2026-09-21,3021,99.93,3023,21,54.9
VIVIANA,2026-09-21,21392,53.56,39938,2294,732.6
VIVIDHA,2026-09-21,132456,57.17,231678,165,0.52
VIVOBIOT,2026-09-21,11930,88.94,13414,140,16.21
VIYASH,2026-09-21,850467,53.08,1602344,27169,251.65
VLEGOV,2026-09-21,40914,85.44,47887,282,10.09
VLSFINANCE,2026-09-21,1512,60.5,2499,130,238.14
VMART,2026-09-21,40257,56.69,71017,7443,808.8
VMM,2026-09-21,3538549,54.12,6538236,21027,101.65
VMSTMT,2026-09-21,33375,80.98,41216,461,48.62
VOEPL,2026-09-21,22246,61.4,36231,1742,494.4
VOGL,2026-09-21,7538292,50.93,14800747,45190,33.87
VOITHPAPR,2026-09-21,1184,77.79,1522,152,1432.4
VOLTAMP,2026-09-21,5544,48.09,11529,5519,10802.0
VOLTAS,2026-09-21,328116,36.99,887002,28617,1142.1
VPRPL,2026-09-21,158442,49.54,319837,1946,33.96
VRAJ,2026-09-21,16952,61.4,27611,888,128.65
VRLLOG,2026-09-21,53203,55.14,96495,4334,292.25
VSSL,2026-09-21,80587,54.82,146996,5938,410.8
VSTIND,2026-09-21,52996,68.72,77120,2620,206.76
VSTL,2026-09-21,4467,73.31,6093,207,114.48
VSTTILLERS,2026-09-21,5849,51.31,11400,2602,4290.7
VTL,2026-09-21,111248,47.22,235586,15574,554.15
VTMLTD,2026-09-21,25228,67.36,37450,292,46.26
WAAREEENER,2026-09-21,218016,44.31,492008,34909,2499.0
WAAREEINDO,2026-09-21,113193,41.43,273231,5146,255.1
WAAREERTL,2026-09-21,40459,47.46,85244,7245,813.9
WABAG,2026-09-21,164048,41.65,393829,25849,2099.5
WAKEFIT,2026-09-21,64837,45.01,144051,2335,146.66
WALCHANNAG,2026-09-21,144342,51.26,281568,6471,201.18
WANBURY,2026-09-21,57358,34.68,165372,5212,227.55
WARDINMOBI,2026-09-21,205674,72.81,282494,680,5.61
WATERBASE,2026-09-21,30641,81.51,37593,400,44.99
WCIL,2026-09-21,91639,37.44,244766,2619,95.59
WEALTH,2026-09-21,809,67.53,1198,168,822.55
WEBELSOLAR,2026-09-21,713207,56.32,1266424,10428,72.03
WEIZMANIND,2026-09-21,1010,66.45,1520,34,71.76
WEL,2026-09-21,259718,60.34,430400,2047,76.58
WELCORP,2026-09-21,698283,27.44,2544698,149011,2762.7
WELENT,2026-09-21,1206231,56.37,2139760,42810,784.7
WELSPLSOL,2026-09-21,329900,50.08,658809,4542,55.74
WELSPUNLIV,2026-09-21,1077369,39.87,2702207,29238,215.87
WENDT,2026-09-21,3243,54.72,5926,1838,8640.5
WESTLIFE,2026-09-21,48514,57.51,84362,4951,564.1
WEWIN,2026-09-21,1804,98.1,1839,34,42.4
WEWORK,2026-09-21,125908,59.75,210715,19280,672.35
WHBRADY,2026-09-21,306,65.52,467,53,472.55
WHEELS,2026-09-21,44059,28.76,153183,12989,2174.9
WHIRLPOOL,2026-09-21,117883,37.24,316569,16229,723.65
WILLAMAGOR,2026-09-21,1120,53.41,2097,61,23.67
WINDLAS,2026-09-21,61868,46.7,132476,14385,1129.4
WINDMACHIN,2026-09-21,8875,51.92,17092,543,295.85
WIPL,2026-09-21,24,77.42,31,9,165.44
WIPRO,2026-09-21,3670332,39.54,9282035,67278,164.55
WOCKPHARMA,2026-09-21,453157,25.58,1771282,94467,2187.3
WONDERLA,2026-09-21,49150,65.89,74597,5368,511.95
WORTHPERI,2026-09-21,1610,74.88,2150,89,148.33
WPIL,2026-09-21,70470,33.63,209534,6408,446.95
WSI,2026-09-21,13027,64.4,20228,453,57.32
WSTCSTPAPR,2026-09-21,80399,41.69,192861,14875,760.25
XCHANGING,2026-09-21,44185,71.67,61650,734,61.31
XELPMOC,2026-09-21,6630,67.26,9857,204,73.88
XPROINDIA,2026-09-21,40586,62.38,65058,6453,1195.1
XTGLOBAL,2026-09-21,6977,19.5,35773,255,30.01
XTRANET,2026-09-21,602264,25.63,2349427,37883,341.43
YASHO,2026-09-21,5136,46.24,11108,2868,3945.8
YATHARTH,2026-09-21,170523,30.51,558832,27481,1125.3
YATRA,2026-09-21,174017,51.48,338002,3353,103.69
YESBANK,2026-09-21,27031493,51.24,52755958,93804,23.17
YOGI,2026-09-21,70,100.0,70,4,162.0
YUKEN,2026-09-21,8582,53.82,15947,1606,1125.8
ZAGGLE,2026-09-21,420592,32.85,1280485,16421,180.01
ZEEL,2026-09-21,2852204,29.97,9517177,36165,77.68
ZEELEARN,2026-09-21,140524,75.79,185411,422,6.77
ZEEMEDIA,2026-09-21,457037,59.29,770808,1179,7.31
ZENITHEXPO,2026-09-21,200,100.0,200,9,197.0
ZENITHSTL,2026-09-21,161793,63.33,255470,617,5.31
ZENSARTECH,2026-09-21,344833,37.72,914306,21192,436.4
ZENTEC,2026-09-21,60672,36.35,166893,16018,1687.2
ZFCVINDIA,2026-09-21,68587,55.35,123925,28743,2362.6
ZFSTEERING,2026-09-21,2796,69.14,4044,378,693.65
ZIMLAB,2026-09-21,59545,58.57,101668,1655,133.65
ZODIAC,2026-09-21,9512,57.19,16631,1141,230.26
ZODIACLOTH,2026-09-21,2351,73.61,3194,61,69.51
ZOTA,2026-09-21,153860,38.35,401249,23253,1287.8
ZSARACOM,2026-09-21,21,65.63,32,24,10282.0
ZUARI,2026-09-21,32596,46.47,70147,1938,222.84
ZUARIIND,2026-09-21,69596,60.5,115028,2905,272.6
ZYDUSLIFE,2026-09-21,498594,57.68,864429,21058,1161.0
ZYDUSWELL,2026-09-21,52169,39.66,131531,8728,530.45
